mtllib chapter1_1.mtl
o Default
v 0 1 0
v 0 1 -1
v 1 1 -1
v 1 1 0
v 0 1 2
v 1 1 1
v 0 1 1
v 1 1 2
v 2 1 3
v 3 1 2
v 2 1 2
v 3 1 3
v -2 1 4
v -1 1 3
v -2 1 3
v -1 1 4
v 0 1 5
v 1 1 4
v 0 1 4
v 1 1 5
v 0 1 6
v 1 1 5
v 0 1 5
v 1 1 6
v 0 1 7
v 1 1 6
v 0 1 6
v 1 1 7
v -1 1 8
v 0 1 7
v -1 1 7
v 0 1 8
v 15 0 16
v 16 0 15
v 15 1 15
v 16 0 16
v 0 1 10
v 1 1 9
v 0 1 9
v 1 1 10
v 0 1 11
v 1 1 10
v 0 1 10
v 1 1 11
v 1 1 12
v 2 1 11
v 1 1 11
v 2 1 12
v -1 1 14
v 0 1 13
v -1 1 13
v 0 1 14
v 1 1 15
v 2 1 14
v 1 1 14
v 2 1 15
v -14 1 -13
v -13 1 -14
v -14 1 -14
v -13 1 -13
v -3 1 -1
v -2 1 -2
v -3 1 -2
v -2 1 -1
v -2 1 -3
v -1 1 -4
v -2 1 -4
v -1 1 -3
v -6 1 -6
v -5 1 -7
v -6 1 -7
v -5 1 -6
v -3 1 -3
v -2 1 -4
v -3 1 -4
v -2 1 -3
v 0 1 -5
v 1 1 -6
v 0 1 -6
v 1 1 -5
v 0 1 -6
v 1 1 -7
v 0 1 -7
v 1 1 -6
v 0 1 -7
v 1 1 -8
v 0 1 -8
v 1 1 -7
v 1 1 -8
v 2 1 -9
v 1 1 -9
v 2 1 -8
v 0 1 -9
v 1 1 -10
v 0 1 -10
v 1 1 -9
v 0 1 -10
v 1 1 -11
v 0 1 -11
v 1 1 -10
v 2 1 -11
v 3 1 -12
v 2 1 -12
v 3 1 -11
v 0 1 -12
v 1 1 -13
v 0 1 -13
v 1 1 -12
v 0 1 -13
v 1 1 -14
v 0 1 -14
v 1 1 -13
v -1 1 -14
v 0 1 -15
v -1 1 -15
v 0 1 -14
v 1 1 -15
v 2 0 -16
v 1 0 -16
v 2 1 -15
v 0 1 -15
v 1 0 -16
v 0 0 -16
v 1 1 -15
v -1 1 -15
v 0 0 -16
v -1 0 -16
v 0 1 -15
v -2 1 -15
v -1 0 -16
v -2 0 -16
v -1 1 -15
v -15 1 -15
v -14 0 -16
v -15 0 -16
v -14 1 -15
v -3 1 -15
v -2 0 -16
v -3 0 -16
v -2 1 -15
v -4 1 -15
v -3 0 -16
v -4 0 -16
v -3 1 -15
v -5 1 -15
v -4 0 -16
v -5 0 -16
v -4 1 -15
v -7 1 -15
v -6 0 -16
v -7 0 -16
v -6 1 -15
v -8 1 -15
v -7 0 -16
v -8 0 -16
v -7 1 -15
v -9 1 -15
v -8 0 -16
v -9 0 -16
v -8 1 -15
v -10 1 -15
v -9 0 -16
v -10 0 -16
v -9 1 -15
v -11 1 -15
v -10 0 -16
v -11 0 -16
v -10 1 -15
v -12 1 -15
v -11 0 -16
v -12 0 -16
v -11 1 -15
v -13 1 -15
v -12 0 -16
v -13 0 -16
v -12 1 -15
v -14 1 -15
v -13 0 -16
v -14 0 -16
v -13 1 -15
v -16 0 -15
v -15 0 -16
v -16 0 -16
v -15 1 -15
v 2 1 -15
v 3 0 -16
v 2 0 -16
v 3 1 -15
v 3 1 -15
v 4 0 -16
v 3 0 -16
v 4 1 -15
v 4 1 -15
v 5 0 -16
v 4 0 -16
v 5 1 -15
v 5 1 -15
v 6 0 -16
v 5 0 -16
v 6 1 -15
v 6 1 -15
v 7 0 -16
v 6 0 -16
v 7 1 -15
v 7 1 -15
v 8 0 -16
v 7 0 -16
v 8 1 -15
v 8 1 -15
v 9 0 -16
v 8 0 -16
v 9 1 -15
v 9 1 -15
v 10 0 -16
v 9 0 -16
v 10 1 -15
v 10 1 -15
v 11 0 -16
v 10 0 -16
v 11 1 -15
v 11 1 -15
v 12 0 -16
v 11 0 -16
v 12 1 -15
v 2 1 0
v 3 1 -1
v 2 1 -1
v 3 1 0
v 11 1 -14
v 12 1 -15
v 11 1 -15
v 12 1 -14
v 13 1 -15
v 14 0 -16
v 13 0 -16
v 14 1 -15
v 14 1 -15
v 15 0 -16
v 14 0 -16
v 15 1 -15
v 1 1 -1
v 2 1 -2
v 1 1 -2
v 2 1 -1
v 15 1 -14
v 16 0 -15
v 15 1 -15
v 16 0 -14
v 15 1 -13
v 16 0 -14
v 15 1 -14
v 16 0 -13
v 15 1 -12
v 16 0 -13
v 15 1 -13
v 16 0 -12
v 15 1 -11
v 16 0 -12
v 15 1 -12
v 16 0 -11
v 15 1 -10
v 16 0 -11
v 15 1 -11
v 16 0 -10
v 15 1 -9
v 16 0 -10
v 15 1 -10
v 16 0 -9
v 15 1 -8
v 16 0 -9
v 15 1 -9
v 16 0 -8
v 15 1 -7
v 16 0 -8
v 15 1 -8
v 16 0 -7
v 15 1 -6
v 16 0 -7
v 15 1 -7
v 16 0 -6
v 15 1 -5
v 16 0 -6
v 15 1 -6
v 16 0 -5
v 15 1 -4
v 16 0 -5
v 15 1 -5
v 16 0 -4
v 15 1 -3
v 16 0 -4
v 15 1 -4
v 16 0 -3
v 15 1 -2
v 16 0 -3
v 15 1 -3
v 16 0 -2
v 14 1 -4
v 15 1 -5
v 14 1 -5
v 15 1 -4
v 14 1 -1
v 15 1 -2
v 14 1 -2
v 15 1 -1
v 14 1 -2
v 15 1 -3
v 14 1 -3
v 15 1 -2
v 15 1 -1
v 16 0 -2
v 15 1 -2
v 16 0 -1
v 15 1 0
v 16 0 -1
v 15 1 -1
v 16 0 0
v 15 1 1
v 16 0 0
v 15 1 0
v 16 0 1
v 15 1 2
v 16 0 1
v 15 1 1
v 16 0 2
v 15 1 3
v 16 0 2
v 15 1 2
v 16 0 3
v 15 1 4
v 16 0 3
v 15 1 3
v 16 0 4
v 15 1 5
v 16 0 4
v 15 1 4
v 16 0 5
v 15 1 6
v 16 0 5
v 15 1 5
v 16 0 6
v 15 1 8
v 16 0 7
v 15 1 7
v 16 0 8
v 15 1 9
v 16 0 8
v 15 1 8
v 16 0 9
v 14 1 9
v 15 1 8
v 14 1 8
v 15 1 9
v 15 1 10
v 16 0 9
v 15 1 9
v 16 0 10
v 15 1 11
v 16 0 10
v 15 1 10
v 16 0 11
v 15 1 12
v 16 0 11
v 15 1 11
v 16 0 12
v 15 1 13
v 16 0 12
v 15 1 12
v 16 0 13
v 15 1 15
v 16 0 14
v 15 1 14
v 16 0 15
v 15 1 14
v 16 0 13
v 15 1 13
v 16 0 14
v 8 1 -1
v 9 1 -2
v 8 1 -2
v 9 1 -1
v 1 1 0
v 2 1 -1
v 1 1 -1
v 2 1 0
v 9 1 -1
v 10 1 -2
v 9 1 -2
v 10 1 -1
v 9 1 -2
v 10 1 -3
v 9 1 -3
v 10 1 -2
v 9 1 -3
v 10 1 -4
v 9 1 -4
v 10 1 -3
v 9 1 -4
v 10 1 -5
v 9 1 -5
v 10 1 -4
v 7 1 -4
v 8 1 -5
v 7 1 -5
v 8 1 -4
v 4 1 -5
v 6 0.5 -6
v 4 1 -6
v 5 1 -5
v 4 1 -4
v 5 1 -5
v 4 1 -5
v 5 1 -4
v 5 1 15
v 6 1 14
v 5 1 14
v 6 1 15
v -16 0 0
v -15 1 -1
v -16 0 -1
v -15 1 0
v -16 0 1
v -15 1 0
v -16 0 0
v -15 1 1
v -16 0 2
v -15 1 1
v -16 0 1
v -15 1 2
v -16 0 3
v -15 1 2
v -16 0 2
v -15 1 3
v -16 0 4
v -15 1 3
v -16 0 3
v -15 1 4
v 0 1 15
v 1 1 14
v 0 1 14
v 1 1 15
v -6 1 -15
v -5 0 -16
v -6 0 -16
v -5 1 -15
v -16 0 -14
v -15 1 -15
v -16 0 -15
v -15 1 -14
v -16 0 -13
v -15 1 -14
v -16 0 -14
v -15 1 -13
v -16 0 -12
v -15 1 -13
v -16 0 -13
v -15 1 -12
v -16 0 -11
v -15 1 -12
v -16 0 -12
v -15 1 -11
v -16 0 -10
v -15 1 -11
v -16 0 -11
v -15 1 -10
v -16 0 -9
v -15 1 -10
v -16 0 -10
v -15 1 -9
v -16 0 -8
v -15 1 -9
v -16 0 -9
v -15 1 -8
v -16 0 -7
v -15 1 -8
v -16 0 -8
v -15 1 -7
v -16 0 -6
v -15 1 -7
v -16 0 -7
v -15 1 -6
v -16 0 -5
v -15 1 -6
v -16 0 -6
v -15 1 -5
v -16 0 -4
v -15 1 -5
v -16 0 -5
v -15 1 -4
v -16 0 -3
v -15 1 -4
v -16 0 -4
v -15 1 -3
v -16 0 -2
v -15 1 -3
v -16 0 -3
v -15 1 -2
v -16 0 -1
v -15 1 -2
v -16 0 -2
v -15 1 -1
v 3 1 -4
v 4 1 -5
v 3 1 -5
v 4 1 -4
v 12 1 -15
v 13 0 -16
v 12 0 -16
v 13 1 -15
v 15 1 -15
v 16 0 -16
v 15 0 -16
v 16 0 -15
v -15 1 -12
v -14 1 -13
v -15 1 -13
v -14 1 -12
v -14 1 -12
v -13 1 -13
v -14 1 -13
v -13 1 -12
v -13 1 -12
v -12 1 -13
v -13 1 -13
v -12 1 -12
v 2 1 -2
v 3 1 -3
v 2 1 -3
v 3 1 -2
v -14 1 -10
v -13 1 -11
v -14 1 -11
v -13 1 -10
v 1 1 -2
v 2 1 -3
v 1 1 -3
v 2 1 -2
v 1 1 -4
v 2 1 -5
v 1 1 -5
v 2 1 -4
v -16 0 9
v -15 1 8
v -16 0 8
v -15 1 9
v -16 0 10
v -15 1 9
v -16 0 9
v -15 1 10
v -16 0 11
v -15 1 10
v -16 0 10
v -15 1 11
v -16 0 12
v -15 1 11
v -16 0 11
v -15 1 12
v -16 0 13
v -15 1 12
v -16 0 12
v -15 1 13
v -16 0 14
v -15 1 13
v -16 0 13
v -15 1 14
v -16 0 16
v -15 1 15
v -16 0 15
v -15 0 16
v -16 0 15
v -15 1 14
v -16 0 14
v -15 1 15
v -6 0 16
v -5 1 15
v -6 1 15
v -5 0 16
v -15 0 16
v -14 1 15
v -15 1 15
v -14 0 16
v -13 0 16
v -12 1 15
v -13 1 15
v -12 0 16
v -14 0 16
v -13 1 15
v -14 1 15
v -13 0 16
v -12 0 16
v -11 1 15
v -12 1 15
v -11 0 16
v -10 0 16
v -9 1 15
v -10 1 15
v -9 0 16
v -11 0 16
v -10 1 15
v -11 1 15
v -10 0 16
v -9 0 16
v -8 1 15
v -9 1 15
v -8 0 16
v -7 0 16
v -6 1 15
v -7 1 15
v -6 0 16
v 14 0 16
v 15 1 15
v 14 1 15
v 15 0 16
v -16 0 7
v -15 1 6
v -16 0 6
v -15 1 7
v -13 1 -13
v -12 1 -14
v -13 1 -14
v -12 1 -13
v -13 1 -11
v -12 1 -12
v -13 1 -12
v -12 1 -11
v -8 0 16
v -7 1 15
v -8 1 15
v -7 0 16
v -15 1 -14
v -14 1 -15
v -15 1 -15
v -14 1 -14
v -14 1 -14
v -13 1 -15
v -14 1 -15
v -13 1 -14
v -9 1 -14
v -8 1 -15
v -9 1 -15
v -8 1 -14
v -15 1 -13
v -14 1 -14
v -15 1 -14
v -14 1 -13
v -10 1 -13
v -9 1 -14
v -10 1 -14
v -9 1 -13
v -11 1 -14
v -10 1 -15
v -11 1 -15
v -10 1 -14
v -4 1 -13
v -3 1 -14
v -4 1 -14
v -3 1 -13
v -6 1 -13
v -5 1 -14
v -6 1 -14
v -5 1 -13
v -5 1 -13
v -4 1 -14
v -5 1 -14
v -4 1 -13
v -8 1 -14
v -7 1 -15
v -8 1 -15
v -7 1 -14
v -7 1 -14
v -6 1 -15
v -7 1 -15
v -6 1 -14
v -10 1 -14
v -9 1 -15
v -10 1 -15
v -9 1 -14
v -13 1 -14
v -12 1 -15
v -13 1 -15
v -12 1 -14
v -12 1 -14
v -11 1 -15
v -12 1 -15
v -11 1 -14
v -7 1 -13
v -6 1 -14
v -7 1 -14
v -6 1 -13
v -5 1 -14
v -4 1 -15
v -5 1 -15
v -4 1 -14
v -3 1 -14
v -2 1 -15
v -3 1 -15
v -2 1 -14
v -4 1 -14
v -3 1 -15
v -4 1 -15
v -3 1 -14
v -6 1 -14
v -5 1 -15
v -6 1 -15
v -5 1 -14
v -12 1 -13
v -11 1 -14
v -12 1 -14
v -11 1 -13
v -15 1 -11
v -14 1 -12
v -15 1 -12
v -14 1 -11
v -14 1 -11
v -13 1 -12
v -14 1 -12
v -13 1 -11
v -8 1 -13
v -7 1 -14
v -8 1 -14
v -7 1 -13
v -10 1 -13
v -8 1 -14
v -9 1 -14
v -8 1 -13
v -11 1 -13
v -10 1 -14
v -11 1 -14
v -10 1 -13
v -15 1 4
v -14 1 3
v -15 1 3
v -14 1 4
v 3 1 -3
v 4 1 -4
v 3 1 -4
v 4 1 -3
v -15 1 7
v -14 1 6
v -15 1 6
v -14 1 7
v -16 0 6
v -15 1 5
v -16 0 5
v -15 1 6
v -16 0 5
v -15 1 4
v -16 0 4
v -15 1 5
v -15 1 5
v -14 1 4
v -15 1 4
v -14 1 5
v -8 5 -9
v -9.5 8.5 -8
v -9.5 8.5 -8
v -8 5 -8
v -5 1 -12
v -4 1 -13
v -5 1 -13
v -4 1 -12
v -3 1 -12
v -2 1 -13
v -3 1 -13
v -2 1 -12
v 2 1 -3
v 3 1 -4
v 2 1 -4
v 3 1 -3
v -15 1 -10
v -14 1 -11
v -15 1 -11
v -14 1 -10
v -15 1 -9
v -14 1 -10
v -15 1 -10
v -14 1 -9
v -15 1 -8
v -14 1 -9
v -15 1 -9
v -14 1 -8
v -15 1 -6
v -14 1 -7
v -15 1 -7
v -14 1 -6
v -15 1 -5
v -14 1 -6
v -15 1 -6
v -14 1 -5
v -15 1 -4
v -14 1 -5
v -15 1 -5
v -14 1 -4
v -15 1 -3
v -14 1 -4
v -15 1 -4
v -14 1 -3
v -15 1 -2
v -14 1 -3
v -15 1 -3
v -14 1 -2
v -15 1 -1
v -14 1 -2
v -15 1 -2
v -14 1 -1
v -15 1 0
v -14 1 -1
v -15 1 -1
v -14 1 0
v -15 1 2
v -14 1 1
v -15 1 1
v -14 1 2
v -15 1 3
v -14 1 2
v -15 1 2
v -14 1 3
v -15 1 1
v -14 1 0
v -15 1 0
v -14 1 1
v -14 1 -1
v -13 1 -2
v -14 1 -2
v -13 1 -1
v -14 1 -2
v -13 1 -3
v -14 1 -3
v -13 1 -2
v -14 1 -3
v -13 1 -4
v -14 1 -4
v -13 1 -3
v -14 1 -4
v -13 1 -5
v -14 1 -5
v -13 1 -4
v -14 1 -5
v -13 1 -6
v -14 1 -6
v -13 1 -5
v -15 1 -7
v -14 1 -8
v -15 1 -8
v -14 1 -7
v -14 1 -8
v -13 1 -9
v -14 1 -9
v -13 1 -8
v -14 1 -9
v -13 1 -10
v -14 1 -10
v -13 1 -9
v -14 1 -7
v -13 1 -8
v -14 1 -8
v -13 1 -7
v -14 1 -6
v -13 1 -7
v -14 1 -7
v -13 1 -6
v -13 1 -8
v -12 1 -9
v -13 1 -9
v -12 1 -8
v -13 1 -9
v -12 1 -10
v -13 1 -10
v -12 1 -9
v -13 1 -10
v -12 1 -11
v -13 1 -11
v -12 1 -10
v -12 1 -11
v -11 1 -12
v -12 1 -12
v -11 1 -11
v -12 1 -12
v -11 1 -13
v -12 1 -13
v -11 1 -12
v -11 1 -12
v -10 1 -13
v -11 1 -13
v -10 1 -12
v -10 1 -12
v -9 1 -13
v -10 1 -13
v -9 1 -12
v -9 1 -12
v -8 1 -13
v -9 1 -13
v -8 1 -12
v -9 1 -11
v -8 1 -12
v -9 1 -12
v -8 1 -11
v -6 1 -12
v -5 1 -13
v -6 1 -13
v -5 1 -12
v -4 1 -12
v -3 1 -13
v -4 1 -13
v -3 1 -12
v -3 1 -13
v -2 1 -14
v -3 1 -14
v -2 1 -13
v -2 1 -13
v -1 1 -14
v -2 1 -14
v -1 1 -13
v -1 1 -13
v 0 1 -14
v -1 1 -14
v 0 1 -13
v -2 1 -14
v -1 1 -15
v -2 1 -15
v -1 1 -14
v 0 1 -14
v 1 1 -15
v 0 1 -15
v 1 1 -14
v 1 1 -14
v 2 1 -15
v 1 1 -15
v 2 1 -14
v 4 1 -14
v 5 1 -15
v 4 1 -15
v 5 1 -14
v 5 1 -14
v 6 1 -15
v 5 1 -15
v 6 1 -14
v -1 1 -12
v 0 1 -13
v -1 1 -13
v 0 1 -12
v 6 1 -14
v 7 1 -15
v 6 1 -15
v 7 1 -14
v 7 1 -14
v 8 1 -15
v 7 1 -15
v 8 1 -14
v 8 1 -14
v 9 1 -15
v 8 1 -15
v 9 1 -14
v 9 1 -14
v 10 1 -15
v 9 1 -15
v 10 1 -14
v 10 1 -14
v 11 1 -15
v 10 1 -15
v 11 1 -14
v 12 1 -14
v 13 1 -15
v 12 1 -15
v 13 1 -14
v 13 1 -14
v 14 1 -15
v 13 1 -15
v 14 1 -14
v 14 1 -14
v 15 1 -15
v 14 1 -15
v 15 1 -14
v 14 1 -13
v 15 1 -14
v 14 1 -14
v 15 1 -13
v 14 1 -12
v 15 1 -13
v 14 1 -13
v 15 1 -12
v 14 1 -11
v 15 1 -12
v 14 1 -12
v 15 1 -11
v 14 1 -10
v 15 1 -11
v 14 1 -11
v 15 1 -10
v 14 1 -9
v 15 1 -10
v 14 1 -10
v 15 1 -9
v 14 1 -8
v 15 1 -9
v 14 1 -9
v 15 1 -8
v 14 1 -7
v 15 1 -8
v 14 1 -8
v 15 1 -7
v 14 1 -6
v 15 1 -7
v 14 1 -7
v 15 1 -6
v 14 1 -5
v 15 1 -6
v 14 1 -6
v 15 1 -5
v 14 1 -3
v 15 1 -4
v 14 1 -4
v 15 1 -3
v 3 1 -14
v 4 1 -15
v 3 1 -15
v 4 1 -14
v 2 1 -14
v 3 1 -15
v 2 1 -15
v 3 1 -14
v 2 1 -13
v 3 1 -14
v 2 1 -14
v 3 1 -13
v 1 1 -13
v 2 1 -14
v 1 1 -14
v 2 1 -13
v 1 1 -12
v 2 1 -13
v 1 1 -13
v 2 1 -12
v 6 1 -13
v 7 1 -14
v 6 1 -14
v 7 1 -13
v 7 1 -13
v 8 1 -14
v 7 1 -14
v 8 1 -13
v 8 1 -13
v 9 1 -14
v 8 1 -14
v 9 1 -13
v 11 1 -13
v 12 1 -14
v 11 1 -14
v 12 1 -13
v 9 1 -13
v 10 1 -14
v 9 1 -14
v 10 1 -13
v 10 1 -13
v 11 1 -14
v 10 1 -14
v 11 1 -13
v 12 1 -13
v 13 1 -14
v 12 1 -14
v 13 1 -13
v 13 1 -13
v 14 1 -14
v 13 1 -14
v 14 1 -13
v 5 1 -13
v 6 1 -14
v 5 1 -14
v 6 1 -13
v 4 1 -13
v 5 1 -14
v 4 1 -14
v 5 1 -13
v 3 1 -13
v 4 1 -14
v 3 1 -14
v 4 1 -13
v 2 1 -12
v 3 1 -13
v 2 1 -13
v 3 1 -12
v 4 1 -12
v 5 1 -13
v 4 1 -13
v 5 1 -12
v 8 0.5 -10
v 8 1 -11
v 8 0.5 -11
v 8 1 -10
v 7 1 -12
v 8 1 -13
v 7 1 -13
v 8 1 -12
v 9 1 -12
v 10 1 -13
v 9 1 -13
v 10 1 -12
v 8 1 -12
v 9 1 -13
v 8 1 -13
v 9 1 -12
v 12 1 -12
v 13 1 -13
v 12 1 -13
v 13 1 -12
v 10 1 -12
v 11 1 -13
v 10 1 -13
v 11 1 -12
v 11 1 -12
v 12 1 -13
v 11 1 -13
v 12 1 -12
v 13 1 -12
v 14 1 -13
v 13 1 -13
v 14 1 -12
v 6 1 -12
v 7 1 -13
v 6 1 -13
v 7 1 -12
v 5 1 -12
v 6 1 -13
v 5 1 -13
v 6 1 -12
v 7 0.5 -11
v 7 1 -12
v 6 1 -12
v 8 0.5 -11
v 8 1 -11
v 9 1 -12
v 8 1 -12
v 9 1 -11
v 8 0.5 -11
v 8 1 -12
v 7 1 -12
v 8 1 -11
v 11 1 -10
v 12 1 -11
v 11 1 -11
v 12 1 -10
v 9 1 -11
v 10 1 -12
v 9 1 -12
v 10 1 -11
v 11 1 -11
v 12 1 -12
v 11 1 -12
v 12 1 -11
v 12 1 -11
v 13 1 -12
v 12 1 -12
v 13 1 -11
v 13 1 -11
v 14 1 -12
v 13 1 -12
v 14 1 -11
v 13 1 -10
v 14 1 -11
v 13 1 -11
v 14 1 -10
v 13 1 -9
v 14 1 -10
v 13 1 -10
v 14 1 -9
v 12 1 -8
v 13 1 -9
v 12 1 -9
v 13 1 -8
v 6 0.5 -11
v 6 1 -12
v 5 1 -12
v 7 0.5 -11
v 10 1 -11
v 11 1 -12
v 10 1 -12
v 11 1 -11
v 10 0.5 -9
v 10 1 -10
v 9 1 -10
v 11 0.5 -9
v 4 1 -10
v 6 0.5 -11
v 4 1 -11
v 6 0.5 -10
v 3 1 -10
v 4 1 -11
v 3 1 -11
v 4 1 -10
v 0 1 -11
v 1 1 -12
v 0 1 -12
v 1 1 -11
v -7 1 -11
v -6 1 -12
v -7 1 -12
v -6 1 -11
v 3 1 -12
v 4 1 -13
v 3 1 -13
v 4 1 -12
v 1 1 -11
v 2 1 -12
v 1 1 -12
v 2 1 -11
v -4 1 -9
v -3 1 -10
v -4 1 -10
v -3 1 -9
v -4 1 -8
v -3 1 -9
v -4 1 -9
v -3 1 -8
v -2 1 -7
v -1 1 -8
v -2 1 -8
v -1 1 -7
v 1 1 -7
v 2 1 -8
v 1 1 -8
v 2 1 -7
v 3 1 -7
v 4 1 -8
v 3 1 -8
v 4 1 -7
v 2 1 -6
v 3 1 -7
v 2 1 -7
v 3 1 -6
v 1 1 -6
v 2 1 -7
v 1 1 -7
v 2 1 -6
v -4 1 -4
v -3 1 -5
v -4 1 -5
v -3 1 -4
v 0 1 -1
v 1 1 -2
v 0 1 -2
v 1 1 -1
v 2 1 -1
v 3 1 -2
v 2 1 -2
v 3 1 -1
v 1 1 1
v 2 1 0
v 1 1 0
v 2 1 1
v 0 1 1
v 1 1 0
v 0 1 0
v 1 1 1
v -3 1 2
v -2 1 1
v -3 1 1
v -2 1 2
v -1 1 1
v 0 1 0
v -1 1 0
v 0 1 1
v -1 1 3
v 0 1 2
v -1 1 2
v 0 1 3
v -1 1 4
v 0 1 3
v -1 1 3
v 0 1 4
v -2 1 5
v -1 1 4
v -2 1 4
v -1 1 5
v 2 1 6
v 3 1 5
v 2 1 5
v 3 1 6
v 5 1 8
v 6 1 7
v 5 1 7
v 6 1 8
v 5 1 9
v 6 1 8
v 5 1 8
v 6 1 9
v -1 1 9
v 0 1 8
v -1 1 8
v 0 1 9
v 0 1 9
v 1 1 8
v 0 1 8
v 1 1 9
v 5 1 10
v 6 1 9
v 5 1 9
v 6 1 10
v 5 1 11
v 6 1 10
v 5 1 10
v 6 1 11
v -3 1 10
v -2 1 9
v -3 1 9
v -2 1 10
v -2 1 9
v -1 1 8
v -2 1 8
v -1 1 9
v -3 1 8
v -2 1 7
v -3 1 7
v -2 1 8
v -2 1 8
v -1 1 7
v -2 1 7
v -1 1 8
v -1 1 7
v 0 1 6
v -1 1 6
v 0 1 7
v -11 1 -11
v -10 1 -12
v -11 1 -12
v -10 1 -11
v -5 1 -10
v -4 1 -11
v -5 1 -11
v -4 1 -10
v -2 1 -12
v -1 1 -13
v -2 1 -13
v -1 1 -12
v -8 1 -11
v -7 1 -12
v -8 1 -12
v -7 1 -11
v -1 1 -11
v 0 1 -12
v -1 1 -12
v 0 1 -11
v -6 1 -11
v -5 1 -12
v -6 1 -12
v -5 1 -11
v -10 2 -6
v -11 3 -6
v -10 3 -6
v -11 2 -6
v -9 2 -10
v -8 3 -10
v -9 3 -10
v -8 2 -10
v -10 1 -11
v -9 1 -12
v -10 1 -12
v -9 1 -11
v -7 1 -12
v -6 1 -13
v -7 1 -13
v -6 1 -12
v -9 4 -10
v -8 5 -10
v -9 5 -10
v -8 4 -10
v -2 1 -11
v -1 1 -12
v -2 1 -12
v -1 1 -11
v -3 1 -10
v -2 1 -11
v -3 1 -11
v -2 1 -10
v -7 1 -10
v -6 1 -11
v -7 1 -11
v -6 1 -10
v -6 1 -10
v -5 1 -11
v -6 1 -11
v -5 1 -10
v -4 1 -11
v -3 1 -12
v -4 1 -12
v -3 1 -11
v -5 1 -11
v -4 1 -12
v -5 1 -12
v -4 1 -11
v -3 1 -11
v -2 1 -12
v -3 1 -12
v -2 1 -11
v -4 1 -10
v -3 1 -11
v -4 1 -11
v -3 1 -10
v -6 1 -9
v -5 1 -10
v -6 1 -10
v -5 1 -9
v -7 1 -9
v -6 1 -10
v -7 1 -10
v -6 1 -9
v -6 1 -8
v -5 1 -9
v -6 1 -9
v -5 1 -8
v -3 1 -7
v -2 1 -8
v -3 1 -8
v -2 1 -7
v -2 1 -6
v -1 1 -7
v -2 1 -7
v -1 1 -6
v -3 1 -5
v -2 1 -6
v -3 1 -6
v -2 1 -5
v -5 1 -4
v -4 1 -5
v -5 1 -5
v -4 1 -4
v 0 1 -2
v 1 1 -3
v 0 1 -3
v 1 1 -2
v -4 1 -1
v -3 1 -2
v -4 1 -2
v -3 1 -1
v -8 1 -7
v -7 1 -8
v -8 1 -8
v -7 1 -7
v -4 1 1
v -3 1 0
v -4 1 0
v -3 1 1
v -1 1 2
v 0 1 1
v -1 1 1
v 0 1 2
v -11 1 3
v -10 1 2
v -11 1 2
v -10 1 3
v 0 1 3
v 1 1 2
v 0 1 2
v 1 1 3
v -2 1 3
v -1 1 2
v -2 1 2
v -1 1 3
v -4 1 4
v -3 1 3
v -4 1 3
v -3 1 4
v 0 1 4
v 1 1 3
v 0 1 3
v 1 1 4
v -1 1 5
v 0 1 4
v -1 1 4
v 0 1 5
v -3 1 3
v -2 1 2
v -3 1 2
v -2 1 3
v -10 1 3
v -9 1 2
v -10 1 2
v -9 1 3
v -5 1 4
v -4 1 3
v -5 1 3
v -4 1 4
v -13 1 2
v -12 1 1
v -13 1 1
v -12 1 2
v -5 1 3
v -4 1 2
v -5 1 2
v -4 1 3
v -9 1 2
v -8 0 1
v -9 0 1
v -8 1 2
v -14 1 0
v -13 1 -1
v -14 1 -1
v -13 1 0
v -10 1 2
v -9 0 1
v -10 1 1
v -9 1 2
v -6 1 -1
v -5 1 -2
v -6 1 -2
v -5 1 -1
v -7 0 0
v -6 1 -1
v -7 0 -1
v -6 1 0
v -10 1 1
v -9 0 0
v -10 1 0
v -9 0 1
v -11 1 -1
v -10 1 -2
v -11 1 -2
v -10 1 -1
v -2 1 -1
v -1 1 -2
v -2 1 -2
v -1 1 -1
v -5 1 0
v -4 1 -1
v -5 1 -1
v -4 1 0
v -5 1 1
v -4 1 0
v -5 1 0
v -4 1 1
v -4 1 0
v -3 1 -1
v -4 1 -1
v -3 1 0
v -11 1 -9
v -10 1 -10
v -11 1 -10
v -10 1 -9
v -2 1 2
v -1 1 1
v -2 1 1
v -1 1 2
v -4 1 2
v -3 1 1
v -4 1 1
v -3 1 2
v -6 1 0
v -5 1 -1
v -6 1 -1
v -5 1 0
v -7 1 -7
v -8 2 -7
v -7 2 -7
v -8 1 -7
v -3 1 -4
v -2 1 -5
v -3 1 -5
v -2 1 -4
v -7 1 -5
v -6 1 -6
v -7 1 -6
v -6 1 -5
v -6 1 -4
v -5 1 -5
v -6 1 -5
v -5 1 -4
v -7 1 -2
v -6 1 -3
v -7 1 -3
v -6 1 -2
v -9 0 -1
v -8 0 -2
v -9 0 -2
v -8 0 -1
v -7 0 -1
v -6 1 -2
v -7 1 -2
v -6 1 -1
v -6 1 2
v -5 1 1
v -6 1 1
v -5 1 2
v -5 1 -1
v -4 1 -2
v -5 1 -2
v -4 1 -1
v -9 1 -7
v -8 1 -8
v -9 1 -8
v -8 1 -7
v -11 1 -8
v -10 1 -9
v -11 1 -9
v -10 1 -8
v -11 1 -7
v -10 1 -8
v -11 1 -8
v -10 1 -7
v -10 2 -10
v -9 3 -10
v -10 3 -10
v -9 2 -10
v -9 5 -6
v -9.5 8.5 -8
v -9.5 8.5 -8
v -10 5 -6
v -11 2 -10
v -10 3 -10
v -11 3 -10
v -10 2 -10
v -10 4 -10
v -9 5 -10
v -10 5 -10
v -9 4 -10
v -10 1 -7
v -9 1 -8
v -10 1 -8
v -9 1 -7
v -10 1 -4
v -9 1 -5
v -10 1 -5
v -9 1 -4
v -10 1 0
v -9 0 -1
v -10 1 -1
v -9 0 0
v -11 1 2
v -10 1 1
v -11 1 1
v -10 1 2
v -10 1 -3
v -9 1 -4
v -10 1 -4
v -9 1 -3
v 0 1 -3
v 1 1 -4
v 0 1 -4
v 1 1 -3
v -11 1 -4
v -10 1 -5
v -11 1 -5
v -10 1 -4
v -12 1 -2
v -11 1 -3
v -12 1 -3
v -11 1 -2
v -13 1 -1
v -12 1 -2
v -13 1 -2
v -12 1 -1
v -13 1 -3
v -12 1 -4
v -13 1 -4
v -12 1 -3
v -11 5 -10
v -9.5 8.5 -8
v -9.5 8.5 -8
v -10 5 -10
v -13 1 -7
v -12 1 -8
v -13 1 -8
v -12 1 -7
v -13 1 -6
v -12 1 -7
v -13 1 -7
v -12 1 -6
v -13 1 -4
v -12 1 -5
v -13 1 -5
v -12 1 -4
v -13 1 -5
v -12 1 -6
v -13 1 -6
v -12 1 -5
v -12 1 -4
v -11 1 -5
v -12 1 -5
v -11 1 -4
v -8 5 -6
v -9.5 8.5 -8
v -9.5 8.5 -8
v -9 5 -6
v -11 2 -9
v -11 3 -10
v -11 3 -9
v -11 2 -10
v -10 1 -6
v -9 1 -7
v -10 1 -7
v -9 1 -6
v -9 1 -6
v -10 2 -6
v -9 2 -6
v -10 1 -6
v -11 1 -6
v -10 1 -7
v -11 1 -7
v -10 1 -6
v -11 1 -3
v -10 1 -4
v -11 1 -4
v -10 1 -3
v -11 1 1
v -10 1 0
v -11 1 0
v -10 1 1
v -11 1 -2
v -10 1 -3
v -11 1 -3
v -10 1 -2
v -11 1 0
v -10 1 -1
v -11 1 -1
v -10 1 0
v -12 1 -3
v -11 1 -4
v -12 1 -4
v -11 1 -3
v -12 1 -1
v -11 1 -2
v -12 1 -2
v -11 1 -1
v -14 1 1
v -13 1 0
v -14 1 0
v -13 1 1
v -13 1 -2
v -12 1 -3
v -13 1 -3
v -12 1 -2
v -12 1 0
v -11 1 -1
v -12 1 -1
v -11 1 0
v -12 1 1
v -11 1 0
v -12 1 0
v -11 1 1
v -12 1 2
v -11 1 1
v -12 1 1
v -11 1 2
v -12 1 3
v -11 1 2
v -12 1 2
v -11 1 3
v -12 1 4
v -11 1 3
v -12 1 3
v -11 1 4
v -12 1 5
v -11 1 4
v -12 1 4
v -11 1 5
v -13 1 6
v -12 1 5
v -13 1 5
v -12 1 6
v -13 1 5
v -12 1 4
v -13 1 4
v -12 1 5
v -14 1 4
v -13 1 3
v -14 1 3
v -13 1 4
v -13 1 4
v -12 1 3
v -13 1 3
v -12 1 4
v -13 1 3
v -12 1 2
v -13 1 2
v -12 1 3
v -14 1 2
v -13 1 1
v -14 1 1
v -13 1 2
v -13 1 0
v -12 1 -1
v -13 1 -1
v -12 1 0
v -13 1 1
v -12 1 0
v -13 1 0
v -12 1 1
v -14 1 3
v -13 1 2
v -14 1 2
v -13 1 3
v -14 1 5
v -13 1 4
v -14 1 4
v -13 1 5
v -15 1 6
v -14 1 5
v -15 1 5
v -14 1 6
v -14 1 6
v -13 1 5
v -14 1 5
v -13 1 6
v -14 1 7
v -13 1 6
v -14 1 6
v -13 1 7
v -14 1 8
v -13 1 7
v -14 1 7
v -13 1 8
v -15 1 8
v -14 1 7
v -15 1 7
v -14 1 8
v -15 1 9
v -14 1 8
v -15 1 8
v -14 1 9
v -15 1 10
v -14 1 9
v -15 1 9
v -14 1 10
v -15 1 11
v -14 1 10
v -15 1 10
v -14 1 11
v -13 1 13
v -12 1 12
v -13 1 12
v -12 1 13
v -15 1 13
v -14 1 12
v -15 1 12
v -14 1 13
v -15 1 14
v -14 1 13
v -15 1 13
v -14 1 14
v -15 1 15
v -14 1 14
v -15 1 14
v -14 1 15
v -14 1 15
v -13 1 14
v -14 1 14
v -13 1 15
v -13 1 15
v -12 1 14
v -13 1 14
v -12 1 15
v -12 1 15
v -11 1 14
v -12 1 14
v -11 1 15
v -11 1 15
v -10 1 14
v -11 1 14
v -10 1 15
v -10 1 15
v -9 1 14
v -10 1 14
v -9 1 15
v -9 1 15
v -8 1 14
v -9 1 14
v -8 1 15
v -8 1 15
v -7 1 14
v -8 1 14
v -7 1 15
v -7 1 15
v -6 1 14
v -7 1 14
v -6 1 15
v -6 1 15
v -5 1 14
v -6 1 14
v -5 1 15
v -5 1 15
v -4 1 14
v -5 1 14
v -4 1 15
v -4 1 15
v -3 1 14
v -4 1 14
v -3 1 15
v -3 1 15
v -2 1 14
v -3 1 14
v -2 1 15
v -2 1 15
v -1 1 14
v -2 1 14
v -1 1 15
v -8 1 2
v -7 0 1
v -8 0 1
v -7 1 2
v -1 1 11
v 0 1 10
v -1 1 10
v 0 1 11
v -1 1 10
v 0 1 9
v -1 1 9
v 0 1 10
v 0 1 12
v 1 1 11
v 0 1 11
v 1 1 12
v -2 1 14
v -1 1 13
v -2 1 13
v -1 1 14
v -1 1 12
v 0 1 11
v -1 1 11
v 0 1 12
v -2 1 12
v -1 1 11
v -2 1 11
v -1 1 12
v -3 1 14
v -2 1 13
v -3 1 13
v -2 1 14
v -4 1 14
v -3 1 13
v -4 1 13
v -3 1 14
v -6 1 14
v -5 1 13
v -6 1 13
v -5 1 14
v -8 1 14
v -7 1 13
v -8 1 13
v -7 1 14
v -7 1 14
v -6 1 13
v -7 1 13
v -6 1 14
v -8 1 13
v -7 1 12
v -8 1 12
v -7 1 13
v -9 1 14
v -8 1 13
v -9 1 13
v -8 1 14
v -10 1 14
v -9 1 13
v -10 1 13
v -9 1 14
v -11 1 14
v -10 1 13
v -11 1 13
v -10 1 14
v -12 1 14
v -11 1 13
v -12 1 13
v -11 1 14
v -13 1 14
v -12 1 13
v -13 1 13
v -12 1 14
v -14 1 14
v -13 1 13
v -14 1 13
v -13 1 14
v -14 1 13
v -13 1 12
v -14 1 12
v -13 1 13
v -12 1 13
v -11 1 12
v -12 1 12
v -11 1 13
v -11 1 13
v -10 1 12
v -11 1 12
v -10 1 13
v -9 3 13
v -8 3 12
v -9 3 12
v -8 3 13
v -5 1 14
v -4 1 13
v -5 1 13
v -4 1 14
v -3 1 13
v -2 1 12
v -3 1 12
v -2 1 13
v -4 1 13
v -3 1 12
v -4 1 12
v -3 1 13
v -5 1 13
v -4 1 12
v -5 1 12
v -4 1 13
v -6 1 13
v -5 1 12
v -6 1 12
v -5 1 13
v -6 1 10
v -5 1 9
v -6 1 9
v -5 1 10
v -10 1 13
v -9 1 12
v -10 1 12
v -9 1 13
v 3 1 10
v 4 1 9
v 3 1 9
v 4 1 10
v -12 1 12
v -11 1 11
v -12 1 11
v -11 1 12
v -15 1 12
v -14 1 11
v -15 1 11
v -14 1 12
v -14 1 12
v -13 1 11
v -14 1 11
v -13 1 12
v -14 1 11
v -13 1 10
v -14 1 10
v -13 1 11
v -14 1 10
v -13 1 9
v -14 1 9
v -13 1 10
v -14 1 9
v -13 1 8
v -14 1 8
v -13 1 9
v -13 1 9
v -12 1 8
v -13 1 8
v -12 1 9
v -10 1 7
v -11 2 7
v -10 2 7
v -11 1 7
v -13 1 8
v -12 1 7
v -13 1 7
v -12 1 8
v -13 1 10
v -12 1 9
v -13 1 9
v -12 1 10
v -13 1 11
v -12 1 10
v -13 1 10
v -12 1 11
v -12 1 11
v -11 1 10
v -12 1 10
v -11 1 11
v -12 1 10
v -11 1 9
v -12 1 9
v -11 1 10
v -12 1 9
v -11 1 8
v -12 1 8
v -11 1 9
v -12 1 7
v -11 1 6
v -12 1 6
v -11 1 7
v -12 1 8
v -11 1 7
v -12 1 7
v -11 1 8
v -11 1 7
v -10 1 6
v -11 1 6
v -10 1 7
v -11 1 5
v -10 1 4
v -11 1 4
v -10 1 5
v -11 3 8
v -10 3 7
v -11 3 7
v -10 3 8
v -12 1 6
v -11 1 5
v -12 1 5
v -11 1 6
v -11 1 6
v -10 1 5
v -11 1 5
v -10 1 6
v -6 1 3
v -5 1 2
v -6 1 2
v -5 1 3
v -8 1 3
v -7 1 2
v -8 1 2
v -7 1 3
v -7 1 2
v -6 1 1
v -7 0 1
v -6 1 2
v -5 1 2
v -4 1 1
v -5 1 1
v -4 1 2
v -10 3 -5
v -9 3 -6
v -10 3 -6
v -9 3 -5
v -7 0 1
v -6 1 0
v -7 0 0
v -6 1 1
v -10 1 -2
v -9 1 -3
v -10 1 -3
v -9 1 -2
v -8 1 -2
v -7 1 -3
v -8 1 -3
v -7 1 -2
v -9 1 -3
v -8 1 -4
v -9 1 -4
v -8 1 -3
v -9 1 -4
v -8 1 -5
v -9 1 -5
v -8 1 -4
v -9 1 -6
v -8 1 -7
v -9 1 -7
v -8 1 -6
v -8 1 -4
v -7 1 -5
v -8 1 -5
v -7 1 -4
v -8 1 -3
v -7 1 -4
v -8 1 -4
v -7 1 -3
v -10 5 -10
v -9.5 8.5 -8
v -9.5 8.5 -8
v -9 5 -10
v -8 1 -7
v -8 2 -6
v -8 2 -7
v -8 1 -6
v -8 4 -7
v -8 5 -6
v -8 5 -7
v -8 4 -6
v -11 2 -8
v -11 3 -9
v -11 3 -8
v -11 2 -9
v -8 1 -10
v -8 2 -9
v -8 2 -10
v -8 1 -9
v -9 1 -9
v -8 1 -10
v -9 1 -10
v -8 1 -9
v -10 1 -9
v -9 1 -10
v -10 1 -10
v -9 1 -9
v -10 1 -8
v -9 1 -9
v -10 1 -9
v -9 1 -8
v -9 1 -8
v -8 1 -9
v -9 1 -9
v -8 1 -8
v -8 5 -8
v -9.5 8.5 -8
v -9.5 8.5 -8
v -8 5 -7
v -5 1 -9
v -4 1 -10
v -5 1 -10
v -4 1 -9
v -3 1 -9
v -2 1 -10
v -3 1 -10
v -2 1 -9
v -2 1 -9
v -1 1 -10
v -2 1 -10
v -1 1 -9
v -2 1 -10
v -1 1 -11
v -2 1 -11
v -1 1 -10
v -7 1 -3
v -6 1 -4
v -7 1 -4
v -6 1 -3
v -1 1 -9
v 0 1 -10
v -1 1 -10
v 0 1 -9
v -1 1 -6
v 0 1 -7
v -1 1 -7
v 0 1 -6
v 0 1 -4
v 1 1 -5
v 0 1 -5
v 1 1 -4
v -1 1 -2
v 0 1 -3
v -1 1 -3
v 0 1 -2
v -1 1 0
v 0 1 -1
v -1 1 -1
v 0 1 0
v -1 1 -1
v 0 1 -2
v -1 1 -2
v 0 1 -1
v 2 1 -4
v 3 1 -5
v 2 1 -5
v 3 1 -4
v -1 1 -4
v 0 1 -5
v -1 1 -5
v 0 1 -4
v 12 1 0
v 13 1 -1
v 12 1 -1
v 13 1 0
v -1 1 -8
v 0 1 -9
v -1 1 -9
v 0 1 -8
v -2 1 -8
v -1 1 -9
v -2 1 -9
v -1 1 -8
v -3 1 -8
v -2 1 -9
v -3 1 -9
v -2 1 -8
v -5 1 -8
v -4 1 -9
v -5 1 -9
v -4 1 -8
v -6 1 -7
v -5 1 -8
v -6 1 -8
v -5 1 -7
v -7 1 -7
v -6 1 -8
v -7 1 -8
v -6 1 -7
v -4 1 -7
v -3 1 -8
v -4 1 -8
v -3 1 -7
v -5 1 -7
v -4 1 -8
v -5 1 -8
v -4 1 -7
v -5 1 -6
v -4 1 -7
v -5 1 -7
v -4 1 -6
v -8 2 -9
v -7 3 -9
v -8 3 -9
v -7 2 -9
v -7 1 -6
v -6 1 -7
v -7 1 -7
v -6 1 -6
v -6 1 -5
v -5 1 -6
v -6 1 -6
v -5 1 -5
v -2 1 -5
v -1 1 -6
v -2 1 -6
v -1 1 -5
v -4 1 -6
v -3 1 -7
v -4 1 -7
v -3 1 -6
v -3 1 -6
v -2 1 -7
v -3 1 -7
v -2 1 -6
v -5 1 -5
v -4 1 -6
v -5 1 -6
v -4 1 -5
v -2 1 -4
v -1 1 -5
v -2 1 -5
v -1 1 -4
v -7 1 -4
v -6 1 -5
v -7 1 -5
v -6 1 -4
v -5 1 -3
v -4 1 -4
v -5 1 -4
v -4 1 -3
v -6 1 -3
v -5 1 -4
v -6 1 -4
v -5 1 -3
v -6 1 -2
v -5 1 -3
v -6 1 -3
v -5 1 -2
v -6 1 1
v -5 1 0
v -6 1 0
v -5 1 1
v -5 1 -2
v -4 1 -3
v -5 1 -3
v -4 1 -2
v -2 1 -2
v -1 1 -3
v -2 1 -3
v -1 1 -2
v -4 1 -2
v -3 1 -3
v -4 1 -3
v -3 1 -2
v -4 1 -3
v -3 1 -4
v -4 1 -4
v -3 1 -3
v -3 1 -2
v -2 1 -3
v -3 1 -3
v -2 1 -2
v -3 1 0
v -2 1 -1
v -3 1 -1
v -2 1 0
v -2 1 0
v -1 1 -1
v -2 1 -1
v -1 1 0
v -2 1 1
v -1 1 0
v -2 1 0
v -1 1 1
v -3 1 4
v -2 1 3
v -3 1 3
v -2 1 4
v -4 1 3
v -3 1 2
v -4 1 2
v -3 1 3
v -9 1 3
v -8 1 2
v -9 1 2
v -8 1 3
v -7 1 3
v -6 1 2
v -7 1 2
v -6 1 3
v -7 1 4
v -6 1 3
v -7 1 3
v -6 1 4
v -6 1 5
v -5 1 4
v -6 1 4
v -5 1 5
v -9 1 4
v -8 1 3
v -9 1 3
v -8 1 4
v -6 1 4
v -5 1 3
v -6 1 3
v -5 1 4
v -8 1 4
v -7 1 3
v -8 1 3
v -7 1 4
v -10 1 4
v -9 1 3
v -10 1 3
v -9 1 4
v -8 1 6
v -7 1 5
v -8 1 5
v -7 1 6
v -10 1 5
v -9 1 4
v -10 1 4
v -9 1 5
v -10 1 6
v -9 1 5
v -10 1 5
v -9 1 6
v -6 1 6
v -5 1 5
v -6 1 5
v -5 1 6
v -3 1 7
v -2 1 6
v -3 1 6
v -2 1 7
v -7 1 6
v -6 1 5
v -7 1 5
v -6 1 6
v -8 1 7
v -7 1 6
v -8 1 6
v -7 1 7
v -7 1 5
v -6 1 4
v -7 1 4
v -6 1 5
v -9 1 6
v -8 1 5
v -9 1 5
v -8 1 6
v -9 1 7
v -8 1 6
v -9 1 6
v -8 1 7
v -8 1 5
v -7 1 4
v -8 1 4
v -7 1 5
v -11 1 7
v -11 2 8
v -11 2 7
v -11 1 8
v -10 1 8
v -9 1 7
v -10 1 7
v -9 1 8
v -9 1 8
v -8 1 7
v -9 1 7
v -8 1 8
v -10 1 11
v -9 1 10
v -10 1 10
v -9 1 11
v -10 1 9
v -9 1 8
v -10 1 8
v -9 1 9
v -11 1 9
v -10 1 8
v -11 1 8
v -10 1 9
v -11 1 10
v -10 1 9
v -11 1 9
v -10 1 10
v -11 1 12
v -10 1 11
v -11 1 11
v -10 1 12
v -9 1 12
v -8 1 11
v -9 1 11
v -8 1 12
v -8 0 -2
v -8 0 -1
v -8 1 -2
v -8 0 -1
v -9 1 11
v -8 1 10
v -9 1 10
v -8 1 11
v -11 1 11
v -10 1 10
v -11 1 10
v -10 1 11
v -10 1 10
v -9 1 9
v -10 1 9
v -9 1 10
v -9 1 9
v -8 1 8
v -9 1 8
v -8 1 9
v -7 1 9
v -6 1 8
v -7 1 8
v -6 1 9
v -8 1 8
v -7 1 7
v -8 1 7
v -7 1 8
v -8 1 9
v -7 1 8
v -8 1 8
v -7 1 9
v -8 1 10
v -7 1 9
v -8 1 9
v -7 1 10
v -8 1 11
v -7 1 10
v -8 1 10
v -7 1 11
v -8 1 12
v -7 1 11
v -8 1 11
v -7 1 12
v -7 1 12
v -6 1 11
v -7 1 11
v -6 1 12
v -7 1 11
v -6 1 10
v -7 1 10
v -6 1 11
v -7 1 10
v -6 1 9
v -7 1 9
v -6 1 10
v -7 1 8
v -6 1 7
v -7 1 7
v -6 1 8
v -6 1 8
v -5 1 7
v -6 1 7
v -5 1 8
v -6 1 9
v -5 1 8
v -6 1 8
v -5 1 9
v -7 1 13
v -6 1 12
v -7 1 12
v -6 1 13
v -5 1 12
v -4 1 11
v -5 1 11
v -4 1 12
v -5 1 10
v -4 1 9
v -5 1 9
v -4 1 10
v -9 2 12
v -9 3 13
v -9 3 12
v -9 2 13
v -6 1 12
v -5 1 11
v -6 1 11
v -5 1 12
v -4 1 11
v -3 1 10
v -4 1 10
v -3 1 11
v -5 1 11
v -4 1 10
v -5 1 10
v -4 1 11
v -3 1 9
v -2 1 8
v -3 1 8
v -2 1 9
v -4 1 9
v -3 1 8
v -4 1 8
v -3 1 9
v -4 1 8
v -3 1 7
v -4 1 7
v -3 1 8
v -4 1 6
v -3 1 5
v -4 1 5
v -3 1 6
v -3 1 6
v -2 1 5
v -3 1 5
v -2 1 6
v -3 1 5
v -2 1 4
v -3 1 4
v -2 1 5
v -4 1 5
v -3 1 4
v -4 1 4
v -3 1 5
v -5 1 5
v -4 1 4
v -5 1 4
v -4 1 5
v -5 1 6
v -4 1 5
v -5 1 5
v -4 1 6
v -4 1 7
v -3 1 6
v -4 1 6
v -3 1 7
v -13 1 7
v -12 1 6
v -13 1 6
v -12 1 7
v -1 1 6
v 0 1 5
v -1 1 5
v 0 1 6
v -2 1 7
v -1 1 6
v -2 1 6
v -1 1 7
v -6 1 7
v -5 1 6
v -6 1 6
v -5 1 7
v -5 1 7
v -4 1 6
v -5 1 6
v -4 1 7
v -5 1 8
v -4 1 7
v -5 1 7
v -4 1 8
v -5 1 9
v -4 1 8
v -5 1 8
v -4 1 9
v -4 1 12
v -3 1 11
v -4 1 11
v -3 1 12
v -3 1 12
v -2 1 11
v -3 1 11
v -2 1 12
v -2 1 13
v -1 1 12
v -2 1 12
v -1 1 13
v -2 1 11
v -1 1 10
v -2 1 10
v -1 1 11
v -4 1 10
v -3 1 9
v -4 1 9
v -3 1 10
v -3 1 11
v -2 1 10
v -3 1 10
v -2 1 11
v -2 1 10
v -1 1 9
v -2 1 9
v -1 1 10
v 0 1 8
v 1 1 7
v 0 1 7
v 1 1 8
v 1 1 9
v 2 1 8
v 1 1 8
v 2 1 9
v 1 1 10
v 2 1 9
v 1 1 9
v 2 1 10
v 1 1 11
v 2 1 10
v 1 1 10
v 2 1 11
v -8 4 -9
v -7 4 -8
v -8 4 -8
v -7 4 -9
v 2 1 12
v 3 1 11
v 2 1 11
v 3 1 12
v -1 1 15
v 0 1 14
v -1 1 14
v 0 1 15
v 2 1 13
v 3 1 12
v 2 1 12
v 3 1 13
v 2 1 11
v 3 1 10
v 2 1 10
v 3 1 11
v 2 1 10
v 3 1 9
v 2 1 9
v 3 1 10
v 2 1 9
v 3 1 8
v 2 1 8
v 3 1 9
v 6 1 10
v 7 1 9
v 6 1 9
v 7 1 10
v 2 1 4
v 3 1 3
v 2 1 3
v 3 1 4
v 4 1 4
v 5 1 3
v 4 1 3
v 5 1 4
v 4 1 3
v 5 1 2
v 4 1 2
v 5 1 3
v 4 1 1
v 5 1 0
v 4 1 0
v 5 1 1
v 4 1 0
v 5 1 -1
v 4 1 -1
v 5 1 0
v 5 1 -1
v 6 1 -2
v 5 1 -2
v 6 1 -1
v 6 1 -5
v 8 0.5 -6
v 7 0.5 -6
v 7 1 -5
v -10 1 7
v -9 1 6
v -10 1 6
v -9 1 7
v 3 1 0
v 4 1 -1
v 3 1 -1
v 4 1 0
v 5 1 -5
v 7 0.5 -6
v 6 0.5 -6
v 6 1 -5
v 4 1 -1
v 5 1 -2
v 4 1 -2
v 5 1 -1
v 4 1 -3
v 5 1 -4
v 4 1 -4
v 5 1 -3
v 3 1 -2
v 4 1 -3
v 3 1 -3
v 4 1 -2
v 3 1 -1
v 4 1 -2
v 3 1 -2
v 4 1 -1
v 5 1 -2
v 6 1 -3
v 5 1 -3
v 6 1 -2
v 5 1 -3
v 6 1 -4
v 5 1 -4
v 6 1 -3
v 5 1 1
v 6 1 0
v 5 1 0
v 6 1 1
v 7 1 1
v 8 1 0
v 7 1 0
v 8 1 1
v 8 1 0
v 9 1 -1
v 8 1 -1
v 9 1 0
v 10 1 -1
v 11 1 -2
v 10 1 -2
v 11 1 -1
v 8 1 1
v 9 1 0
v 8 1 0
v 9 1 1
v 7 1 3
v 8 1 2
v 7 1 2
v 8 0 3
v 6 1 5
v 7 1 4
v 6 1 4
v 7 1 5
v 7 1 4
v 8 0 3
v 7 1 3
v 8 0 4
v 11 0 3
v 12 1 2
v 11 1 2
v 12 0 3
v 7 1 7
v 8 0 6
v 7 1 6
v 8 0 7
v 2 1 8
v 3 1 7
v 2 1 7
v 3 1 8
v 12 1 5
v 12 2 4
v 12 2 5
v 12 1 4
v 8 1 10
v 9 1 9
v 8 1 9
v 9 1 10
v 7 1 11
v 8 1 10
v 7 1 10
v 8 1 11
v 8 1 11
v 9 1 10
v 8 1 10
v 9 1 11
v 11 1 11
v 12 1 10
v 11 1 10
v 12 1 11
v 8 1 12
v 9 1 11
v 8 1 11
v 9 1 12
v 8 1 13
v 9 1 12
v 8 1 12
v 9 1 13
v 10 1 13
v 11 1 12
v 10 1 12
v 11 1 13
v 6 1 13
v 7 1 12
v 6 1 12
v 7 1 13
v 9 1 13
v 10 1 12
v 9 1 12
v 10 1 13
v 13 1 14
v 14 1 13
v 13 1 13
v 14 1 14
v 5 1 14
v 6 1 13
v 5 1 13
v 6 1 14
v 11 1 14
v 12 1 13
v 11 1 13
v 12 1 14
v 10 1 15
v 11 1 14
v 10 1 14
v 11 1 15
v 7 1 14
v 8 1 13
v 7 1 13
v 8 1 14
v 9 1 14
v 10 1 13
v 9 1 13
v 10 1 14
v 12 1 14
v 13 1 13
v 12 1 13
v 13 1 14
v 2 1 14
v 3 1 13
v 2 1 13
v 3 1 14
v 4 1 12
v 5 1 11
v 4 1 11
v 5 1 12
v 6 1 14
v 7 1 13
v 6 1 13
v 7 1 14
v 10 1 11
v 11 1 10
v 10 1 10
v 11 1 11
v 6 1 11
v 7 1 10
v 6 1 10
v 7 1 11
v 14 1 11
v 15 1 10
v 14 1 10
v 15 1 11
v 14 1 10
v 15 1 9
v 14 1 9
v 15 1 10
v 10 1 10
v 11 1 9
v 10 1 9
v 11 1 10
v 9 1 10
v 10 1 9
v 9 1 9
v 10 1 10
v 9 1 9
v 10 1 8
v 9 1 8
v 10 1 9
v 11 1 9
v 12 1 8
v 11 1 8
v 12 1 9
v 9 1 8
v 10 0 7
v 9 0 7
v 10 1 8
v 5 1 7
v 6 1 6
v 5 1 6
v 6 1 7
v 6 1 8
v 7 1 7
v 6 1 7
v 7 1 8
v 10 1 9
v 11 1 8
v 10 1 8
v 11 1 9
v 6 1 6
v 7 1 5
v 6 1 5
v 7 1 6
v 14 1 8
v 15 1 7
v 14 1 7
v 15 1 8
v 7 1 6
v 8 0 5
v 7 1 5
v 8 0 6
v 1 1 6
v 2 1 5
v 1 1 5
v 2 1 6
v 5 1 6
v 6 1 5
v 5 1 5
v 6 1 6
v 6 1 7
v 7 1 6
v 6 1 6
v 7 1 7
v 3 1 6
v 4 1 5
v 3 1 5
v 4 1 6
v 4 1 7
v 5 1 6
v 4 1 6
v 5 1 7
v 3 1 7
v 4 1 6
v 3 1 6
v 4 1 7
v 8 1 8
v 9 0 7
v 8 0 7
v 9 1 8
v 1 1 7
v 2 1 6
v 1 1 6
v 2 1 7
v 1 1 8
v 2 1 7
v 1 1 7
v 2 1 8
v 2 1 7
v 3 1 6
v 2 1 6
v 3 1 7
v 3 1 8
v 4 1 7
v 3 1 7
v 4 1 8
v 4 1 8
v 5 1 7
v 4 1 7
v 5 1 8
v 8 1 9
v 9 1 8
v 8 1 8
v 9 1 9
v 7 1 8
v 8 0 7
v 7 1 7
v 8 1 8
v 4 1 9
v 5 1 8
v 4 1 8
v 5 1 9
v 6 1 9
v 7 1 8
v 6 1 8
v 7 1 9
v 7 1 9
v 8 1 8
v 7 1 8
v 8 1 9
v 7 1 10
v 8 1 9
v 7 1 9
v 8 1 10
v 3 1 9
v 4 1 8
v 3 1 8
v 4 1 9
v 4 1 10
v 5 1 9
v 4 1 9
v 5 1 10
v 3 1 11
v 4 1 10
v 3 1 10
v 4 1 11
v 3 1 12
v 4 1 11
v 3 1 11
v 4 1 12
v 5 1 13
v 6 1 12
v 5 1 12
v 6 1 13
v 5 1 12
v 6 1 11
v 5 1 11
v 6 1 12
v 4 1 11
v 5 1 10
v 4 1 10
v 5 1 11
v 4 1 13
v 5 1 12
v 4 1 12
v 5 1 13
v 3 1 13
v 4 1 12
v 3 1 12
v 4 1 13
v 3 1 15
v 4 1 14
v 3 1 14
v 4 1 15
v 4 1 15
v 5 1 14
v 4 1 14
v 5 1 15
v -16 0 8
v -15 1 7
v -16 0 7
v -15 1 8
v 6 1 15
v 7 1 14
v 6 1 14
v 7 1 15
v 7 1 15
v 8 1 14
v 7 1 14
v 8 1 15
v 8 1 15
v 9 1 14
v 8 1 14
v 9 1 15
v 9 1 15
v 10 1 14
v 9 1 14
v 10 1 15
v 12 1 15
v 13 1 14
v 12 1 14
v 13 1 15
v 11 1 15
v 12 1 14
v 11 1 14
v 12 1 15
v 13 1 15
v 14 1 14
v 13 1 14
v 14 1 15
v 14 1 15
v 15 1 14
v 14 1 14
v 15 1 15
v 14 1 14
v 15 1 13
v 14 1 13
v 15 1 14
v 10 1 14
v 11 1 13
v 10 1 13
v 11 1 14
v 8 1 14
v 9 1 13
v 8 1 13
v 9 1 14
v 3 1 14
v 4 1 13
v 3 1 13
v 4 1 14
v 4 1 14
v 5 1 13
v 4 1 13
v 5 1 14
v 7 1 13
v 8 1 12
v 7 1 12
v 8 1 13
v 6 1 12
v 7 1 11
v 6 1 11
v 7 1 12
v 7 1 12
v 8 1 11
v 7 1 11
v 8 1 12
v 9 1 12
v 10 1 11
v 9 1 11
v 10 1 12
v 10 1 12
v 11 1 11
v 10 1 11
v 11 1 12
v 11 1 12
v 12 1 11
v 11 1 11
v 12 1 12
v 11 1 13
v 12 1 12
v 11 1 12
v 12 1 13
v 12 1 13
v 13 1 12
v 12 1 12
v 13 1 13
v 13 1 13
v 14 1 12
v 13 1 12
v 14 1 13
v 14 1 13
v 15 1 12
v 14 1 12
v 15 1 13
v 14 1 12
v 15 1 11
v 14 1 11
v 15 1 12
v 13 1 11
v 14 1 10
v 13 1 10
v 14 1 11
v 12 1 12
v 13 1 11
v 12 1 11
v 13 1 12
v 13 1 12
v 14 1 11
v 13 1 11
v 14 1 12
v 12 1 11
v 13 1 10
v 12 1 10
v 13 1 11
v 11 1 10
v 12 1 9
v 11 1 9
v 12 1 10
v 12 1 10
v 13 1 9
v 12 1 9
v 13 1 10
v 13 1 10
v 14 1 9
v 13 1 9
v 14 1 10
v 12 1 9
v 13 1 8
v 12 1 8
v 13 1 9
v 13 1 9
v 14 1 8
v 13 1 8
v 14 1 9
v 15 1 7
v 16 0 6
v 15 1 6
v 16 0 7
v 14 1 3
v 15 1 2
v 14 1 2
v 15 1 3
v 13 1 5
v 14 1 4
v 13 1 4
v 14 1 5
v 14 1 1
v 15 1 0
v 14 1 0
v 15 1 1
v 14 1 2
v 15 1 1
v 14 1 1
v 15 1 2
v 14 1 0
v 15 1 -1
v 14 1 -1
v 15 1 0
v 14 1 5
v 15 1 4
v 14 1 4
v 15 1 5
v 14 1 6
v 15 1 5
v 14 1 5
v 15 1 6
v 14 1 7
v 15 1 6
v 14 1 6
v 15 1 7
v 13 1 8
v 14 1 7
v 13 1 7
v 14 1 8
v 12 1 8
v 13 1 7
v 12 0 7
v 13 1 8
v 11 1 8
v 12 0 7
v 11 0 7
v 12 1 8
v 10 1 8
v 11 0 7
v 10 0 7
v 11 1 8
v 12 0 6
v 13 1 5
v 12 0 5
v 13 1 6
v 12 0 7
v 13 1 6
v 12 0 6
v 13 1 7
v 13 1 7
v 14 1 6
v 13 1 6
v 14 1 7
v 13 1 6
v 14 1 5
v 13 1 5
v 14 1 6
v 14 1 4
v 15 1 3
v 14 1 3
v 15 1 4
v 13 1 4
v 14 1 3
v 13 1 3
v 14 1 4
v 13 1 3
v 14 1 2
v 13 1 2
v 14 1 3
v 13 1 2
v 14 1 1
v 13 1 1
v 14 1 2
v 13 1 1
v 14 1 0
v 13 1 0
v 14 1 1
v 1 1 -3
v 2 1 -4
v 1 1 -4
v 2 1 -3
v 11 1 0
v 12 1 -1
v 11 1 -1
v 12 1 0
v 12 1 -2
v 13 1 -3
v 12 1 -3
v 13 1 -2
v 12 1 -3
v 13 1 -4
v 12 1 -4
v 13 1 -3
v 12 1 -4
v 13 1 -5
v 12 1 -5
v 13 1 -4
v 12 1 -5
v 13 1 -6
v 12 1 -6
v 13 1 -5
v 12 1 -6
v 13 1 -7
v 12 1 -7
v 13 1 -6
v 12 1 -7
v 13 1 -8
v 12 1 -8
v 13 1 -7
v 13 1 -6
v 14 1 -7
v 13 1 -7
v 14 1 -6
v 13 1 -8
v 14 1 -9
v 13 1 -9
v 14 1 -8
v 13 1 -7
v 14 1 -8
v 13 1 -8
v 14 1 -7
v 13 1 -5
v 14 1 -6
v 13 1 -6
v 14 1 -5
v 13 1 -4
v 14 1 -5
v 13 1 -5
v 14 1 -4
v 13 1 -1
v 14 1 -2
v 13 1 -2
v 14 1 -1
v 13 1 -2
v 14 1 -3
v 13 1 -3
v 14 1 -2
v 13 1 0
v 14 1 -1
v 13 1 -1
v 14 1 0
v 13 1 -3
v 14 1 -4
v 13 1 -4
v 14 1 -3
v 12 1 -9
v 13 1 -10
v 12 1 -10
v 13 1 -9
v 12 1 -10
v 13 1 -11
v 12 1 -11
v 13 1 -10
v 10 1 -10
v 11 1 -11
v 10 1 -11
v 11 1 -10
v 9 1 -10
v 10 1 -11
v 9 1 -11
v 10 1 -10
v 9 0.5 -9
v 9 1 -10
v 8 1 -10
v 10 0.5 -9
v 4 1 -11
v 5 1 -12
v 4 1 -12
v 6 0.5 -11
v 2 1 -10
v 3 1 -11
v 2 1 -11
v 3 1 -10
v 1 1 -10
v 2 1 -11
v 1 1 -11
v 2 1 -10
v 1 1 -9
v 2 1 -10
v 1 1 -10
v 2 1 -9
v 2 1 -9
v 3 1 -10
v 2 1 -10
v 3 1 -9
v 3 1 -9
v 4 1 -10
v 3 1 -10
v 4 1 -9
v 4 1 -9
v 6 0.5 -10
v 4 1 -10
v 6 0.5 -9
v 8 0.5 -9
v 8 1 -10
v 8 0.5 -10
v 9 0.5 -9
v 8 1 -10
v 9 1 -11
v 8 1 -11
v 9 1 -10
v -7 2 -9
v -7 3 -10
v -7 3 -9
v -7 2 -10
v 4 1 -8
v 6 0.5 -9
v 4 1 -9
v 6 0.5 -8
v 3 1 -8
v 4 1 -9
v 3 1 -9
v 4 1 -8
v 0 1 -8
v 1 1 -9
v 0 1 -9
v 1 1 -8
v 2 1 -8
v 3 1 -9
v 2 1 -9
v 3 1 -8
v 2 1 -7
v 3 1 -8
v 2 1 -8
v 3 1 -7
v 6 1 -2
v 7 1 -3
v 6 1 -3
v 7 1 -2
v 2 1 -5
v 3 1 -6
v 2 1 -6
v 3 1 -5
v 3 1 -5
v 4 1 -6
v 3 1 -6
v 4 1 -5
v 3 1 -6
v 4 1 -7
v 3 1 -7
v 4 1 -6
v 4 1 -6
v 6 0.5 -7
v 4 1 -7
v 6 0.5 -6
v 4 1 -7
v 6 0.5 -8
v 4 1 -8
v 6 0.5 -7
v 11 0.5 -9
v 11 1 -10
v 10 1 -10
v 12 0.5 -9
v 10 1 -2
v 11 1 -3
v 10 1 -3
v 11 1 -2
v 9 1 0
v 10 1 -1
v 9 1 -1
v 10 1 0
v 10 1 2
v 11 1 1
v 10 1 1
v 11 1 2
v 9 1 1
v 10 1 0
v 9 1 0
v 10 1 1
v 10 1 1
v 11 1 0
v 10 1 0
v 11 1 1
v 10 1 0
v 11 1 -1
v 10 1 -1
v 11 1 0
v 10 1 -3
v 11 1 -4
v 10 1 -4
v 11 1 -3
v 11 1 -5
v 12 1 -6
v 12 0.5 -6
v 12 1 -5
v 12 0.5 -6
v 12 1 -7
v 12 0.5 -7
v 12 1 -6
v 12 0.5 -7
v 12 1 -8
v 12 0.5 -8
v 12 1 -7
v 12 0.5 -9
v 12 1 -10
v 11 1 -10
v 12 1 -9
v 12 0.5 -8
v 12 1 -9
v 12 0.5 -9
v 12 1 -8
v 7 1 -5
v 9 0.5 -6
v 8 0.5 -6
v 8 1 -5
v 8 1 -5
v 10 0.5 -6
v 9 0.5 -6
v 9 1 -5
v 9 1 -5
v 11 0.5 -6
v 10 0.5 -6
v 10 1 -5
v 10 1 -5
v 12 0.5 -6
v 11 0.5 -6
v 11 1 -5
v 10 1 -4
v 11 1 -5
v 10 1 -5
v 11 1 -4
v 11 1 -4
v 12 1 -5
v 11 1 -5
v 12 1 -4
v 11 1 -3
v 12 1 -4
v 11 1 -4
v 12 1 -3
v 11 1 -2
v 12 1 -3
v 11 1 -3
v 12 1 -2
v 11 1 -1
v 12 1 -2
v 11 1 -2
v 12 1 -1
v 11 1 1
v 12 1 0
v 11 1 0
v 12 1 1
v 11 1 2
v 12 1 1
v 11 1 1
v 12 1 2
v 12 0 4
v 13 1 3
v 12 0 3
v 13 1 4
v 12 0 3
v 13 1 2
v 12 1 2
v 13 1 3
v 12 1 1
v 13 1 0
v 12 1 0
v 13 1 1
v 12 1 2
v 13 1 1
v 12 1 1
v 13 1 2
v 12 0 5
v 13 1 4
v 12 0 4
v 13 1 5
v 7 1 5
v 8 0 4
v 7 1 4
v 8 0 5
v 10 0 3
v 11 1 2
v 10 1 2
v 11 0 3
v 8 1 2
v 9 1 1
v 8 1 1
v 9 1 2
v 9 0 3
v 10 1 2
v 9 1 2
v 10 0 3
v 8 0 3
v 9 1 2
v 8 1 2
v 9 0 3
v 9 1 2
v 10 1 1
v 9 1 1
v 10 1 2
v 7 1 2
v 8 1 1
v 7 1 1
v 8 1 2
v 6 1 3
v 7 1 2
v 6 1 2
v 7 1 3
v 6 1 4
v 7 1 3
v 6 1 3
v 7 1 4
v -1 1 -3
v 0 1 -4
v -1 1 -4
v 0 1 -3
v 3 1 4
v 4 1 3
v 3 1 3
v 4 1 4
v 3 1 3
v 4 1 2
v 3 1 2
v 4 1 3
v 3 1 1
v 4 1 0
v 3 1 0
v 4 1 1
v 2 1 1
v 3 1 0
v 2 1 0
v 3 1 1
v 6 1 2
v 7 1 1
v 6 1 1
v 7 1 2
v 6 1 1
v 7 1 0
v 6 1 0
v 7 1 1
v 5 1 0
v 6 1 -1
v 5 1 -1
v 6 1 0
v 6 1 0
v 7 1 -1
v 6 1 -1
v 7 1 0
v 7 1 0
v 8 1 -1
v 7 1 -1
v 8 1 0
v 7 1 -1
v 8 1 -2
v 7 1 -2
v 8 1 -1
v 7 1 -2
v 8 1 -3
v 7 1 -3
v 8 1 -2
v 8 1 -3
v 9 1 -4
v 8 1 -4
v 9 1 -3
v 6 1 -4
v 7 1 -5
v 6 1 -5
v 7 1 -4
v 8 1 -4
v 9 1 -5
v 8 1 -5
v 9 1 -4
v 7 1 -3
v 8 1 -4
v 7 1 -4
v 8 1 -3
v 11 1 5
v 12 2 5
v 11 2 5
v 12 1 5
v 6 1 -1
v 7 1 -2
v 6 1 -2
v 7 1 -1
v 1 1 -5
v 2 1 -6
v 1 1 -6
v 2 1 -5
v 8 1 -2
v 9 1 -3
v 8 1 -3
v 9 1 -2
v -5 0 16
v -4 1 15
v -5 1 15
v -4 0 16
v -4 0 16
v -3 1 15
v -4 1 15
v -3 0 16
v -3 0 16
v -2 1 15
v -3 1 15
v -2 0 16
v -2 0 16
v -1 1 15
v -2 1 15
v -1 0 16
v -1 0 16
v 0 1 15
v -1 1 15
v 0 0 16
v 0 0 16
v 1 1 15
v 0 1 15
v 1 0 16
v 1 0 16
v 2 1 15
v 1 1 15
v 2 0 16
v 2 0 16
v 3 1 15
v 2 1 15
v 3 0 16
v 3 0 16
v 4 1 15
v 3 1 15
v 4 0 16
v 4 0 16
v 5 1 15
v 4 1 15
v 5 0 16
v 5 0 16
v 6 1 15
v 5 1 15
v 6 0 16
v 6 0 16
v 7 1 15
v 6 1 15
v 7 0 16
v 7 0 16
v 8 1 15
v 7 1 15
v 8 0 16
v 8 0 16
v 9 1 15
v 8 1 15
v 9 0 16
v 9 0 16
v 10 1 15
v 9 1 15
v 10 0 16
v 10 0 16
v 11 1 15
v 10 1 15
v 11 0 16
v 11 0 16
v 12 1 15
v 11 1 15
v 12 0 16
v 12 0 16
v 13 1 15
v 12 1 15
v 13 0 16
v 13 0 16
v 14 1 15
v 13 1 15
v 14 0 16
v -9 1 5
v -8 1 4
v -9 1 4
v -8 1 5
v -11 1 8
v -10 2 8
v -11 2 8
v -10 1 8
v -10 1 8
v -10 2 7
v -10 2 8
v -10 1 7
v -2 1 6
v -1 1 5
v -2 1 5
v -1 1 6
v 5 1 -4
v 6 1 -5
v 5 1 -5
v 6 1 -4
v -11 2 8
v -10 3 8
v -11 3 8
v -10 2 8
v -10 2 8
v -10 3 7
v -10 3 8
v -10 2 7
v -10 2 7
v -11 3 7
v -10 3 7
v -11 2 7
v -11 2 7
v -11 3 8
v -11 3 7
v -11 2 8
v 4 1 -2
v 5 1 -3
v 4 1 -3
v 5 1 -2
v -10 1 -1
v -9 1 -2
v -10 1 -2
v -9 0 -1
v -11 2 -7
v -11 3 -8
v -11 3 -7
v -11 2 -8
v -9 5 -10
v -9.5 8.5 -8
v -9.5 8.5 -8
v -8 5 -10
v -8 2 -10
v -8 3 -9
v -8 3 -10
v -8 2 -9
v -11 2 -6
v -11 3 -7
v -11 3 -6
v -11 2 -7
v 12 1 -1
v 13 1 -2
v 12 1 -2
v 13 1 -1
v -8 3 -6
v -9 4 -6
v -8 4 -6
v -9 3 -6
v -10 1 -6
v -11 2 -6
v -10 2 -6
v -11 1 -6
v -11 4 -10
v -10 5 -10
v -11 5 -10
v -10 4 -10
v -8 5 -10
v -9.5 8.5 -8
v -9.5 8.5 -8
v -8 5 -9
v -8 1 -6
v -9 2 -6
v -8 2 -6
v -9 1 -6
v -7 2 -7
v -8 3 -7
v -7 3 -7
v -8 2 -7
v -8 2 -7
v -8 3 -6
v -8 3 -7
v -8 2 -6
v -8 1 -9
v -7 2 -9
v -8 2 -9
v -7 1 -9
v -11 3 -6
v -10 3 -5
v -11 3 -5
v -10 3 -6
v -8 1 -8
v -7 1 -9
v -8 1 -9
v -7 1 -8
v -11 3 -9
v -11 4 -10
v -11 4 -9
v -11 3 -10
v -10 4 -6
v -11 5 -6
v -10 5 -6
v -11 4 -6
v -8 3 -10
v -8 4 -9
v -8 4 -10
v -8 3 -9
v -11 3 -8
v -11 4 -9
v -11 4 -8
v -11 3 -9
v -8 1 -12
v -7 1 -13
v -8 1 -13
v -7 1 -12
v -9 1 -10
v -8 2 -10
v -9 2 -10
v -8 1 -10
v -11 3 -10
v -10 4 -10
v -11 4 -10
v -10 3 -10
v -10 1 -10
v -9 2 -10
v -10 2 -10
v -9 1 -10
v -11 3 -7
v -11 4 -8
v -11 4 -7
v -11 3 -8
v -11 1 -10
v -10 2 -10
v -11 2 -10
v -10 1 -10
v -11 3 -6
v -11 4 -7
v -11 4 -6
v -11 3 -7
v -10 3 -10
v -9 4 -10
v -10 4 -10
v -9 3 -10
v -11 1 -8
v -11 2 -9
v -11 2 -8
v -11 1 -9
v -11 1 -9
v -11 2 -10
v -11 2 -9
v -11 1 -10
v -11 1 -7
v -11 2 -8
v -11 2 -7
v -11 1 -8
v -10 3 -6
v -11 4 -6
v -10 4 -6
v -11 3 -6
v -11 1 -6
v -11 2 -7
v -11 2 -6
v -11 1 -7
v -9 4 -6
v -10 5 -6
v -9 5 -6
v -10 4 -6
v -1 1 -10
v 0 1 -11
v -1 1 -11
v 0 1 -10
v -7 1 -8
v -6 1 -9
v -7 1 -9
v -6 1 -8
v -10 5 -6
v -9.5 8.5 -8
v -9.5 8.5 -8
v -11 5 -6
v -9 3 -10
v -8 4 -10
v -9 4 -10
v -8 3 -10
v -7 3 -7
v -8 4 -7
v -7 4 -7
v -8 3 -7
v -11 4 -6
v -11 5 -7
v -11 5 -6
v -11 4 -7
v -8 4 -6
v -9 5 -6
v -8 5 -6
v -9 4 -6
v -11 3 -6
v -11 4 -5
v -11 4 -6
v -11 3 -5
v -11 4 -7
v -11 5 -8
v -11 5 -7
v -11 4 -8
v -9 3 -6
v -10 4 -6
v -9 4 -6
v -10 3 -6
v -8 3 -7
v -8 4 -6
v -8 4 -7
v -8 3 -6
v -11 4 -8
v -11 5 -9
v -11 5 -8
v -11 4 -9
v -8 5 -7
v -9.5 8.5 -8
v -9.5 8.5 -8
v -8 5 -6
v -11 4 -9
v -11 5 -10
v -11 5 -9
v -11 4 -10
v -3 1 1
v -2 1 0
v -3 1 0
v -2 1 1
v -8 2 -6
v -9 3 -6
v -8 3 -6
v -9 2 -6
v -8 4 -10
v -8 5 -9
v -8 5 -10
v -8 4 -9
v -7 5 -7
v -7 6 -8
v -7 6 -7
v -7 5 -8
v -7 4 -9
v -7 5 -10
v -7 5 -9
v -7 4 -10
v -7 5 -8
v -7 6 -9
v -7 6 -8
v -7 5 -9
v -7 3 -6
v -7 4 -7
v -7 4 -6
v -7 3 -7
v -7 5 -5
v -7 6 -6
v -7 6 -5
v -7 5 -6
v -8 5 -5
v -7 6 -5
v -8 6 -5
v -7 5 -5
v -8 6 -5
v -7 6 -6
v -9.5 8.5 -8
v -7 6 -5
v -9 5 -5
v -8 6 -5
v -9 6 -5
v -8 5 -5
v -9 6 -5
v -9.5 8.5 -8
v -9.5 8.5 -8
v -8 6 -5
v -10 5 -5
v -9 6 -5
v -10 6 -5
v -9 5 -5
v -10 6 -5
v -9.5 8.5 -8
v -9.5 8.5 -8
v -9 6 -5
v -11 5 -5
v -10 6 -5
v -11 6 -5
v -10 5 -5
v -7 4 -5
v -7 5 -6
v -7 5 -5
v -7 4 -6
v -8 4 -5
v -7 5 -5
v -8 5 -5
v -7 4 -5
v -9.5 8.5 -8
v -7 6 -7
v -9.5 8.5 -8
v -7 6 -6
v -9 4 -5
v -8 5 -5
v -9 5 -5
v -8 4 -5
v -10 4 -5
v -9 5 -5
v -10 5 -5
v -9 4 -5
v -11 4 -5
v -10 5 -5
v -11 5 -5
v -10 4 -5
v -7 3 -5
v -7 4 -6
v -7 4 -5
v -7 3 -6
v -8 3 -5
v -7 4 -5
v -8 4 -5
v -7 3 -5
v -9 3 -5
v -8 4 -5
v -9 4 -5
v -8 3 -5
v -10 3 -5
v -9 4 -5
v -10 4 -5
v -9 3 -5
v -11 3 -5
v -10 4 -5
v -11 4 -5
v -10 3 -5
v -7 5 -10
v -7 6 -11
v -7 6 -10
v -7 5 -11
v -9.5 8.5 -8
v -7 6 -11
v -8 6 -11
v -7 6 -10
v -9.5 8.5 -8
v -8 6 -11
v -9 6 -11
v -9.5 8.5 -8
v -9.5 8.5 -8
v -9 6 -11
v -10 6 -11
v -9.5 8.5 -8
v -9 4 -11
v -10 5 -11
v -9 5 -11
v -10 4 -11
v -8 4 -11
v -9 5 -11
v -8 5 -11
v -9 4 -11
v -8 5 -11
v -9 6 -11
v -8 6 -11
v -9 5 -11
v -7 4 -11
v -8 5 -11
v -7 5 -11
v -8 4 -11
v -7 4 -10
v -7 5 -11
v -7 5 -10
v -7 4 -11
v -7 5 -9
v -7 6 -10
v -7 6 -9
v -7 5 -10
v -9.5 8.5 -8
v -7 6 -10
v -9.5 8.5 -8
v -7 6 -9
v -8 3 -11
v -9 4 -11
v -8 4 -11
v -9 3 -11
v -7 5 -11
v -8 6 -11
v -7 6 -11
v -8 5 -11
v -9 5 -11
v -10 6 -11
v -9 6 -11
v -10 5 -11
v -10 5 -11
v -11 6 -11
v -10 6 -11
v -11 5 -11
v -11 6 -5
v -9.5 8.5 -8
v -9.5 8.5 -8
v -10 6 -5
v -12 5 -5
v -11 6 -5
v -12 6 -5
v -11 5 -5
v -11 5 -6
v -9.5 8.5 -8
v -9.5 8.5 -8
v -11 5 -7
v -12 6 -5
v -9.5 8.5 -8
v -12 6 -6
v -11 6 -5
v -11 5 -7
v -9.5 8.5 -8
v -9.5 8.5 -8
v -11 5 -8
v -12 6 -6
v -9.5 8.5 -8
v -12 6 -7
v -9.5 8.5 -8
v -11 5 -8
v -9.5 8.5 -8
v -9.5 8.5 -8
v -11 5 -9
v -12 6 -7
v -9.5 8.5 -8
v -12 6 -8
v -9.5 8.5 -8
v -11 5 -9
v -9.5 8.5 -8
v -9.5 8.5 -8
v -11 5 -10
v -12 6 -8
v -9.5 8.5 -8
v -12 6 -9
v -9.5 8.5 -8
v -12 5 -11
v -12 6 -10
v -12 6 -11
v -12 5 -10
v -11 5 -11
v -12 6 -11
v -11 6 -11
v -12 5 -11
v -9.5 8.5 -8
v -10 6 -11
v -11 6 -11
v -9.5 8.5 -8
v -12 6 -9
v -9.5 8.5 -8
v -12 6 -10
v -9.5 8.5 -8
v -11 4 -11
v -12 5 -11
v -11 5 -11
v -12 4 -11
v -10 4 -11
v -11 5 -11
v -10 5 -11
v -11 4 -11
v -12 6 -10
v -11 6 -11
v -12 6 -11
v -9.5 8.5 -8
v -12 5 -10
v -12 6 -9
v -12 6 -10
v -12 5 -9
v -12 5 -9
v -12 6 -8
v -12 6 -9
v -12 5 -8
v -12 5 -8
v -12 6 -7
v -12 6 -8
v -12 5 -7
v -12 4 -6
v -12 5 -5
v -12 5 -6
v -12 4 -5
v -12 5 -7
v -12 6 -6
v -12 6 -7
v -12 5 -6
v -12 4 -5
v -11 5 -5
v -12 5 -5
v -11 4 -5
v -12 3 -5
v -11 4 -5
v -12 4 -5
v -11 3 -5
v -12 5 -6
v -12 6 -5
v -12 6 -6
v -12 5 -5
v -12 4 -7
v -12 5 -6
v -12 5 -7
v -12 4 -6
v -12 4 -8
v -12 5 -7
v -12 5 -8
v -12 4 -7
v -12 4 -9
v -12 5 -8
v -12 5 -9
v -12 4 -8
v -12 3 -11
v -12 4 -10
v -12 4 -11
v -12 3 -10
v -11 3 -11
v -12 4 -11
v -11 4 -11
v -12 3 -11
v -12 4 -10
v -12 5 -9
v -12 5 -10
v -12 4 -9
v -12 2 -6
v -12 3 -5
v -12 3 -6
v -12 2 -5
v -12 3 -7
v -12 4 -6
v -12 4 -7
v -12 3 -6
v -12 3 -8
v -12 4 -7
v -12 4 -8
v -12 3 -7
v -12 3 -9
v -12 4 -8
v -12 4 -9
v -12 3 -8
v -11 2 -11
v -12 3 -11
v -11 3 -11
v -12 2 -11
v -12 3 -10
v -12 4 -9
v -12 4 -10
v -12 3 -9
v -10 2 -11
v -11 3 -11
v -10 3 -11
v -11 2 -11
v -9 2 -11
v -10 3 -11
v -9 3 -11
v -10 2 -11
v -8 2 -11
v -9 3 -11
v -8 3 -11
v -9 2 -11
v -11 2 -5
v -10 3 -5
v -11 3 -5
v -10 2 -5
v -10 2 -5
v -9 3 -5
v -7 -1 -6.5
v -9 2 -5
v -9 2 -5
v -8 3 -5
v -9 3 -5
v -8 2 -5
v -7 2 -11
v -8 3 -11
v -7 3 -11
v -8 2 -11
v -7 2 -10
v -7 3 -11
v -7 3 -10
v -7 2 -11
v -7 4 -6
v -7 5 -7
v -7 5 -6
v -7 4 -7
v -8 2 -5
v -7 3 -5
v -8 3 -5
v -7 2 -5
v -7 5 -6
v -7 6 -7
v -7 6 -6
v -7 5 -7
v -7 3 -10
v -7 4 -11
v -7 4 -10
v -7 3 -11
v -7 2 -6
v -7 3 -7
v -7 3 -6
v -7 2 -7
v -7 3 -9
v -7 4 -10
v -7 4 -9
v -7 3 -10
v -12 3 -6
v -12 4 -5
v -12 4 -6
v -12 3 -5
v -8 3 -9
v -7 4 -9
v -8 4 -9
v -7 3 -9
v -12 2 -8
v -12 3 -7
v -12 3 -8
v -12 2 -7
v -12 2 -9
v -12 3 -8
v -12 3 -9
v -12 2 -8
v -11 1 -11
v -12 2 -11
v -11 2 -11
v -12 1 -11
v -12 2 -10
v -12 3 -9
v -12 3 -10
v -12 2 -9
v -10 1 -11
v -11 2 -11
v -10 2 -11
v -11 1 -11
v -9 1 -11
v -10 2 -11
v -9 2 -11
v -10 1 -11
v -8 1 -11
v -9 2 -11
v -8 2 -11
v -9 1 -11
v -7 1 -10
v -7 2 -11
v -7 2 -10
v -7 1 -11
v -7 1 -9
v -7 2 -10
v -7 2 -9
v -7 1 -10
v -9.5 8.5 -8
v -7 6 -8
v -9.5 8.5 -8
v -7 6 -7
v -12 1 -6
v -12 2 -5
v -12 2 -6
v -12 1 -5
v -7 1 -6
v -7 2 -7
v -7 2 -6
v -7 1 -7
v -10 1 -5
v -9 2 -5
v -10 2 -5
v -9 1 -5
v -12 2 -5
v -11 3 -5
v -12 3 -5
v -11 2 -5
v -11 1 -5
v -10 2 -5
v -11 2 -5
v -10 1 -5
v -7 2 -5
v -7 3 -6
v -7 3 -5
v -7 2 -6
v -7 1 -5
v -7 2 -6
v -7 2 -5
v -7 1 -6
v -8 1 -5
v -7 2 -5
v -8 2 -5
v -7 1 -5
v -12 2 -7
v -12 3 -6
v -12 3 -7
v -12 2 -6
v -9.5 8.5 -8
v -7 6 -9
v -9.5 8.5 -8
v -7 6 -8
v -7 3 -11
v -8 4 -11
v -7 4 -11
v -8 3 -11
v -12 1 -8
v -12 2 -7
v -12 2 -8
v -12 1 -7
v -12 1 -7
v -12 2 -6
v -12 2 -7
v -12 1 -6
v -12 1 -5
v -11 2 -5
v -12 2 -5
v -11 1 -5
v -9 1 -5
v -8 2 -5
v -9 2 -5
v -8 1 -5
v -12 2 -11
v -12 3 -10
v -12 3 -11
v -12 2 -10
v -12 1 -11
v -12 2 -10
v -12 2 -11
v -12 1 -10
v -12 1 -10
v -12 2 -9
v -12 2 -10
v -12 1 -9
v -12 1 -9
v -12 2 -8
v -12 2 -9
v -12 1 -8
v -9 3 -11
v -10 4 -11
v -9 4 -11
v -10 3 -11
v -12 4 -11
v -12 5 -10
v -12 5 -11
v -12 4 -10
v -10 3 -11
v -11 4 -11
v -10 4 -11
v -11 3 -11
v -7 1 -11
v -8 2 -11
v -7 2 -11
v -8 1 -11
v -1 1 -5
v 0 1 -6
v -1 1 -6
v 0 1 -5
v 9 1 11
v 10 1 10
v 9 1 10
v 10 1 11
v 4 1 6
v 5 1 5
v 4 1 5
v 5 1 6
v 5 3 4
v 6 4 4
v 5 4 4
v 6 3 4
v 5 4 4
v 6 3.5 3
v 5 4 3
v 6 4 4
v 5 3 2
v 5 4 3
v 5 4 2
v 5 3 3
v 5 3 2
v 6 3 3
v 5 3 3
v 6 3 2
v 5 3 3
v 5 4 4
v 5 4 3
v 5 3 4
v 6 3 3
v 6 4 2
v 6 3.5 3
v 6 3 2
v -9 0 -1
v -9 1 -2
v -9 0 -1
v -9 0 -2
v -8 0 -1
v -9 0 -1
v -8 1 -1
v -9 0 -1
v -10 1 12
v -9 1 11
v -10 1 11
v -9 1 12
v -9 1 13
v -8 2 13
v -9 2 13
v -8 1 13
v -8 1 13
v -8 2 12
v -8 2 13
v -8 1 12
v -8 1 12
v -9 2 12
v -8 2 12
v -9 1 12
v -9 1 12
v -9 2 13
v -9 2 12
v -9 1 13
v -9 2 13
v -8 3 13
v -9 3 13
v -8 2 13
v -8 2 13
v -8 3 12
v -8 3 13
v -8 2 12
v -8 2 12
v -9 3 12
v -8 3 12
v -9 2 12
v -8 0 -1
v -7 1 -2
v -8 1 -2
v -7 0 -1
v -9 0 -2
v -8 1 -2
v -9 1 -2
v -8 0 -2
v -9 1 -2
v -8 1 -3
v -9 1 -3
v -8 1 -2
v -10 2 -6
v -9 2 -5
v -10 2 -5
v -9 2 -6
v -10 2 -5
v -9 3 -5
v -10 3 -5
v -9 2 -5
v -9 2 -5
v -9 3 -6
v -9 3 -5
v -9 2 -6
v -9 2 -6
v -10 3 -6
v -9 3 -6
v -10 2 -6
v -10 2 -6
v -10 3 -5
v -10 3 -6
v -10 2 -5
v -11 1 4
v -10 1 3
v -11 1 3
v -10 1 4
v 5 3 3
v 6 3 4
v 5 3 4
v 6 3 3
v 6 3 4
v 6 3.5 3
v 6 4 4
v 6 3 3
v 4 1 5
v 5 2 5
v 4 2 5
v 5 1 5
v -8 0 1
v -7 0 0
v -8 0 0
v -7 0 1
v 3.5 6.5 3
v 3.5 6.5 3
v 3.5 6.5 3
v 3.5 6.5 3
v -7 0 1
v -6 0 0
v -7 0 0
v -6 0 1
v -8 4 -8
v -8 5 -7
v -8 5 -8
v -8 4 -7
v 11 2 5
v 10.5 3.5 4.5
v 10.5 3.5 4.5
v 12 2 5
v -12.5 3.5 11.5
v -12.5 3.5 11.5
v -12.5 3.5 11.5
v -12.5 3.5 11.5
v 12 2 5
v 10.5 3.5 4.5
v 10.5 3.5 4.5
v 12 2 4
v -9 0 0
v -8 0 -1
v -9 0 -1
v -8 0 0
v -9 0 1
v -8 0 0
v -9 0 0
v -8 0 1
v 12 2 4
v 10.5 3.5 4.5
v 10.5 3.5 4.5
v 11 2 4
v -8.5 3.5 9.5
v -8.5 3.5 9.5
v -8.5 3.5 9.5
v -8.5 3.5 9.5
v 2 4 2
v 3 4 3
v 2 4 3
v 3 4 2
v 10.5 3.5 4.5
v 10.5 3.5 4.5
v 10.5 3.5 4.5
v 10.5 3.5 4.5
v -8 4 -8
v -7 4 -7
v -8 4 -7
v -7 4 -8
v -8 4 -9
v -8 5 -8
v -8 5 -9
v -8 4 -8
v -7.5 5 -8
v -7 5 -9
v -7 5 -8
v -7 4 -9
v 1 1 13
v 2 1 12
v 1 1 12
v 2 1 13
v 11 2.5 -9
v 10 3.5 -9
v 11 3.5 -9
v 10 2.5 -9
v 9 0.5 -7
v 10 0.5 -8
v 9 0.5 -8
v 10 0.5 -7
v 8 0.5 -8
v 9 0.5 -9
v 8 0.5 -9
v 9 0.5 -8
v 8 0.5 -7
v 9 0.5 -8
v 8 0.5 -8
v 9 0.5 -7
v 2 1 3
v 2 2 2
v 2 2 3
v 2 1 2
v -7 2 6
v -6.5 3.5 6.5
v -6.5 3.5 6.5
v -7 2 7
v 6 1.5 -9
v 6 2.5 -8
v 6 2.5 -9
v 6 1.5 -8
v 0 1 13
v 1 1 12
v 0 1 12
v 1 1 13
v -4 3 -5
v -3 3 -6
v -4 3 -6
v -3 3 -5
v -6.5 3.5 6.5
v -6.5 3.5 6.5
v -6.5 3.5 6.5
v -6.5 3.5 6.5
v 1 1 14
v 2 1 13
v 1 1 13
v 2 1 14
v 0 1 14
v 1 1 13
v 0 1 13
v 1 1 14
v 8 0 6
v 9 0 5
v 8 0 5
v 9 0 6
v 7 0.5 -6
v 8 1.5 -6
v 7 1.5 -6
v 8 0.5 -6
v 10 0 7
v 11 0 6
v 10 0 6
v 11 0 7
v 10 0 6
v 11 0 5
v 10 0 5
v 11 0 6
v 3 2 -12
v 3.5 3 -11.5
v 3.5 3 -11.5
v 3 2 -11
v 10 0 5
v 10 1 4
v 10 1 5
v 10 0 4
v 10 0 5
v 11 0 4
v 10 0 4
v 11 0 5
v 8 0 5
v 9 0 4
v 8 0 4
v 9 0 5
v 11 0 4
v 12 0 3
v 11 0 3
v 12 0 4
v 9 0 7
v 10 0 6
v 9 0 6
v 10 0 7
v 3 3 -11
v 3.5 3 -11.5
v 3.5 3 -11.5
v 3.5 3 -11.5
v 8 1.5 -10
v 8 2.5 -11
v 8 2.5 -10
v 8 1.5 -11
v 6 2.5 -11
v 6 3.5 -10
v 6 3.5 -11
v 6 2.5 -10
v 8 0.5 -10
v 8 1.5 -11
v 8 1.5 -10
v 8 0.5 -11
v 9 0.5 -8
v 10 0.5 -9
v 9 0.5 -9
v 10 0.5 -8
v 6 2.5 -10
v 6 3.5 -9
v 6 3.5 -10
v 6 2.5 -9
v 7 0.5 -8
v 8 0.5 -9
v 7 0.5 -9
v 8 0.5 -8
v 11 3.5 -6
v 12 3.5 -7
v 9 4.5 -8.5
v 12 3.5 -6
v 6 2.5 -7
v 6 3.5 -6
v 6 3.5 -7
v 6 2.5 -6
v 7 2.5 -11
v 6 3.5 -11
v 7 3.5 -11
v 6 2.5 -11
v 10 0.5 -8
v 11 0.5 -9
v 10 0.5 -9
v 11 0.5 -8
v 7 0.5 -7
v 7 1.5 -8
v 7 1.5 -7
v 7 0.5 -8
v 10 1.5 -7
v 9 2.5 -7
v 10 2.5 -7
v 9 1.5 -7
v 12 1.5 -9
v 11 2.5 -9
v 12 2.5 -9
v 11 1.5 -9
v 9 1.5 -7
v 8 2.5 -7
v 9 2.5 -7
v 8 1.5 -7
v 8 1.5 -7
v 7 2.5 -7
v 8 2.5 -7
v 7 1.5 -7
v 11 0 6
v 12 0 5
v 11 0 5
v 12 0 6
v 11 0 7
v 12 0 6
v 11 0 6
v 12 0 7
v 9 0 6
v 10 0 5
v 9 0 5
v 10 0 6
v -1 1 13
v 0 1 12
v -1 1 12
v 0 1 13
v 8 0 4
v 9 0 3
v 8 0 3
v 9 0 4
v 8 0 7
v 9 0 6
v 8 0 6
v 9 0 7
v 9 0 4
v 10 0 3
v 9 0 3
v 10 0 4
v 6 3 1
v 5 4 1
v 6 4 1
v 5 3 1
v 12 2.5 -7
v 12 3.5 -8
v 12 3.5 -7
v 12 2.5 -8
v 5 1 4
v 6 1 3
v 5 1 3
v 6 1 4
v 6 3 2
v 6 4 1
v 6 4 2
v 6 3 1
v 3 1 5
v 4 2 5
v 3 2 5
v 4 1 5
v 3 1 4
v 2 2 4
v 3 2 4
v 2 1 4
v 1 3 4
v 1 4 5
v 1 4 4
v 1 3 5
v 1 1 3
v 1 2 4
v 1 2 3
v 1 1 4
v 1 1 1
v 1 2 2
v 1 2 1
v 1 1 2
v 8 1.5 -6
v 9 2.5 -6
v 8 2.5 -6
v 9 1.5 -6
v 1 2 1
v 1 3 2
v 1 3 1
v 1 2 2
v 3 2 1
v 2 3 1
v 3 3 1
v 2 2 1
v 4 2 1
v 3 3 1
v 4 3 1
v 3 2 1
v -7 1 7
v -6 2 7
v -7 2 7
v -6 1 7
v -6 1 7
v -6 2 6
v -6 2 7
v -6 1 6
v -6 1 6
v -7 2 6
v -6 2 6
v -7 1 6
v -7 1 6
v -7 2 7
v -7 2 6
v -7 1 7
v -7 2 7
v -6.5 3.5 6.5
v -6.5 3.5 6.5
v -6 2 7
v -6 2 7
v -6.5 3.5 6.5
v -6.5 3.5 6.5
v -6 2 6
v -6 2 6
v -6.5 3.5 6.5
v -6.5 3.5 6.5
v -7 2 6
v 10 0 4
v 11 0 3
v 10 0 3
v 11 0 4
v -4 1 -5
v -3 2 -5
v -4 2 -5
v -3 1 -5
v -3 1 -5
v -3 2 -6
v -3 2 -5
v -3 1 -6
v -3 1 -6
v -4 2 -6
v -3 2 -6
v -4 1 -6
v -4 1 -6
v -4 2 -5
v -4 2 -6
v -4 1 -5
v -4 2 -5
v -3 3 -5
v -4 3 -5
v -3 2 -5
v -3 2 -5
v -3 3 -6
v -3 3 -5
v -3 2 -6
v -3 2 -6
v -4 3 -6
v -3 3 -6
v -4 2 -6
v -4 2 -6
v -4 3 -5
v -4 3 -6
v -4 2 -5
v 9 2.5 -9
v 8 3.5 -9
v 9 3.5 -9
v 8 2.5 -9
v 9 4.5 -8.5
v 9 4.5 -8.5
v 9 4.5 -8.5
v 9 4.5 -8.5
v 11 1.5 -9
v 11 2.5 -8
v 11 2.5 -9
v 11 1.5 -8
v 5 1 3
v 6 1 2
v 5 1 2
v 6 1 3
v 9 4.5 -8.5
v 12 3.5 -8
v 9 4.5 -8.5
v 12 3.5 -7
v 8 3.5 -6
v 9 4.5 -8.5
v 9 4.5 -8.5
v 9 3.5 -6
v 9 4.5 -8.5
v 12 3.5 -9
v 11 3.5 -9
v 12 3.5 -8
v 6 2.5 -8
v 6 3.5 -7
v 6 3.5 -8
v 6 2.5 -7
v 9 4.5 -8.5
v 9 4.5 -8.5
v 9 4.5 -8.5
v 9 4.5 -8.5
v 9 4.5 -8.5
v 11 3.5 -9
v 10 3.5 -9
v 9 4.5 -8.5
v 9 1.5 -6
v 10 2.5 -6
v 9 2.5 -6
v 10 1.5 -6
v 11 1.5 -7
v 10 2.5 -7
v 11 2.5 -7
v 10 1.5 -7
v 12 2.5 -9
v 11 3.5 -9
v 12 3.5 -9
v 11 2.5 -9
v 12 2.5 -8
v 12 3.5 -9
v 12 3.5 -8
v 12 2.5 -9
v 7 0.5 -7
v 8 0.5 -8
v 7 0.5 -8
v 8 0.5 -7
v 11 0.5 -6
v 12 1.5 -6
v 11 1.5 -6
v 12 0.5 -6
v 12 0.5 -6
v 12 1.5 -7
v 12 1.5 -6
v 12 0.5 -7
v 11 0.5 -8
v 11 1.5 -7
v 11 1.5 -8
v 11 0.5 -7
v 10 1.5 -6
v 11 2.5 -6
v 10 2.5 -6
v 11 1.5 -6
v 11 1.5 -6
v 12 2.5 -6
v 11 2.5 -6
v 12 1.5 -6
v 12 1.5 -6
v 12 2.5 -7
v 12 2.5 -6
v 12 1.5 -7
v 9 3.5 -6
v 9 4.5 -8.5
v 9 4.5 -8.5
v 10 3.5 -6
v 3 1 -11
v 4 2 -11
v 3 2 -11
v 4 1 -11
v 4 1 -11
v 4 2 -12
v 4 2 -11
v 4 1 -12
v 4 1 -12
v 3 2 -12
v 4 2 -12
v 3 1 -12
v 3 1 -12
v 3 2 -11
v 3 2 -12
v 3 1 -11
v 3 2 -11
v 3.5 3 -11.5
v 3.5 3 -11.5
v 4 2 -11
v 4 2 -11
v 3.5 3 -11.5
v 3.5 3 -11.5
v 4 2 -12
v 4 2 -12
v 3.5 3 -11.5
v 3.5 3 -11.5
v 3 2 -12
v 12 1 4
v 11 2 4
v 12 2 4
v 11 1 4
v 9 0 4
v 10 0 5
v 9 0 5
v 10 0 4
v 10.5 3.5 4.5
v 10.5 3.5 4.5
v 10.5 3.5 4.5
v 10.5 3.5 4.5
v 9 0 4
v 9 1 5
v 9 1 4
v 9 0 5
v 10 0 4
v 9 1 4
v 10 1 4
v 9 0 4
v 9 0 5
v 10 1 5
v 9 1 5
v 10 0 5
v 9 1 5
v 10 2 5
v 9 2 5
v 10 1 5
v 10 1 5
v 10 2 4
v 10 2 5
v 10 1 4
v 10 1 4
v 9 2 4
v 10 2 4
v 9 1 4
v 9 1 4
v 9 2 5
v 9 2 4
v 9 1 5
v 9 2 5
v 10.5 3.5 4.5
v 10.5 3.5 4.5
v 10 2 5
v 10 2 4
v 11 2 5
v 10 2 5
v 11 2 4
v 10 2 4
v 10.5 3.5 4.5
v 10.5 3.5 4.5
v 9 2 4
v 9 2 4
v 10.5 3.5 4.5
v 10.5 3.5 4.5
v 9 2 5
v 10 2 5
v 10.5 3.5 4.5
v 10.5 3.5 4.5
v 11 2 5
v 11 1 4
v 11 2 5
v 11 2 4
v 11 1 5
v 11 2 4
v 10.5 3.5 4.5
v 10.5 3.5 4.5
v 10 2 4
v 10.5 3.5 4.5
v 10.5 3.5 4.5
v 10.5 3.5 4.5
v 10.5 3.5 4.5
v 6 0.5 -8
v 6 1.5 -7
v 6 1.5 -8
v 6 0.5 -7
v 7 0.5 -8
v 7 1.5 -9
v 7 1.5 -8
v 7 0.5 -9
v 8 2.5 -10
v 8 3.5 -11
v 8 3.5 -10
v 8 2.5 -11
v 6 0.5 -9
v 6 1.5 -8
v 6 1.5 -9
v 6 0.5 -8
v 7 1.5 -7
v 7 2.5 -8
v 7 2.5 -7
v 7 1.5 -8
v 7 1.5 -8
v 7 2.5 -9
v 7 2.5 -8
v 7 1.5 -9
v 6 3.5 -10
v 7 3.5 -11
v 6 3.5 -11
v 7 3.5 -10
v 6 3.5 -8
v 7 3.5 -9
v 6 3.5 -9
v 9 4.5 -8.5
v 6 3.5 -7
v 9 4.5 -8.5
v 6 3.5 -8
v 9 4.5 -8.5
v 7 2.5 -9
v 8 2.5 -8
v 7 2.5 -8
v 8 2.5 -9
v 6 3.5 -9
v 7 3.5 -10
v 6 3.5 -10
v 7 3.5 -9
v 6 2.5 -9
v 6 3.5 -8
v 6 3.5 -9
v 6 2.5 -8
v 11 2.5 -6
v 12 3.5 -6
v 11 3.5 -6
v 12 2.5 -6
v 12 2.5 -6
v 12 3.5 -7
v 12 3.5 -6
v 12 2.5 -7
v 12 1.5 -7
v 12 2.5 -8
v 12 2.5 -7
v 12 1.5 -8
v 10 3.5 -6
v 9 4.5 -8.5
v 9 4.5 -8.5
v 11 3.5 -6
v 9 4.5 -8.5
v 9 4.5 -8.5
v 9 4.5 -8.5
v 9 4.5 -8.5
v 8 2.5 -9
v 9 2.5 -8
v 8 2.5 -8
v 9 2.5 -9
v 7 3.5 -9
v 8 3.5 -10
v 7 3.5 -10
v 8 3.5 -9
v 9 4.5 -8.5
v 8 3.5 -9
v 7 3.5 -9
v 9 4.5 -8.5
v 9 4.5 -8.5
v 9 3.5 -9
v 8 3.5 -9
v 9 4.5 -8.5
v 9 2.5 -9
v 10 2.5 -8
v 9 2.5 -8
v 10 2.5 -9
v 10 2.5 -9
v 9 3.5 -9
v 10 3.5 -9
v 9 2.5 -9
v 9 4.5 -8.5
v 10 3.5 -9
v 9 3.5 -9
v 9 4.5 -8.5
v 9 4.5 -8.5
v 9 4.5 -8.5
v 9 4.5 -8.5
v 9 4.5 -8.5
v 10 2.5 -9
v 11 2.5 -8
v 10 2.5 -8
v 11 2.5 -9
v 6 4 1
v 5 5 1
v 6 5 1
v 5 4 1
v 4 3 2
v 5 4 2
v 4 4 2
v 5 3 2
v 5 1 2
v 6 2 2
v 5 2 2
v 6 1 2
v 6 1 2
v 6 2 1
v 6 2 2
v 6 1 1
v 6 1 1
v 5 2 1
v 6 2 1
v 5 1 1
v 4 2 2
v 5 3 2
v 4 3 2
v 5 2 2
v 5 2 2
v 6 3 2
v 5 3 2
v 6 2 2
v 6 2 2
v 6 3 1
v 6 3 2
v 6 2 1
v 6 2 1
v 5 3 1
v 6 3 1
v 5 2 1
v 5 3 1
v 4 4 1
v 5 4 1
v 4 3 1
v 4 1 4
v 5 1 5
v 4 1 5
v 5 1 4
v 5 2 4
v 4 3 4
v 5 3 4
v 4 2 4
v 4 2 4
v 3 3 4
v 4 3 4
v 3 2 4
v 5 1 4
v 4 2 4
v 5 2 4
v 4 1 4
v 3.5 6.5 3
v 3.5 6.5 3
v 3.5 6.5 3
v 3.5 6.5 3
v 4 1 2
v 5 2 2
v 4 2 2
v 5 1 2
v 5 1 1
v 4 2 1
v 5 2 1
v 4 1 1
v 3 1 2
v 4 2 2
v 3 2 2
v 4 1 2
v 4 1 1
v 3 2 1
v 4 2 1
v 3 1 1
v 2 1 2
v 3 2 2
v 2 2 2
v 3 1 2
v 3 1 1
v 2 2 1
v 3 2 1
v 2 1 1
v 1 1 2
v 1 2 3
v 1 2 2
v 1 1 3
v 2 1 1
v 1 2 1
v 2 2 1
v 1 1 1
v 1 1 5
v 2 2 5
v 1 2 5
v 2 1 5
v 3 2 4
v 2 3 4
v 3 3 4
v 2 2 4
v 1 2 3
v 1 3 4
v 1 3 3
v 1 2 4
v 1 1 4
v 1 2 5
v 1 2 4
v 1 1 5
v 2 1 5
v 3 2 5
v 2 2 5
v 3 1 5
v 4 1 4
v 3 2 4
v 4 2 4
v 3 1 4
v 2 1 4
v 2 2 3
v 2 2 4
v 2 1 3
v 1 2 2
v 1 3 3
v 1 3 2
v 1 2 3
v 1 2 5
v 2 3 5
v 1 3 5
v 2 2 5
v 2 4 5
v 3 5 5
v 2 5 5
v 3 4 5
v 1 3 3
v 1 4 4
v 1 4 3
v 1 3 4
v 1 2 4
v 1 3 5
v 1 3 4
v 1 2 5
v 2 2 5
v 3 3 5
v 2 3 5
v 3 2 5
v 3 3 5
v 4 4 5
v 3 4 5
v 4 3 5
v 3 2 5
v 4 3 5
v 3 3 5
v 4 2 5
v 3 5 5
v 3.5 6.5 3
v 3.5 6.5 3
v 4 5 5
v 4 2 5
v 5 3 5
v 4 3 5
v 5 2 5
v 2 2 4
v 2 3 3
v 2 3 4
v 2 2 3
v 1 3 2
v 1 4 3
v 1 4 2
v 1 3 3
v 2 2 3
v 2 3 2
v 2 3 3
v 2 2 2
v 1 3 1
v 1 4 2
v 1 4 1
v 1 3 2
v 3 3 1
v 2 4 1
v 3 4 1
v 2 3 1
v 2 2 1
v 1 3 1
v 2 3 1
v 1 2 1
v 2 2 2
v 3 3 2
v 2 3 2
v 3 2 2
v 4 3 1
v 3 4 1
v 4 4 1
v 3 3 1
v 3 2 2
v 4 3 2
v 3 3 2
v 4 2 2
v 5 2 1
v 4 3 1
v 5 3 1
v 4 2 1
v 5 2 5
v 6 3 5
v 5 3 5
v 6 2 5
v 6 2 5
v 6 3 4
v 6 3 5
v 6 2 4
v 6 2 4
v 5 3 4
v 6 3 4
v 5 2 4
v 4 3 5
v 5 4 5
v 4 4 5
v 5 3 5
v 5 5 5
v 6 5 4
v 3.5 6.5 3
v 6 5 5
v 4 3 4
v 3 4 4
v 4 4 4
v 3 3 4
v 2 5 5
v 3.5 6.5 3
v 3.5 6.5 3
v 3 5 5
v 5 3 5
v 6 4 5
v 5 4 5
v 6 3 5
v 6 3 5
v 6 4 4
v 6 4 5
v 6 3 4
v 2 3 5
v 3 4 5
v 2 4 5
v 3 3 5
v 5 3 4
v 4 4 4
v 5 4 4
v 4 3 4
v 3 3 4
v 2 4 4
v 3 4 4
v 2 3 4
v 1 5 5
v 3.5 6.5 3
v 1 5 4
v 2 5 5
v 1 3 5
v 2 4 5
v 1 4 5
v 2 3 5
v 1 4 3
v 1 5 4
v 1 5 3
v 1 4 4
v 2 3 4
v 2 4 3
v 2 4 4
v 2 3 3
v 1 4 2
v 1 5 3
v 1 5 2
v 1 4 3
v 2 3 2
v 3 4 2
v 2 4 2
v 3 3 2
v 1 4 1
v 1 5 2
v 1 5 1
v 1 4 2
v 3 4 3
v 4 4 4
v 3 4 4
v 4 4 3
v 2 3 1
v 1 4 1
v 2 4 1
v 1 3 1
v 3 3 2
v 4 4 2
v 3 4 2
v 4 3 2
v 3.5 6.5 3
v 4 5 1
v 3 5 1
v 3.5 6.5 3
v 2 3 3
v 2 4 2
v 2 4 3
v 2 3 2
v 5 4 1
v 4 5 1
v 5 5 1
v 4 4 1
v 6 1 4
v 5 2 4
v 6 2 4
v 5 1 4
v 6 1 5
v 6 2 4
v 6 2 5
v 6 1 4
v 5 4 5
v 6 5 5
v 5 5 5
v 6 4 5
v 6 4 5
v 6 5 4
v 6 5 5
v 6 4 4
v 4 5 5
v 3.5 6.5 3
v 3.5 6.5 3
v 5 5 5
v 4 4 5
v 5 5 5
v 4 5 5
v 5 4 5
v 4 4 3
v 5 4 4
v 4 4 4
v 5 4 3
v 3 4 5
v 4 5 5
v 3 5 5
v 4 4 5
v 3.5 6.5 3
v 3.5 6.5 3
v 3.5 6.5 3
v 3.5 6.5 3
v 1 4 5
v 2 5 5
v 1 5 5
v 2 4 5
v 6 3.5 3
v 6 5 2
v 6 5 3
v 6 4 2
v 1 5 4
v 3.5 6.5 3
v 1 5 3
v 3.5 6.5 3
v 1 4 4
v 1 5 5
v 1 5 4
v 1 4 5
v 3.5 6.5 3
v 3.5 6.5 3
v 2 5 2
v 3.5 6.5 3
v 1 5 3
v 2 5 2
v 1 5 2
v 3.5 6.5 3
v 3.5 6.5 3
v 3.5 6.5 3
v 3.5 6.5 3
v 3.5 6.5 3
v 1 5 2
v 2 5 1
v 1 5 1
v 2 5 2
v 3 4 1
v 2 5 1
v 3 5 1
v 2 4 1
v 2 4 1
v 1 5 1
v 2 5 1
v 1 4 1
v 4 4 2
v 5 4 3
v 4 4 3
v 5 4 2
v 3.5 6.5 3
v 5 5 1
v 4 5 1
v 3.5 6.5 3
v 4 4 1
v 3 5 1
v 4 5 1
v 3 4 1
v 2 5 2
v 3 5 1
v 2 5 1
v 3.5 6.5 3
v 3 4 2
v 4 4 3
v 3 4 3
v 4 4 2
v 3.5 6.5 3
v 6 5 1
v 5 5 1
v 6 5 2
v 3.5 6.5 3
v 6 5 2
v 3.5 6.5 3
v 6 5 3
v 6 4 2
v 6 5 1
v 6 5 2
v 6 4 1
v 6 4 4
v 6 5 3
v 6 5 4
v 6 3.5 3
v 3.5 6.5 3
v 3.5 6.5 3
v 3.5 6.5 3
v 3.5 6.5 3
v 3.5 6.5 3
v 6 5 3
v 3.5 6.5 3
v 6 5 4
v 2 4 3
v 3 4 4
v 2 4 4
v 3 4 3
v 5 1 5
v 6 2 5
v 5 2 5
v 6 1 5
v -8 0 0
v -7 0 -1
v -8 0 -1
v -7 0 0
v -6 3 11
v -5 3 10
v -6 3 10
v -5 3 11
v -9 1 10
v -8 2 10
v -9 2 10
v -8 1 10
v -8 1 10
v -8 2 9
v -8 2 10
v -8 1 9
v -8 1 9
v -9 2 9
v -8 2 9
v -9 1 9
v -9 1 9
v -9 2 10
v -9 2 9
v -9 1 10
v -9 2 10
v -8.5 3.5 9.5
v -8.5 3.5 9.5
v -8 2 10
v -8 2 10
v -8.5 3.5 9.5
v -8.5 3.5 9.5
v -8 2 9
v -8 2 9
v -8.5 3.5 9.5
v -8.5 3.5 9.5
v -9 2 9
v -9 2 9
v -8.5 3.5 9.5
v -8.5 3.5 9.5
v -9 2 10
v -6 1 11
v -5 2 11
v -6 2 11
v -5 1 11
v -5 1 11
v -5 2 10
v -5 2 11
v -5 1 10
v -5 1 10
v -6 2 10
v -5 2 10
v -6 1 10
v -6 1 10
v -6 2 11
v -6 2 10
v -6 1 11
v -6 2 11
v -5 3 11
v -6 3 11
v -5 2 11
v -5 2 11
v -5 3 10
v -5 3 11
v -5 2 10
v -5 2 10
v -6 3 10
v -5 3 10
v -6 2 10
v -6 2 10
v -6 3 11
v -6 3 10
v -6 2 11
v -13 1 12
v -12 2 12
v -13 2 12
v -12 1 12
v -12 1 12
v -12 2 11
v -12 2 12
v -12 1 11
v -12 1 11
v -13 2 11
v -12 2 11
v -13 1 11
v -13 1 11
v -13 2 12
v -13 2 11
v -13 1 12
v -13 2 12
v -12.5 3.5 11.5
v -12.5 3.5 11.5
v -12 2 12
v -12 2 12
v -12.5 3.5 11.5
v -12.5 3.5 11.5
v -12 2 11
v -12 2 11
v -12.5 3.5 11.5
v -12.5 3.5 11.5
v -13 2 11
v -13 2 11
v -12.5 3.5 11.5
v -12.5 3.5 11.5
v -13 2 12
v 12 0.5 -7
v 12 1.5 -8
v 12 1.5 -7
v 12 0.5 -8
v 12 0.5 -8
v 12 1.5 -9
v 12 1.5 -8
v 12 0.5 -9
v 12 0.5 -9
v 11 1.5 -9
v 12 1.5 -9
v 11 0.5 -9
v 11 0.5 -9
v 11 1.5 -8
v 11 1.5 -9
v 11 0.5 -8
v 11 1.5 -8
v 11 2.5 -7
v 11 2.5 -8
v 11 1.5 -7
v 12 1.5 -8
v 12 2.5 -9
v 12 2.5 -8
v 12 1.5 -9
v 10 0.5 -6
v 11 1.5 -6
v 10 1.5 -6
v 11 0.5 -6
v 11 0.5 -7
v 10 1.5 -7
v 11 1.5 -7
v 10 0.5 -7
v 9 0.5 -6
v 10 1.5 -6
v 9 1.5 -6
v 10 0.5 -6
v 10 0.5 -7
v 9 1.5 -7
v 10 1.5 -7
v 9 0.5 -7
v 8 0.5 -6
v 9 1.5 -6
v 8 1.5 -6
v 9 0.5 -6
v 9 0.5 -7
v 8 1.5 -7
v 9 1.5 -7
v 8 0.5 -7
v 6 0.5 -6
v 7 1.5 -6
v 6 1.5 -6
v 7 0.5 -6
v 8 0.5 -7
v 7 1.5 -7
v 8 1.5 -7
v 7 0.5 -7
v 8 2.5 -11
v 7 3.5 -11
v 8 3.5 -11
v 7 2.5 -11
v 6 0.5 -7
v 6 1.5 -6
v 6 1.5 -7
v 6 0.5 -6
v 6 1.5 -6
v 7 2.5 -6
v 6 2.5 -6
v 7 1.5 -6
v 6 3.5 -6
v 9 4.5 -8.5
v 6 3.5 -7
v 7 3.5 -6
v 6 1.5 -8
v 6 2.5 -7
v 6 2.5 -8
v 6 1.5 -7
v 6 1.5 -7
v 6 2.5 -6
v 6 2.5 -7
v 6 1.5 -6
v 7 1.5 -6
v 8 2.5 -6
v 7 2.5 -6
v 8 1.5 -6
v 7 3.5 -6
v 9 4.5 -8.5
v 9 4.5 -8.5
v 8 3.5 -6
v 10 2.5 -6
v 11 3.5 -6
v 10 3.5 -6
v 11 2.5 -6
v 10 2.5 -8
v 11 2.5 -7
v 10 2.5 -7
v 11 2.5 -8
v 9 2.5 -6
v 10 3.5 -6
v 9 3.5 -6
v 10 2.5 -6
v 9 2.5 -8
v 10 2.5 -7
v 9 2.5 -7
v 10 2.5 -8
v 8 2.5 -6
v 9 3.5 -6
v 8 3.5 -6
v 9 2.5 -6
v 8 2.5 -8
v 9 2.5 -7
v 8 2.5 -7
v 9 2.5 -8
v 7 2.5 -6
v 8 3.5 -6
v 7 3.5 -6
v 8 2.5 -6
v 7 2.5 -8
v 8 2.5 -7
v 7 2.5 -7
v 8 2.5 -8
v 6 2.5 -6
v 7 3.5 -6
v 6 3.5 -6
v 7 2.5 -6
v 10 0.5 -7
v 11 0.5 -8
v 10 0.5 -8
v 11 0.5 -7
v 6 0.5 -10
v 6 1.5 -9
v 6 1.5 -10
v 6 0.5 -9
v 8 0.5 -11
v 7 1.5 -11
v 8 1.5 -11
v 7 0.5 -11
v 7 0.5 -11
v 6 1.5 -11
v 7 1.5 -11
v 6 0.5 -11
v 6 0.5 -11
v 6 1.5 -10
v 6 1.5 -11
v 6 0.5 -10
v 7 0.5 -9
v 8 1.5 -9
v 7 1.5 -9
v 8 0.5 -9
v 8 0.5 -9
v 8 1.5 -10
v 8 1.5 -9
v 8 0.5 -10
v 6 1.5 -10
v 6 2.5 -9
v 6 2.5 -10
v 6 1.5 -9
v 8 1.5 -11
v 7 2.5 -11
v 8 2.5 -11
v 7 1.5 -11
v 7 1.5 -11
v 6 2.5 -11
v 7 2.5 -11
v 6 1.5 -11
v 6 1.5 -11
v 6 2.5 -10
v 6 2.5 -11
v 6 1.5 -10
v 7 1.5 -9
v 8 2.5 -9
v 7 2.5 -9
v 8 1.5 -9
v 8 1.5 -9
v 8 2.5 -10
v 8 2.5 -9
v 8 1.5 -10
v 8 2.5 -9
v 8 3.5 -10
v 8 3.5 -9
v 8 2.5 -10
v 7 3.5 -10
v 8 3.5 -11
v 7 3.5 -11
v 8 3.5 -10
v -7 4 -7
v -7 5 -8
v -7 5 -7
v -7.5 5 -8
v 2 1 15
v 3 1 14
v 2 1 14
v 3 1 15
v 11 0 5
v 12 1 5
v 11 1 5
v 12 0 5
v 12 0 5
v 12 1 4
v 12 1 5
v 12 0 4
v 12 0 4
v 11 1 4
v 12 1 4
v 11 0 4
v 11 0 4
v 11 1 5
v 11 1 4
v 11 0 5
v 6 1 -3
v 7 1 -4
v 6 1 -4
v 7 1 -3
v 0 1 -8
v -0.5 3 -7.5
v -0.5 3 -7.5
v -1 1 -8
v -0.5 3 -7.5
v -0.5 3 -7.5
v -0.5 3 -7.5
v -0.5 3 -7.5
v -1 1 -7
v -0.5 3 -7.5
v -0.5 3 -7.5
v 0 1 -7
v 0 1 -7
v -0.5 3 -7.5
v -0.5 3 -7.5
v 0 1 -8
v -1 1 -8
v -0.5 3 -7.5
v -0.5 3 -7.5
v -1 1 -7
v -1.5 0 -8
v -2 2 -7.5
v -2 2 -7.5
v -2.5 0 -8
v -2 2 -7.5
v -2 2 -7.5
v -2 2 -7.5
v -2 2 -7.5
v -2.5 0 -7
v -2 2 -7.5
v -2 2 -7.5
v -1.5 0 -7
v -1.5 0 -7
v -2 2 -7.5
v -2 2 -7.5
v -1.5 0 -8
v -2.5 0 -8
v -2 2 -7.5
v -2 2 -7.5
v -2.5 0 -7
v -1.5 1 -1.5
v -2 3 -1
v -2 3 -1
v -2.5 1 -1.5
v -2 3 -1
v -2 3 -1
v -2 3 -1
v -2 3 -1
v -2.5 1 -0.5
v -2 3 -1
v -2 3 -1
v -1.5 1 -0.5
v -1.5 1 -0.5
v -2 3 -1
v -2 3 -1
v -1.5 1 -1.5
v -2.5 1 -1.5
v -2 3 -1
v -2 3 -1
v -2.5 1 -0.5
v -1.5 0 10.5
v -2 2 11
v -2 2 11
v -2.5 0 10.5
v -2 2 11
v -2 2 11
v -2 2 11
v -2 2 11
v -2.5 0 11.5
v -2 2 11
v -2 2 11
v -1.5 0 11.5
v -1.5 0 11.5
v -2 2 11
v -2 2 11
v -1.5 0 10.5
v -2.5 0 10.5
v -2 2 11
v -2 2 11
v -2.5 0 11.5
v 12.5 1 -1.5
v 12 3 -1
v 12 3 -1
v 11.5 1 -1.5
v 12 3 -1
v 12 3 -1
v 12 3 -1
v 12 3 -1
v 11.5 1 -0.5
v 12 3 -1
v 12 3 -1
v 12.5 1 -0.5
v 12.5 1 -0.5
v 12 3 -1
v 12 3 -1
v 12.5 1 -1.5
v 11.5 1 -1.5
v 12 3 -1
v 12 3 -1
v 11.5 1 -0.5
v 12.5 0 -12.5
v 12 2 -12
v 12 2 -12
v 11.5 0 -12.5
v 12 2 -12
v 12 2 -12
v 12 2 -12
v 12 2 -12
v 11.5 0 -11.5
v 12 2 -12
v 12 2 -12
v 12.5 0 -11.5
v 12.5 0 -11.5
v 12 2 -12
v 12 2 -12
v 12.5 0 -12.5
v 11.5 0 -12.5
v 12 2 -12
v 12 2 -12
v 11.5 0 -11.5
v -11.5 1 -1.5
v -12 3 -1
v -12 3 -1
v -12.5 1 -1.5
v -12 3 -1
v -12 3 -1
v -12 3 -1
v -12 3 -1
v -12.5 1 -0.5
v -12 3 -1
v -12 3 -1
v -11.5 1 -0.5
v -11.5 1 -0.5
v -12 3 -1
v -12 3 -1
v -11.5 1 -1.5
v -12.5 1 -1.5
v -12 3 -1
v -12 3 -1
v -12.5 1 -0.5
v -3 0.5 -2.5
v -3.5 2.5 -2
v -3.5 2.5 -2
v -4 0.5 -2.5
v -3.5 2.5 -2
v -3.5 2.5 -2
v -3.5 2.5 -2
v -3.5 2.5 -2
v -4 0.5 -1.5
v -3.5 2.5 -2
v -3.5 2.5 -2
v -3 0.5 -1.5
v -3 0.5 -1.5
v -3.5 2.5 -2
v -3.5 2.5 -2
v -3 0.5 -2.5
v -4 0.5 -2.5
v -3.5 2.5 -2
v -3.5 2.5 -2
v -4 0.5 -1.5
v -9.75 0.25 7.75
v -10.25 2.25 8.25
v -10.25 2.25 8.25
v -10.75 0.25 7.75
v -10.25 2.25 8.25
v -10.25 2.25 8.25
v -10.25 2.25 8.25
v -10.25 2.25 8.25
v -10.75 0.25 8.75
v -10.25 2.25 8.25
v -10.25 2.25 8.25
v -9.75 0.25 8.75
v -9.75 0.25 8.75
v -10.25 2.25 8.25
v -10.25 2.25 8.25
v -9.75 0.25 7.75
v -10.75 0.25 7.75
v -10.25 2.25 8.25
v -10.25 2.25 8.25
v -10.75 0.25 8.75
v -9.75 1.25 4.75
v -10.25 3.25 5.25
v -10.25 3.25 5.25
v -10.75 1.25 4.75
v -10.25 3.25 5.25
v -10.25 3.25 5.25
v -10.25 3.25 5.25
v -10.25 3.25 5.25
v -10.75 1.25 5.75
v -10.25 3.25 5.25
v -10.25 3.25 5.25
v -9.75 1.25 5.75
v -9.75 1.25 5.75
v -10.25 3.25 5.25
v -10.25 3.25 5.25
v -9.75 1.25 4.75
v -10.75 1.25 4.75
v -10.25 3.25 5.25
v -10.25 3.25 5.25
v -10.75 1.25 5.75
v 11.5 1 9.5
v 11 3 10
v 11 3 10
v 10.5 1 9.5
v 11 3 10
v 11 3 10
v 11 3 10
v 11 3 10
v 10.5 1 10.5
v 11 3 10
v 11 3 10
v 11.5 1 10.5
v 11.5 1 10.5
v 11 3 10
v 11 3 10
v 11.5 1 9.5
v 10.5 1 9.5
v 11 3 10
v 11 3 10
v 10.5 1 10.5
v 11.5 0 10.5
v 11 2 11
v 11 2 11
v 10.5 0 10.5
v 11 2 11
v 11 2 11
v 11 2 11
v 11 2 11
v 10.5 0 11.5
v 11 2 11
v 11 2 11
v 11.5 0 11.5
v 11.5 0 11.5
v 11 2 11
v 11 2 11
v 11.5 0 10.5
v 10.5 0 10.5
v 11 2 11
v 11 2 11
v 10.5 0 11.5
v 4.5 1 9.5
v 4 3 10
v 4 3 10
v 3.5 1 9.5
v 4 3 10
v 4 3 10
v 4 3 10
v 4 3 10
v 3.5 1 10.5
v 4 3 10
v 4 3 10
v 4.5 1 10.5
v 4.5 1 10.5
v 4 3 10
v 4 3 10
v 4.5 1 9.5
v 3.5 1 9.5
v 4 3 10
v 4 3 10
v 3.5 1 10.5
vt 0 0.375
vt 0.25 0.25
vt 0 0.25
vt 0.25 0.375
vt 0.75 0.375
vt 1 0.25
vt 1 0.375
vt 0.75 0.25
vt 1 0.625
vt 0.75 0.75
vt 0.75 0.625
vt 1 0.75
vt 1 0.5
vt 0.75 0.5
vt 0.5 0.25
vt 0.5 0.375
vt 0.5 0.75
vt 0.5 0.625
vt 0.5 0.5
vt 1 0.125
vt 0.75 0.125
vt 0.25 0.125
vt 0 0.125
vt 1 0
vt 0.75 0
vt 0.25 0.5
vt 0.25 0.625
vt 0.25 0.75
vt 0 0.625
vt 0 0.75
vt 1 0.875
vt 0.75 0.875
vt 0.25 0.875
vt 0 0.875
vt 0.5 0.875
vt 1 1
vt 0.75 1
vn 0 1 0
vn 0.57735027 0.57735027 0.57735027
vn 0 0.70710678 -0.70710678
vn -0.57735027 0.57735027 -0.57735027
vn 0.70710678 0.70710678 0
vn 0.24253563 0.9701425 0
vn 0 0.89442719 -0.4472136
vn -0.70710678 0.70710678 0
vn 0 0.70710678 0.70710678
vn 0 0 0
vn -0.91914503 -0.3939193 0
vn -1 0 0
vn 0 0.89442719 0.4472136
vn 0 0 -1
vn 0 0 1
vn 0 -0.49613894 -0.86824314
vn 0 -0.49613894 0.86824314
vn 1 0 0
vn 0 -1 0
vn 0.23570226 0.94280904 0.23570226
vn -0.70710678 0 -0.70710678
vn 0.43685203 0.78633365 0.43685203
vn 0 0.76822128 0.6401844
vn 0 0.76822128 -0.6401844
vn 0.91914503 -0.3939193 0
vn -0.43685203 0.78633365 -0.43685203
vn -0.23570226 0.23570226 -0.94280904
vn 0.4472136 0.89442719 0
vn 0 0.31622777 0.9486833
vn 0 0.31622777 -0.9486833
vn 0.89442719 0 0.4472136
vn -0.9486833 0.31622777 0
vn -0.89442719 0.4472136 0
vn 0.21199958 0.95399809 0.21199958
vn 0.9486833 0.31622777 0
vn 0.31622777 0.9486833 0
vn 0 0.92847669 0.37139068
vn 0 0.4472136 -0.89442719
vn 0 0.4472136 0.89442719
vn 0.89442719 0.4472136 0
vn -0.34815531 0.87038828 -0.34815531
vn -0.31622777 0.9486833 0
vn 0 0.8 0.6
vn 0.36650833 0.85518611 0.36650833
vn -0.51449576 0.85749293 0
vn 0 0.8 -0.6
vn -0.45749571 0.76249285 -0.45749571
vn 0.51449576 0.85749293 0
vn 0 -0.70710678 -0.70710678
vn 0 0.24253563 -0.9701425
vn 0 0.24253563 0.9701425
vn 0.9701425 0.24253563 0
vn -0.9701425 0.24253563 0
g Scene
usemtl pixellab-tileset-grass-light-brown-like-dirt-0b1e6713
f 1/1/1 3/2/1 2/3/1
f 1/1/1 4/4/1 3/2/1
f 5/3/1 6/4/1 7/1/1
f 5/3/1 8/2/1 6/4/1
f 9/3/1 10/4/1 11/1/1
f 9/3/1 12/2/1 10/4/1
f 13/2/1 14/1/1 15/3/1
f 13/2/1 16/4/1 14/1/1
f 17/2/1 18/1/1 19/3/1
f 17/2/1 20/4/1 18/1/1
f 21/1/1 22/2/1 23/4/1
f 21/1/1 24/3/1 22/2/1
f 25/1/1 26/2/1 27/3/1
f 25/1/1 28/4/1 26/2/1
f 29/2/1 30/1/1 31/3/1
f 29/2/1 32/4/1 30/1/1
f 33/3/2 34/4/2 35/2/2
f 33/3/1 36/1/1 34/4/1
f 37/1/1 38/2/1 39/4/1
f 37/1/1 40/3/1 38/2/1
f 41/2/1 42/1/1 43/4/1
f 41/2/1 44/3/1 42/1/1
f 45/5/1 46/6/1 47/7/1
f 45/5/1 48/8/1 46/6/1
f 49/9/1 50/10/1 51/11/1
f 49/9/1 52/12/1 50/10/1
f 53/13/1 54/11/1 55/14/1
f 53/13/1 56/9/1 54/11/1
f 57/2/1 58/1/1 59/4/1
f 57/2/1 60/3/1 58/1/1
f 61/4/1 62/3/1 63/1/1
f 61/4/1 64/2/1 62/3/1
f 65/3/1 66/4/1 67/1/1
f 65/3/1 68/2/1 66/4/1
f 69/1/1 70/2/1 71/4/1
f 69/1/1 72/3/1 70/2/1
f 73/2/1 74/1/1 75/3/1
f 73/2/1 76/4/1 74/1/1
f 77/3/1 78/4/1 79/2/1
f 77/3/1 80/1/1 78/4/1
f 81/1/1 82/2/1 83/3/1
f 81/1/1 84/4/1 82/2/1
f 85/3/1 86/4/1 87/2/1
f 85/3/1 88/1/1 86/4/1
f 89/3/1 90/4/1 91/1/1
f 89/3/1 92/2/1 90/4/1
f 93/4/1 94/3/1 95/2/1
f 93/4/1 96/1/1 94/3/1
f 97/4/1 98/3/1 99/1/1
f 97/4/1 100/2/1 98/3/1
f 101/2/1 102/1/1 103/3/1
f 101/2/1 104/4/1 102/1/1
f 105/1/1 106/2/1 107/4/1
f 105/1/1 108/3/1 106/2/1
f 109/1/1 110/2/1 111/4/1
f 109/1/1 112/3/1 110/2/1
f 113/1/1 114/2/1 115/3/1
f 113/1/1 116/4/1 114/2/1
f 117/15/3 118/5/3 119/8/3
f 117/15/3 120/16/3 118/5/3
f 121/15/3 122/5/3 123/8/3
f 121/15/3 124/16/3 122/5/3
f 125/15/3 126/5/3 127/8/3
f 125/15/3 128/16/3 126/5/3
f 129/15/3 130/5/3 131/8/3
f 129/15/3 132/16/3 130/5/3
f 133/15/3 134/5/3 135/8/3
f 133/15/3 136/16/3 134/5/3
f 137/15/3 138/5/3 139/8/3
f 137/15/3 140/16/3 138/5/3
f 141/15/3 142/5/3 143/8/3
f 141/15/3 144/16/3 142/5/3
f 145/15/3 146/5/3 147/8/3
f 145/15/3 148/16/3 146/5/3
f 149/15/3 150/5/3 151/8/3
f 149/15/3 152/16/3 150/5/3
f 153/15/3 154/5/3 155/8/3
f 153/15/3 156/16/3 154/5/3
f 157/15/3 158/5/3 159/8/3
f 157/15/3 160/16/3 158/5/3
f 161/15/3 162/5/3 163/8/3
f 161/15/3 164/16/3 162/5/3
f 165/15/3 166/5/3 167/8/3
f 165/15/3 168/16/3 166/5/3
f 169/15/3 170/5/3 171/8/3
f 169/15/3 172/16/3 170/5/3
f 173/15/3 174/5/3 175/8/3
f 173/15/3 176/16/3 174/5/3
f 177/15/3 178/5/3 179/8/3
f 177/15/3 180/16/3 178/5/3
f 181/3/1 182/4/1 183/2/1
f 181/3/4 184/1/4 182/4/4
f 185/15/3 186/5/3 187/8/3
f 185/15/3 188/16/3 186/5/3
f 189/15/3 190/5/3 191/8/3
f 189/15/3 192/16/3 190/5/3
f 193/15/3 194/5/3 195/8/3
f 193/15/3 196/16/3 194/5/3
f 197/15/3 198/5/3 199/8/3
f 197/15/3 200/16/3 198/5/3
f 201/15/3 202/5/3 203/8/3
f 201/15/3 204/16/3 202/5/3
f 205/15/3 206/5/3 207/8/3
f 205/15/3 208/16/3 206/5/3
f 209/15/3 210/5/3 211/8/3
f 209/15/3 212/16/3 210/5/3
f 213/15/3 214/5/3 215/8/3
f 213/15/3 216/16/3 214/5/3
f 217/15/3 218/5/3 219/8/3
f 217/15/3 220/16/3 218/5/3
f 221/15/3 222/5/3 223/8/3
f 221/15/3 224/16/3 222/5/3
f 225/2/1 226/1/1 227/4/1
f 225/2/1 228/3/1 226/1/1
f 229/1/1 230/2/1 231/3/1
f 229/1/1 232/4/1 230/2/1
f 233/15/3 234/5/3 235/8/3
f 233/15/3 236/16/3 234/5/3
f 237/15/3 238/5/3 239/8/3
f 237/15/3 240/16/3 238/5/3
f 241/2/1 242/1/1 243/3/1
f 241/2/1 244/4/1 242/1/1
f 245/15/5 246/5/5 247/16/5
f 245/15/5 248/8/5 246/5/5
f 249/15/5 250/5/5 251/16/5
f 249/15/5 252/8/5 250/5/5
f 253/15/5 254/5/5 255/16/5
f 253/15/5 256/8/5 254/5/5
f 257/15/5 258/5/5 259/16/5
f 257/15/5 260/8/5 258/5/5
f 261/15/5 262/5/5 263/16/5
f 261/15/5 264/8/5 262/5/5
f 265/15/5 266/5/5 267/16/5
f 265/15/5 268/8/5 266/5/5
f 269/15/5 270/5/5 271/16/5
f 269/15/5 272/8/5 270/5/5
f 273/15/5 274/5/5 275/16/5
f 273/15/5 276/8/5 274/5/5
f 277/15/5 278/5/5 279/16/5
f 277/15/5 280/8/5 278/5/5
f 281/15/5 282/5/5 283/16/5
f 281/15/5 284/8/5 282/5/5
f 285/15/5 286/5/5 287/16/5
f 285/15/5 288/8/5 286/5/5
f 289/15/5 290/5/5 291/16/5
f 289/15/5 292/8/5 290/5/5
f 293/15/5 294/5/5 295/16/5
f 293/15/5 296/8/5 294/5/5
f 297/3/1 298/4/1 299/1/1
f 297/3/1 300/2/1 298/4/1
f 301/1/1 302/2/1 303/4/1
f 301/1/1 304/3/1 302/2/1
f 305/1/1 306/2/1 307/4/1
f 305/1/1 308/3/1 306/2/1
f 309/15/5 310/5/5 311/16/5
f 309/15/5 312/8/5 310/5/5
f 313/15/5 314/5/5 315/16/5
f 313/15/5 316/8/5 314/5/5
f 317/15/5 318/5/5 319/16/5
f 317/15/5 320/8/5 318/5/5
f 321/15/5 322/5/5 323/16/5
f 321/15/5 324/8/5 322/5/5
f 325/15/5 326/5/5 327/16/5
f 325/15/5 328/8/5 326/5/5
f 329/15/5 330/5/5 331/16/5
f 329/15/5 332/8/5 330/5/5
f 333/15/5 334/5/5 335/16/5
f 333/15/5 336/8/5 334/5/5
f 337/15/5 338/5/5 339/16/5
f 337/15/5 340/8/5 338/5/5
f 341/15/5 342/5/5 343/16/5
f 341/15/5 344/8/5 342/5/5
f 345/15/5 346/5/5 347/16/5
f 345/15/5 348/8/5 346/5/5
f 349/1/1 350/2/1 351/3/1
f 349/1/1 352/4/1 350/2/1
f 353/15/5 354/5/5 355/16/5
f 353/15/5 356/8/5 354/5/5
f 357/15/5 358/5/5 359/16/5
f 357/15/5 360/8/5 358/5/5
f 361/15/5 362/5/5 363/16/5
f 361/15/5 364/8/5 362/5/5
f 365/15/5 366/5/5 367/16/5
f 365/15/5 368/8/5 366/5/5
f 369/15/5 370/5/5 371/16/5
f 369/15/5 372/8/5 370/5/5
f 373/15/5 374/5/5 375/16/5
f 373/15/5 376/8/5 374/5/5
f 377/1/1 378/2/1 379/3/1
f 377/1/1 380/4/1 378/2/1
f 381/4/1 382/3/1 383/2/1
f 381/4/1 384/1/1 382/3/1
f 385/3/1 386/4/1 387/2/1
f 385/3/1 388/1/1 386/4/1
f 389/1/1 390/2/1 391/3/1
f 389/1/1 392/4/1 390/2/1
f 393/3/1 394/4/1 395/1/1
f 393/3/1 396/2/1 394/4/1
f 397/4/1 398/3/1 399/2/1
f 397/4/1 400/1/1 398/3/1
f 401/1/1 402/2/1 403/3/1
f 401/1/1 404/4/1 402/2/1
f 405/2/6 406/1/6 407/3/6
f 405/2/7 408/4/7 406/1/7
f 409/1/1 410/2/1 411/4/1
f 409/1/1 412/3/1 410/2/1
f 413/1/1 414/2/1 415/4/1
f 413/1/1 416/3/1 414/2/1
f 417/16/8 418/8/8 419/15/8
f 417/16/8 420/5/8 418/8/8
f 421/16/8 422/8/8 423/15/8
f 421/16/8 424/5/8 422/8/8
f 425/16/8 426/8/8 427/15/8
f 425/16/8 428/5/8 426/8/8
f 429/16/8 430/8/8 431/15/8
f 429/16/8 432/5/8 430/8/8
f 433/16/8 434/8/8 435/15/8
f 433/16/8 436/5/8 434/8/8
f 437/13/1 438/11/1 439/14/1
f 437/13/1 440/9/1 438/11/1
f 441/15/3 442/5/3 443/8/3
f 441/15/3 444/16/3 442/5/3
f 445/16/8 446/8/8 447/15/8
f 445/16/8 448/5/8 446/8/8
f 449/16/8 450/8/8 451/15/8
f 449/16/8 452/5/8 450/8/8
f 453/16/8 454/8/8 455/15/8
f 453/16/8 456/5/8 454/8/8
f 457/16/8 458/8/8 459/15/8
f 457/16/8 460/5/8 458/8/8
f 461/16/8 462/8/8 463/15/8
f 461/16/8 464/5/8 462/8/8
f 465/16/8 466/8/8 467/15/8
f 465/16/8 468/5/8 466/8/8
f 469/16/8 470/8/8 471/15/8
f 469/16/8 472/5/8 470/8/8
f 473/16/8 474/8/8 475/15/8
f 473/16/8 476/5/8 474/8/8
f 477/16/8 478/8/8 479/15/8
f 477/16/8 480/5/8 478/8/8
f 481/16/8 482/8/8 483/15/8
f 481/16/8 484/5/8 482/8/8
f 485/16/8 486/8/8 487/15/8
f 485/16/8 488/5/8 486/8/8
f 489/16/8 490/8/8 491/15/8
f 489/16/8 492/5/8 490/8/8
f 493/16/8 494/8/8 495/15/8
f 493/16/8 496/5/8 494/8/8
f 497/16/8 498/8/8 499/15/8
f 497/16/8 500/5/8 498/8/8
f 501/1/1 502/2/1 503/3/1
f 501/1/1 504/4/1 502/2/1
f 505/15/3 506/5/3 507/8/3
f 505/15/3 508/16/3 506/5/3
f 509/1/3 510/2/3 511/4/3
f 509/1/5 512/3/5 510/2/5
f 513/4/1 514/3/1 515/1/1
f 513/4/1 516/2/1 514/3/1
f 517/3/1 518/4/1 519/2/1
f 517/3/1 520/1/1 518/4/1
f 521/1/1 522/2/1 523/4/1
f 521/1/1 524/3/1 522/2/1
f 525/2/1 526/1/1 527/4/1
f 525/2/1 528/3/1 526/1/1
f 529/2/1 530/1/1 531/4/1
f 529/2/1 532/3/1 530/1/1
f 533/4/1 534/3/1 535/2/1
f 533/4/1 536/1/1 534/3/1
f 537/3/1 538/4/1 539/2/1
f 537/3/1 540/1/1 538/4/1
f 541/16/8 542/8/8 543/15/8
f 541/16/8 544/5/8 542/8/8
f 545/16/8 546/8/8 547/15/8
f 545/16/8 548/5/8 546/8/8
f 549/16/8 550/8/8 551/15/8
f 549/16/8 552/5/8 550/8/8
f 553/16/8 554/8/8 555/15/8
f 553/16/8 556/5/8 554/8/8
f 557/16/8 558/8/8 559/15/8
f 557/16/8 560/5/8 558/8/8
f 561/16/8 562/8/8 563/15/8
f 561/16/8 564/5/8 562/8/8
f 565/1/8 566/2/8 567/3/8
f 565/1/9 568/4/9 566/2/9
f 569/16/8 570/8/8 571/15/8
f 569/16/8 572/5/8 570/8/8
f 573/15/9 574/5/9 575/8/9
f 573/15/9 576/16/9 574/5/9
f 577/15/9 578/5/9 579/8/9
f 577/15/9 580/16/9 578/5/9
f 581/15/9 582/5/9 583/8/9
f 581/15/9 584/16/9 582/5/9
f 585/15/9 586/5/9 587/8/9
f 585/15/9 588/16/9 586/5/9
f 589/15/9 590/5/9 591/8/9
f 589/15/9 592/16/9 590/5/9
f 593/15/9 594/5/9 595/8/9
f 593/15/9 596/16/9 594/5/9
f 597/15/9 598/5/9 599/8/9
f 597/15/9 600/16/9 598/5/9
f 601/15/9 602/5/9 603/8/9
f 601/15/9 604/16/9 602/5/9
f 605/15/9 606/5/9 607/8/9
f 605/15/9 608/16/9 606/5/9
f 609/15/9 610/5/9 611/8/9
f 609/15/9 612/16/9 610/5/9
f 613/16/8 614/8/8 615/15/8
f 613/16/8 616/5/8 614/8/8
f 617/3/1 618/4/1 619/1/1
f 617/3/1 620/2/1 618/4/1
f 621/2/1 622/1/1 623/3/1
f 621/2/1 624/4/1 622/1/1
f 625/15/9 626/5/9 627/8/9
f 625/15/9 628/16/9 626/5/9
f 629/1/1 630/2/1 631/3/1
f 629/1/1 632/4/1 630/2/1
f 633/3/1 634/4/1 635/1/1
f 633/3/1 636/2/1 634/4/1
f 637/4/1 638/3/1 639/1/1
f 637/4/1 640/2/1 638/3/1
f 641/2/1 642/1/1 643/4/1
f 641/2/1 644/3/1 642/1/1
f 645/4/1 646/3/1 647/1/1
f 645/4/1 648/2/1 646/3/1
f 649/3/1 650/4/1 651/1/1
f 649/3/1 652/2/1 650/4/1
f 653/1/1 654/2/1 655/3/1
f 653/1/1 656/4/1 654/2/1
f 657/3/1 658/4/1 659/1/1
f 657/3/1 660/2/1 658/4/1
f 661/3/1 662/4/1 663/1/1
f 661/3/1 664/2/1 662/4/1
f 665/1/1 666/2/1 667/4/1
f 665/1/1 668/3/1 666/2/1
f 669/2/1 670/1/1 671/4/1
f 669/2/1 672/3/1 670/1/1
f 673/4/1 674/3/1 675/2/1
f 673/4/1 676/1/1 674/3/1
f 677/4/1 678/3/1 679/2/1
f 677/4/1 680/1/1 678/3/1
f 681/3/1 682/4/1 683/2/1
f 681/3/1 684/1/1 682/4/1
f 685/3/1 686/4/1 687/1/1
f 685/3/1 688/2/1 686/4/1
f 689/2/1 690/1/1 691/3/1
f 689/2/1 692/4/1 690/1/1
f 693/1/1 694/2/1 695/3/1
f 693/1/1 696/4/1 694/2/1
f 697/1/1 698/2/1 699/3/1
f 697/1/1 700/4/1 698/2/1
f 701/4/1 702/3/1 703/2/1
f 701/4/1 704/1/1 702/3/1
f 705/1/1 706/2/1 707/4/1
f 705/1/1 708/3/1 706/2/1
f 709/2/1 710/1/1 711/4/1
f 709/2/1 712/3/1 710/1/1
f 713/3/1 714/4/1 715/1/1
f 713/3/1 716/2/1 714/4/1
f 717/1/1 718/2/1 719/3/1
f 717/1/1 720/4/1 718/2/1
f 721/2/1 722/1/1 723/4/1
f 721/2/1 724/3/1 722/1/1
f 725/4/1 726/3/1 727/1/1
f 725/4/1 728/2/1 726/3/1
f 729/1/1 730/2/1 731/3/1
f 729/1/1 732/4/1 730/2/1
f 733/4/1 734/3/1 735/1/1
f 733/4/1 736/2/1 734/3/1
f 737/4/1 738/3/1 739/2/1
f 737/4/1 740/1/1 738/3/1
f 741/16/8 742/8/8 743/15/8
f 741/16/8 744/5/8 742/8/8
f 745/16/8 746/8/8 747/15/8
f 745/16/8 748/5/8 746/8/8
f 749/3/1 750/4/1 751/1/1
f 749/3/1 752/2/1 750/4/1
f 753/11/10 754/17/10 755/10/10
f 753/11/11 756/18/11 754/17/11
f 757/3/1 758/4/1 759/1/1
f 757/3/1 760/2/1 758/4/1
f 761/1/1 762/2/1 763/3/1
f 761/1/1 764/4/1 762/2/1
f 765/4/1 766/3/1 767/1/1
f 765/4/1 768/2/1 766/3/1
f 769/4/1 770/3/1 771/1/1
f 769/4/1 772/2/1 770/3/1
f 773/4/1 774/3/1 775/2/1
f 773/4/1 776/1/1 774/3/1
f 777/1/1 778/2/1 779/3/1
f 777/1/1 780/4/1 778/2/1
f 781/3/1 782/4/1 783/2/1
f 781/3/1 784/1/1 782/4/1
f 785/3/1 786/4/1 787/1/1
f 785/3/1 788/2/1 786/4/1
f 789/1/1 790/2/1 791/4/1
f 789/1/1 792/3/1 790/2/1
f 793/1/1 794/2/1 795/4/1
f 793/1/1 796/3/1 794/2/1
f 797/1/1 798/2/1 799/3/1
f 797/1/1 800/4/1 798/2/1
f 801/4/1 802/3/1 803/1/1
f 801/4/1 804/2/1 802/3/1
f 805/2/1 806/1/1 807/3/1
f 805/2/1 808/4/1 806/1/1
f 809/1/1 810/2/1 811/4/1
f 809/1/1 812/3/1 810/2/1
f 813/1/1 814/2/1 815/4/1
f 813/1/1 816/3/1 814/2/1
f 817/3/1 818/4/1 819/2/1
f 817/3/1 820/1/1 818/4/1
f 821/4/1 822/3/1 823/1/1
f 821/4/1 824/2/1 822/3/1
f 825/4/1 826/3/1 827/2/1
f 825/4/1 828/1/1 826/3/1
f 829/1/1 830/2/1 831/4/1
f 829/1/1 832/3/1 830/2/1
f 833/4/1 834/3/1 835/2/1
f 833/4/1 836/1/1 834/3/1
f 837/1/1 838/2/1 839/4/1
f 837/1/1 840/3/1 838/2/1
f 841/4/1 842/3/1 843/1/1
f 841/4/1 844/2/1 842/3/1
f 845/2/1 846/1/1 847/4/1
f 845/2/1 848/3/1 846/1/1
f 849/3/1 850/4/1 851/1/1
f 849/3/1 852/2/1 850/4/1
f 853/4/1 854/3/1 855/1/1
f 853/4/1 856/2/1 854/3/1
f 857/4/1 858/3/1 859/1/1
f 857/4/1 860/2/1 858/3/1
f 861/1/1 862/2/1 863/4/1
f 861/1/1 864/3/1 862/2/1
f 865/1/1 866/2/1 867/3/1
f 865/1/1 868/4/1 866/2/1
f 869/1/1 870/2/1 871/3/1
f 869/1/1 872/4/1 870/2/1
f 873/1/1 874/2/1 875/4/1
f 873/1/1 876/3/1 874/2/1
f 877/3/1 878/4/1 879/2/1
f 877/3/1 880/1/1 878/4/1
f 881/4/1 882/3/1 883/2/1
f 881/4/1 884/1/1 882/3/1
f 885/2/1 886/1/1 887/4/1
f 885/2/1 888/3/1 886/1/1
f 889/2/1 890/1/1 891/4/1
f 889/2/1 892/3/1 890/1/1
f 893/4/1 894/3/1 895/1/1
f 893/4/1 896/2/1 894/3/1
f 897/4/1 898/3/1 899/1/1
f 897/4/1 900/2/1 898/3/1
f 901/2/1 902/1/1 903/3/1
f 901/2/1 904/4/1 902/1/1
f 905/3/1 906/4/1 907/2/1
f 905/3/1 908/1/1 906/4/1
f 909/2/1 910/1/1 911/3/1
f 909/2/1 912/4/1 910/1/1
f 913/2/1 914/1/1 915/3/1
f 913/2/1 916/4/1 914/1/1
f 917/3/1 918/4/1 919/2/1
f 917/3/1 920/1/1 918/4/1
f 921/4/1 922/3/1 923/1/1
f 921/4/1 924/2/1 922/3/1
f 925/4/1 926/3/1 927/1/1
f 925/4/1 928/2/1 926/3/1
f 929/3/1 930/4/1 931/1/1
f 929/3/1 932/2/1 930/4/1
f 933/4/1 934/3/1 935/1/1
f 933/4/1 936/2/1 934/3/1
f 937/1/1 938/2/1 939/4/1
f 937/1/1 940/3/1 938/2/1
f 941/2/1 942/1/1 943/3/1
f 941/2/1 944/4/1 942/1/1
f 945/2/1 946/1/1 947/3/1
f 945/2/1 948/4/1 946/1/1
f 949/2/1 950/1/1 951/4/1
f 949/2/1 952/3/1 950/1/1
f 953/4/1 954/3/1 955/1/1
f 953/4/1 956/2/1 954/3/1
f 957/1/1 958/2/1 959/3/1
f 957/1/1 960/4/1 958/2/1
f 961/2/1 962/1/1 963/4/1
f 961/2/1 964/3/1 962/1/1
f 965/1/1 966/2/1 967/4/1
f 965/1/1 968/3/1 966/2/1
f 969/4/1 970/3/1 971/2/1
f 969/4/1 972/1/1 970/3/1
f 973/1/1 974/2/1 975/3/1
f 973/1/1 976/4/1 974/2/1
f 977/2/1 978/1/1 979/3/1
f 977/2/1 980/4/1 978/1/1
f 981/1/1 982/2/1 983/4/1
f 981/1/1 984/3/1 982/2/1
f 985/4/1 986/3/1 987/2/1
f 985/4/1 988/1/1 986/3/1
f 989/1/1 990/2/1 991/4/1
f 989/1/1 992/3/1 990/2/1
f 993/4/1 994/3/1 995/2/1
f 993/4/1 996/1/1 994/3/1
f 997/1/1 998/2/1 999/3/1
f 997/1/1 1000/4/1 998/2/1
f 1001/3/1 1002/4/1 1003/2/1
f 1001/3/1 1004/1/1 1002/4/1
f 1005/1/1 1006/2/1 1007/3/1
f 1005/1/1 1008/4/1 1006/2/1
f 1009/1/1 1010/2/1 1011/4/1
f 1009/1/1 1012/3/1 1010/2/1
f 1013/1/1 1014/2/1 1015/4/1
f 1013/1/1 1016/3/1 1014/2/1
f 1017/4/1 1018/3/1 1019/1/1
f 1017/4/1 1020/2/1 1018/3/1
f 1021/4/1 1022/3/1 1023/1/1
f 1021/4/1 1024/2/1 1022/3/1
f 1025/2/1 1026/1/1 1027/4/1
f 1025/2/1 1028/3/1 1026/1/1
f 1029/4/1 1030/3/1 1031/2/1
f 1029/4/1 1032/1/1 1030/3/1
f 1033/4/1 1034/3/1 1035/1/1
f 1033/4/1 1036/2/1 1034/3/1
f 1037/4/1 1038/3/1 1039/2/1
f 1037/4/1 1040/1/1 1038/3/1
f 1041/1/1 1042/2/1 1043/4/1
f 1041/1/1 1044/3/1 1042/2/1
f 1045/2/1 1046/1/1 1047/3/1
f 1045/2/1 1048/4/1 1046/1/1
f 1049/3/1 1050/4/1 1051/1/1
f 1049/3/1 1052/2/1 1050/4/1
f 1053/3/1 1054/4/1 1055/1/1
f 1053/3/1 1056/2/1 1054/4/1
f 1057/1/1 1058/2/1 1059/4/1
f 1057/1/1 1060/3/1 1058/2/1
f 1061/3/1 1062/4/1 1063/1/1
f 1061/3/1 1064/2/1 1062/4/1
f 1065/3/1 1066/4/1 1067/1/1
f 1065/3/1 1068/2/1 1066/4/1
f 1069/1/1 1070/2/1 1071/3/1
f 1069/1/1 1072/4/1 1070/2/1
f 1073/1/1 1074/2/1 1075/4/1
f 1073/1/1 1076/3/1 1074/2/1
f 1077/1/1 1078/2/1 1079/3/1
f 1077/1/1 1080/4/1 1078/2/1
f 1081/4/1 1082/3/1 1083/1/1
f 1081/4/1 1084/2/1 1082/3/1
f 1085/3/12 1086/4/12 1087/1/12
f 1085/3/12 1088/2/12 1086/4/12
f 1089/3/1 1090/4/1 1091/2/1
f 1089/3/1 1092/1/1 1090/4/1
f 1093/4/1 1094/3/1 1095/2/1
f 1093/4/1 1096/1/1 1094/3/1
f 1097/4/1 1098/3/1 1099/2/1
f 1097/4/1 1100/1/1 1098/3/1
f 1101/3/1 1102/4/1 1103/2/1
f 1101/3/1 1104/1/1 1102/4/1
f 1105/3/1 1106/4/1 1107/1/1
f 1105/3/1 1108/2/1 1106/4/1
f 1109/1/1 1110/2/1 1111/4/1
f 1109/1/1 1112/3/1 1110/2/1
f 1113/1/1 1114/2/1 1115/4/1
f 1113/1/1 1116/3/1 1114/2/1
f 1117/4/1 1118/3/1 1119/1/1
f 1117/4/1 1120/2/1 1118/3/1
f 1121/4/1 1122/3/1 1123/1/1
f 1121/4/1 1124/2/1 1122/3/1
f 1125/1/13 1126/2/13 1127/4/13
f 1125/1/13 1128/3/13 1126/2/13
f 1129/1/1 1130/2/1 1131/3/1
f 1129/1/1 1132/4/1 1130/2/1
f 1133/1/13 1134/2/13 1135/3/13
f 1133/1/12 1136/4/12 1134/2/12
f 1137/2/1 1138/1/1 1139/3/1
f 1137/2/1 1140/4/1 1138/1/1
f 1141/1/1 1142/2/1 1143/3/1
f 1141/1/1 1144/4/1 1142/2/1
f 1145/4/1 1146/3/1 1147/1/1
f 1145/4/1 1148/2/1 1146/3/1
f 1149/2/1 1150/1/1 1151/4/1
f 1149/2/1 1152/3/1 1150/1/1
f 1153/4/1 1154/3/1 1155/1/1
f 1153/4/1 1156/2/1 1154/3/1
f 1157/3/1 1158/4/1 1159/1/1
f 1157/3/1 1160/2/1 1158/4/1
f 1161/3/1 1162/4/1 1163/1/1
f 1161/3/1 1164/2/1 1162/4/1
f 1165/3/1 1166/4/1 1167/2/1
f 1165/3/1 1168/1/1 1166/4/1
f 1169/2/13 1170/1/13 1171/4/13
f 1169/2/13 1172/3/13 1170/1/13
f 1173/4/1 1174/3/1 1175/1/1
f 1173/4/1 1176/2/1 1174/3/1
f 1177/4/13 1178/3/13 1179/1/13
f 1177/4/13 1180/2/13 1178/3/13
f 1181/1/6 1182/2/6 1183/3/6
f 1181/1/6 1184/4/6 1182/2/6
f 1185/1/1 1186/2/1 1187/3/1
f 1185/1/1 1188/4/1 1186/2/1
f 1189/1/1 1190/2/1 1191/3/1
f 1189/1/1 1192/4/1 1190/2/1
f 1193/4/1 1194/3/1 1195/2/1
f 1193/4/1 1196/1/1 1194/3/1
f 1197/4/1 1198/3/1 1199/1/1
f 1197/4/1 1200/2/1 1198/3/1
f 1201/2/1 1202/1/1 1203/4/1
f 1201/2/1 1204/3/1 1202/1/1
f 1205/2/1 1206/1/1 1207/4/1
f 1205/2/1 1208/3/1 1206/1/1
f 1209/3/1 1210/4/1 1211/2/1
f 1209/3/1 1212/1/1 1210/4/1
f 1213/1/1 1214/2/1 1215/3/1
f 1213/1/1 1216/4/1 1214/2/1
f 1217/3/1 1218/4/1 1219/1/1
f 1217/3/1 1220/2/1 1218/4/1
f 1221/4/1 1222/3/1 1223/2/1
f 1221/4/1 1224/1/1 1222/3/1
f 1225/2/1 1226/1/1 1227/3/1
f 1225/2/1 1228/4/1 1226/1/1
f 1229/4/1 1230/3/1 1231/2/1
f 1229/4/1 1232/1/1 1230/3/1
f 1233/1/1 1234/2/1 1235/3/1
f 1233/1/1 1236/4/1 1234/2/1
f 1237/1/1 1238/2/1 1239/4/1
f 1237/1/1 1240/3/1 1238/2/1
f 1241/4/1 1242/3/1 1243/1/1
f 1241/4/1 1244/2/1 1242/3/1
f 1245/1/1 1246/2/1 1247/3/1
f 1245/1/1 1248/4/1 1246/2/1
f 1249/1/1 1250/2/1 1251/4/1
f 1249/1/1 1252/3/1 1250/2/1
f 1253/3/1 1254/4/1 1255/1/1
f 1253/3/1 1256/2/1 1254/4/1
f 1257/3/1 1258/4/1 1259/2/1
f 1257/3/1 1260/1/1 1258/4/1
f 1261/2/1 1262/1/1 1263/4/1
f 1261/2/1 1264/3/1 1262/1/1
f 1265/1/1 1266/2/1 1267/3/1
f 1265/1/1 1268/4/1 1266/2/1
f 1269/2/1 1270/1/1 1271/4/1
f 1269/2/1 1272/3/1 1270/1/1
f 1273/3/1 1274/4/1 1275/2/1
f 1273/3/1 1276/1/1 1274/4/1
f 1277/4/1 1278/3/1 1279/2/1
f 1277/4/1 1280/1/1 1278/3/1
f 1281/1/1 1282/2/1 1283/4/1
f 1281/1/1 1284/3/1 1282/2/1
f 1285/1/1 1286/2/1 1287/4/1
f 1285/1/1 1288/3/1 1286/2/1
f 1289/3/1 1290/4/1 1291/2/1
f 1289/3/1 1292/1/1 1290/4/1
f 1293/4/1 1294/3/1 1295/2/1
f 1293/4/1 1296/1/1 1294/3/1
f 1297/4/1 1298/3/1 1299/1/1
f 1297/4/1 1300/2/1 1298/3/1
f 1301/3/1 1302/4/1 1303/2/1
f 1301/3/1 1304/1/1 1302/4/1
f 1305/4/1 1306/3/1 1307/2/1
f 1305/4/1 1308/1/1 1306/3/1
f 1309/1/1 1310/2/1 1311/3/1
f 1309/1/1 1312/4/1 1310/2/1
f 1313/1/1 1314/2/1 1315/4/1
f 1313/1/1 1316/3/1 1314/2/1
f 1317/3/1 1318/4/1 1319/2/1
f 1317/3/1 1320/1/1 1318/4/1
f 1321/1/1 1322/2/1 1323/3/1
f 1321/1/1 1324/4/1 1322/2/1
f 1325/2/1 1326/1/1 1327/3/1
f 1325/2/1 1328/4/1 1326/1/1
f 1329/3/1 1330/4/1 1331/1/1
f 1329/3/1 1332/2/1 1330/4/1
f 1333/1/1 1334/2/1 1335/3/1
f 1333/1/1 1336/4/1 1334/2/1
f 1337/2/1 1338/1/1 1339/4/1
f 1337/2/1 1340/3/1 1338/1/1
f 1341/4/1 1342/3/1 1343/2/1
f 1341/4/1 1344/1/1 1342/3/1
f 1345/11/14 1346/17/14 1347/10/14
f 1345/11/14 1348/18/14 1346/17/14
f 1349/11/15 1350/17/15 1351/10/15
f 1349/11/15 1352/18/15 1350/17/15
f 1353/4/1 1354/3/1 1355/1/1
f 1353/4/1 1356/2/1 1354/3/1
f 1357/3/1 1358/4/1 1359/1/1
f 1357/3/1 1360/2/1 1358/4/1
f 1361/11/15 1362/17/15 1363/10/15
f 1361/11/15 1364/18/15 1362/17/15
f 1365/2/1 1366/1/1 1367/4/1
f 1365/2/1 1368/3/1 1366/1/1
f 1369/4/1 1370/3/1 1371/1/1
f 1369/4/1 1372/2/1 1370/3/1
f 1373/2/1 1374/1/1 1375/4/1
f 1373/2/1 1376/3/1 1374/1/1
f 1377/2/1 1378/1/1 1379/3/1
f 1377/2/1 1380/4/1 1378/1/1
f 1381/2/1 1382/1/1 1383/3/1
f 1381/2/1 1384/4/1 1382/1/1
f 1385/4/1 1386/3/1 1387/2/1
f 1385/4/1 1388/1/1 1386/3/1
f 1389/3/1 1390/4/1 1391/2/1
f 1389/3/1 1392/1/1 1390/4/1
f 1393/2/1 1394/1/1 1395/4/1
f 1393/2/1 1396/3/1 1394/1/1
f 1397/1/1 1398/2/1 1399/4/1
f 1397/1/1 1400/3/1 1398/2/1
f 1401/2/1 1402/1/1 1403/3/1
f 1401/2/1 1404/4/1 1402/1/1
f 1405/1/1 1406/2/1 1407/4/1
f 1405/1/1 1408/3/1 1406/2/1
f 1409/2/1 1410/1/1 1411/3/1
f 1409/2/1 1412/4/1 1410/1/1
f 1413/2/1 1414/1/1 1415/4/1
f 1413/2/1 1416/3/1 1414/1/1
f 1417/3/1 1418/4/1 1419/2/1
f 1417/3/1 1420/1/1 1418/4/1
f 1421/4/1 1422/3/1 1423/2/1
f 1421/4/1 1424/1/1 1422/3/1
f 1425/2/1 1426/1/1 1427/4/1
f 1425/2/1 1428/3/1 1426/1/1
f 1429/1/1 1430/2/1 1431/3/1
f 1429/1/1 1432/4/1 1430/2/1
f 1433/14/1 1434/18/1 1435/11/1
f 1433/14/1 1436/19/1 1434/18/1
f 1437/3/1 1438/4/1 1439/2/1
f 1437/3/1 1440/1/1 1438/4/1
f 1441/1/1 1442/2/1 1443/3/1
f 1441/1/1 1444/4/1 1442/2/1
f 1445/20/1 1446/8/1 1447/6/1
f 1445/20/1 1448/21/1 1446/8/1
f 1449/2/1 1450/1/1 1451/4/1
f 1449/2/1 1452/3/1 1450/1/1
f 1453/1/1 1454/2/1 1455/3/1
f 1453/1/1 1456/4/1 1454/2/1
f 1457/3/1 1458/4/1 1459/1/1
f 1457/3/1 1460/2/1 1458/4/1
f 1461/3/1 1462/4/1 1463/2/1
f 1461/3/1 1464/1/1 1462/4/1
f 1465/1/1 1466/2/1 1467/4/1
f 1465/1/1 1468/3/1 1466/2/1
f 1469/4/1 1470/3/1 1471/1/1
f 1469/4/1 1472/2/1 1470/3/1
f 1473/7/1 1474/14/1 1475/5/1
f 1473/7/1 1476/13/1 1474/14/1
f 1477/2/1 1478/1/1 1479/4/1
f 1477/2/1 1480/3/1 1478/1/1
f 1481/3/1 1482/4/1 1483/2/1
f 1481/3/1 1484/1/1 1482/4/1
f 1485/2/1 1486/1/1 1487/4/1
f 1485/2/1 1488/3/1 1486/1/1
f 1489/1/3 1490/2/3 1491/4/3
f 1489/1/3 1492/3/3 1490/2/3
f 1493/1/1 1494/2/1 1495/3/1
f 1493/1/1 1496/4/1 1494/2/1
f 1497/1/5 1498/2/5 1499/4/5
f 1497/1/3 1500/3/3 1498/2/3
f 1501/14/1 1502/7/1 1503/5/1
f 1501/14/1 1504/13/1 1502/7/1
f 1505/4/8 1506/3/8 1507/2/8
f 1505/4/8 1508/1/8 1506/3/8
f 1509/3/5 1510/4/5 1511/2/5
f 1509/3/5 1512/1/5 1510/4/5
f 1513/6/1 1514/5/1 1515/7/1
f 1513/6/1 1516/8/1 1514/5/1
f 1517/2/1 1518/1/1 1519/4/1
f 1517/2/1 1520/3/1 1518/1/1
f 1521/4/1 1522/3/1 1523/2/1
f 1521/4/1 1524/1/1 1522/3/1
f 1525/4/1 1526/3/1 1527/1/1
f 1525/4/1 1528/2/1 1526/3/1
f 1529/4/1 1530/3/1 1531/2/1
f 1529/4/1 1532/1/1 1530/3/1
f 1533/1/1 1534/2/1 1535/3/1
f 1533/1/1 1536/4/1 1534/2/1
f 1537/4/1 1538/3/1 1539/2/1
f 1537/4/1 1540/1/1 1538/3/1
f 1541/3/1 1542/4/1 1543/1/1
f 1541/3/1 1544/2/1 1542/4/1
f 1545/14/1 1546/7/1 1547/5/1
f 1545/14/1 1548/13/1 1546/7/1
f 1549/14/14 1550/18/14 1551/11/14
f 1549/14/14 1552/19/14 1550/18/14
f 1553/2/1 1554/1/1 1555/3/1
f 1553/2/1 1556/4/1 1554/1/1
f 1557/3/1 1558/4/1 1559/1/1
f 1557/3/1 1560/2/1 1558/4/1
f 1561/1/1 1562/2/1 1563/3/1
f 1561/1/1 1564/4/1 1562/2/1
f 1565/5/1 1566/13/1 1567/7/1
f 1565/5/1 1568/14/1 1566/13/1
f 1569/3/1 1570/4/1 1571/1/1
f 1569/3/1 1572/2/1 1570/4/1
f 1573/1/9 1574/2/9 1575/3/9
f 1573/1/8 1576/4/8 1574/2/8
f 1577/14/1 1578/7/1 1579/5/1
f 1577/14/1 1580/13/1 1578/7/1
f 1581/1/1 1582/2/1 1583/4/1
f 1581/1/1 1584/3/1 1582/2/1
f 1585/2/1 1586/1/1 1587/4/1
f 1585/2/1 1588/3/1 1586/1/1
f 1589/4/1 1590/3/1 1591/1/1
f 1589/4/1 1592/2/1 1590/3/1
f 1593/3/1 1594/4/1 1595/1/1
f 1593/3/1 1596/2/1 1594/4/1
f 1597/11/15 1598/17/15 1599/10/15
f 1597/11/15 1600/18/15 1598/17/15
f 1601/11/10 1602/17/10 1603/10/10
f 1601/11/16 1604/18/16 1602/17/16
f 1605/11/15 1606/17/15 1607/10/15
f 1605/11/15 1608/18/15 1606/17/15
f 1609/11/15 1610/17/15 1611/10/15
f 1609/11/15 1612/18/15 1610/17/15
f 1613/3/1 1614/4/1 1615/2/1
f 1613/3/1 1616/1/1 1614/4/1
f 1617/3/1 1618/4/1 1619/2/1
f 1617/3/1 1620/1/1 1618/4/1
f 1621/1/5 1622/2/5 1623/4/5
f 1621/1/5 1624/3/5 1622/2/5
f 1625/6/1 1626/5/1 1627/7/1
f 1625/6/1 1628/8/1 1626/5/1
f 1629/1/1 1630/2/1 1631/4/1
f 1629/1/1 1632/3/1 1630/2/1
f 1633/3/1 1634/4/1 1635/1/1
f 1633/3/1 1636/2/1 1634/4/1
f 1637/3/1 1638/4/1 1639/1/1
f 1637/3/1 1640/2/1 1638/4/1
f 1641/2/1 1642/1/1 1643/3/1
f 1641/2/1 1644/4/1 1642/1/1
f 1645/1/1 1646/2/1 1647/4/1
f 1645/1/1 1648/3/1 1646/2/1
f 1649/2/1 1650/1/1 1651/4/1
f 1649/2/1 1652/3/1 1650/1/1
f 1653/11/10 1654/17/10 1655/10/10
f 1653/11/17 1656/18/17 1654/17/17
f 1657/1/1 1658/2/1 1659/3/1
f 1657/1/1 1660/4/1 1658/2/1
f 1661/1/1 1662/2/1 1663/4/1
f 1661/1/1 1664/3/1 1662/2/1
f 1665/4/1 1666/3/1 1667/2/1
f 1665/4/1 1668/1/1 1666/3/1
f 1669/2/1 1670/1/1 1671/4/1
f 1669/2/1 1672/3/1 1670/1/1
f 1673/1/1 1674/2/1 1675/4/1
f 1673/1/1 1676/3/1 1674/2/1
f 1677/11/10 1678/17/10 1679/10/10
f 1677/11/16 1680/18/16 1678/17/16
f 1681/11/18 1682/17/18 1683/10/18
f 1681/11/18 1684/18/18 1682/17/18
f 1685/4/1 1686/3/1 1687/1/1
f 1685/4/1 1688/2/1 1686/3/1
f 1689/18/14 1690/14/14 1691/19/14
f 1689/18/14 1692/11/14 1690/14/14
f 1693/1/1 1694/2/1 1695/3/1
f 1693/1/1 1696/4/1 1694/2/1
f 1697/2/1 1698/1/1 1699/3/1
f 1697/2/1 1700/4/1 1698/1/1
f 1701/6/1 1702/5/1 1703/7/1
f 1701/6/1 1704/8/1 1702/5/1
f 1705/21/1 1706/6/1 1707/20/1
f 1705/21/1 1708/8/1 1706/6/1
f 1709/6/1 1710/5/1 1711/7/1
f 1709/6/1 1712/8/1 1710/5/1
f 1713/2/1 1714/1/1 1715/4/1
f 1713/2/1 1716/3/1 1714/1/1
f 1717/4/1 1718/3/1 1719/1/1
f 1717/4/1 1720/2/1 1718/3/1
f 1721/4/1 1722/3/1 1723/1/1
f 1721/4/1 1724/2/1 1722/3/1
f 1725/1/1 1726/2/1 1727/4/1
f 1725/1/1 1728/3/1 1726/2/1
f 1729/3/1 1730/4/1 1731/1/1
f 1729/3/1 1732/2/1 1730/4/1
f 1733/2/1 1734/1/1 1735/4/1
f 1733/2/1 1736/3/1 1734/1/1
f 1737/1/1 1738/2/1 1739/4/1
f 1737/1/1 1740/3/1 1738/2/1
f 1741/3/1 1742/4/1 1743/2/1
f 1741/3/1 1744/1/1 1742/4/1
f 1745/2/1 1746/1/1 1747/4/1
f 1745/2/1 1748/3/1 1746/1/1
f 1749/4/1 1750/3/1 1751/1/1
f 1749/4/1 1752/2/1 1750/3/1
f 1753/2/1 1754/1/1 1755/3/1
f 1753/2/1 1756/4/1 1754/1/1
f 1757/2/1 1758/1/1 1759/4/1
f 1757/2/1 1760/3/1 1758/1/1
f 1761/2/1 1762/1/1 1763/3/1
f 1761/2/1 1764/4/1 1762/1/1
f 1765/2/1 1766/1/1 1767/3/1
f 1765/2/1 1768/4/1 1766/1/1
f 1769/2/1 1770/1/1 1771/4/1
f 1769/2/1 1772/3/1 1770/1/1
f 1773/4/1 1774/3/1 1775/2/1
f 1773/4/1 1776/1/1 1774/3/1
f 1777/3/1 1778/4/1 1779/2/1
f 1777/3/1 1780/1/1 1778/4/1
f 1781/2/1 1782/1/1 1783/3/1
f 1781/2/1 1784/4/1 1782/1/1
f 1785/1/1 1786/2/1 1787/3/1
f 1785/1/1 1788/4/1 1786/2/1
f 1789/2/1 1790/1/1 1791/3/1
f 1789/2/1 1792/4/1 1790/1/1
f 1793/1/1 1794/2/1 1795/3/1
f 1793/1/1 1796/4/1 1794/2/1
f 1797/3/1 1798/4/1 1799/2/1
f 1797/3/1 1800/1/1 1798/4/1
f 1801/2/1 1802/1/1 1803/4/1
f 1801/2/1 1804/3/1 1802/1/1
f 1805/3/1 1806/4/1 1807/1/1
f 1805/3/1 1808/2/1 1806/4/1
f 1809/1/1 1810/2/1 1811/4/1
f 1809/1/1 1812/3/1 1810/2/1
f 1813/3/1 1814/4/1 1815/2/1
f 1813/3/1 1816/1/1 1814/4/1
f 1817/3/1 1818/4/1 1819/2/1
f 1817/3/1 1820/1/1 1818/4/1
f 1821/1/1 1822/2/1 1823/3/1
f 1821/1/1 1824/4/1 1822/2/1
f 1825/2/1 1826/1/1 1827/4/1
f 1825/2/1 1828/3/1 1826/1/1
f 1829/2/1 1830/1/1 1831/3/1
f 1829/2/1 1832/4/1 1830/1/1
f 1833/3/1 1834/4/1 1835/1/1
f 1833/3/1 1836/2/1 1834/4/1
f 1837/2/1 1838/1/1 1839/3/1
f 1837/2/1 1840/4/1 1838/1/1
f 1841/1/1 1842/2/1 1843/4/1
f 1841/1/1 1844/3/1 1842/2/1
f 1845/1/1 1846/2/1 1847/3/1
f 1845/1/1 1848/4/1 1846/2/1
f 1849/2/1 1850/1/1 1851/4/1
f 1849/2/1 1852/3/1 1850/1/1
f 1853/3/1 1854/4/1 1855/2/1
f 1853/3/1 1856/1/1 1854/4/1
f 1857/4/1 1858/3/1 1859/2/1
f 1857/4/1 1860/1/1 1858/3/1
f 1861/1/1 1862/2/1 1863/3/1
f 1861/1/1 1864/4/1 1862/2/1
f 1865/3/1 1866/4/1 1867/2/1
f 1865/3/1 1868/1/1 1866/4/1
f 1869/2/1 1870/1/1 1871/3/1
f 1869/2/1 1872/4/1 1870/1/1
f 1873/3/1 1874/4/1 1875/2/1
f 1873/3/1 1876/1/1 1874/4/1
f 1877/3/1 1878/4/1 1879/1/1
f 1877/3/1 1880/2/1 1878/4/1
f 1881/3/1 1882/4/1 1883/2/1
f 1881/3/1 1884/1/1 1882/4/1
f 1885/2/1 1886/1/1 1887/4/1
f 1885/2/1 1888/3/1 1886/1/1
f 1889/1/1 1890/2/1 1891/4/1
f 1889/1/1 1892/3/1 1890/2/1
f 1893/2/3 1894/1/3 1895/3/3
f 1893/2/3 1896/4/3 1894/1/3
f 1897/4/1 1898/3/1 1899/1/1
f 1897/4/1 1900/2/1 1898/3/1
f 1901/3/1 1902/4/1 1903/1/1
f 1901/3/1 1904/2/1 1902/4/1
f 1905/5/1 1906/6/1 1907/7/1
f 1905/5/1 1908/8/1 1906/6/1
f 1909/20/1 1910/8/1 1911/21/1
f 1909/20/1 1912/6/1 1910/8/1
f 1913/5/1 1914/6/1 1915/7/1
f 1913/5/1 1916/8/1 1914/6/1
f 1917/6/1 1918/21/1 1919/20/1
f 1917/6/1 1920/8/1 1918/21/1
f 1921/1/1 1922/2/1 1923/4/1
f 1921/1/1 1924/3/1 1922/2/1
f 1925/3/1 1926/4/1 1927/2/1
f 1925/3/1 1928/1/1 1926/4/1
f 1929/2/1 1930/1/1 1931/4/1
f 1929/2/1 1932/3/1 1930/1/1
f 1933/4/1 1934/3/1 1935/2/1
f 1933/4/1 1936/1/1 1934/3/1
f 1937/3/1 1938/4/1 1939/1/1
f 1937/3/1 1940/2/1 1938/4/1
f 1941/1/1 1942/2/1 1943/3/1
f 1941/1/1 1944/4/1 1942/2/1
f 1945/2/1 1946/1/1 1947/4/1
f 1945/2/1 1948/3/1 1946/1/1
f 1949/4/1 1950/3/1 1951/1/1
f 1949/4/1 1952/2/1 1950/3/1
f 1953/4/1 1954/3/1 1955/1/1
f 1953/4/1 1956/2/1 1954/3/1
f 1957/3/1 1958/4/1 1959/2/1
f 1957/3/1 1960/1/1 1958/4/1
f 1961/1/1 1962/2/1 1963/3/1
f 1961/1/1 1964/4/1 1962/2/1
f 1965/1/1 1966/2/1 1967/4/1
f 1965/1/1 1968/3/1 1966/2/1
f 1969/4/1 1970/3/1 1971/1/1
f 1969/4/1 1972/2/1 1970/3/1
f 1973/2/1 1974/1/1 1975/3/1
f 1973/2/1 1976/4/1 1974/1/1
f 1977/2/1 1978/1/1 1979/4/1
f 1977/2/1 1980/3/1 1978/1/1
f 1981/19/1 1982/11/1 1983/18/1
f 1981/19/1 1984/14/1 1982/11/1
f 1985/4/1 1986/3/1 1987/2/1
f 1985/4/1 1988/1/1 1986/3/1
f 1989/1/1 1990/2/1 1991/3/1
f 1989/1/1 1992/4/1 1990/2/1
f 1993/3/1 1994/4/1 1995/2/1
f 1993/3/1 1996/1/1 1994/4/1
f 1997/4/1 1998/3/1 1999/1/1
f 1997/4/1 2000/2/1 1998/3/1
f 2001/1/1 2002/2/1 2003/4/1
f 2001/1/1 2004/3/1 2002/2/1
f 2005/2/1 2006/1/1 2007/3/1
f 2005/2/1 2008/4/1 2006/1/1
f 2009/3/1 2010/4/1 2011/2/1
f 2009/3/1 2012/1/1 2010/4/1
f 2013/2/1 2014/1/1 2015/4/1
f 2013/2/1 2016/3/1 2014/1/1
f 2017/4/1 2018/3/1 2019/1/1
f 2017/4/1 2020/2/1 2018/3/1
f 2021/3/1 2022/4/1 2023/2/1
f 2021/3/1 2024/1/1 2022/4/1
f 2025/3/1 2026/4/1 2027/1/1
f 2025/3/1 2028/2/1 2026/4/1
f 2029/4/1 2030/3/1 2031/1/1
f 2029/4/1 2032/2/1 2030/3/1
f 2033/2/1 2034/1/1 2035/3/1
f 2033/2/1 2036/4/1 2034/1/1
f 2037/1/1 2038/2/1 2039/3/1
f 2037/1/1 2040/4/1 2038/2/1
f 2041/4/1 2042/3/1 2043/1/1
f 2041/4/1 2044/2/1 2042/3/1
f 2045/18/14 2046/10/14 2047/17/14
f 2045/18/14 2048/11/14 2046/10/14
f 2049/4/1 2050/3/1 2051/1/1
f 2049/4/1 2052/2/1 2050/3/1
f 2053/1/1 2054/2/1 2055/4/1
f 2053/1/1 2056/3/1 2054/2/1
f 2057/2/1 2058/1/1 2059/4/1
f 2057/2/1 2060/3/1 2058/1/1
f 2061/3/1 2062/4/1 2063/1/1
f 2061/3/1 2064/2/1 2062/4/1
f 2065/2/1 2066/1/1 2067/3/1
f 2065/2/1 2068/4/1 2066/1/1
f 2069/3/1 2070/4/1 2071/2/1
f 2069/3/1 2072/1/1 2070/4/1
f 2073/2/1 2074/1/1 2075/4/1
f 2073/2/1 2076/3/1 2074/1/1
f 2077/3/1 2078/4/1 2079/1/1
f 2077/3/1 2080/2/1 2078/4/1
f 2081/1/1 2082/2/1 2083/4/1
f 2081/1/1 2084/3/1 2082/2/1
f 2085/1/1 2086/2/1 2087/4/1
f 2085/1/1 2088/3/1 2086/2/1
f 2089/18/1 2090/10/1 2091/17/1
f 2089/18/1 2092/11/1 2090/10/1
f 2093/3/1 2094/4/1 2095/2/1
f 2093/3/1 2096/1/1 2094/4/1
f 2097/4/1 2098/3/1 2099/2/1
f 2097/4/1 2100/1/1 2098/3/1
f 2101/6/1 2102/21/1 2103/8/1
f 2101/6/1 2104/20/1 2102/21/1
f 2105/7/1 2106/14/1 2107/5/1
f 2105/7/1 2108/13/1 2106/14/1
f 2109/1/4 2110/2/4 2111/4/4
f 2109/1/1 2112/3/1 2110/2/1
f 2113/3/1 2114/4/1 2115/1/1
f 2113/3/1 2116/2/1 2114/4/1
f 2117/11/1 2118/17/1 2119/10/1
f 2117/11/1 2120/18/1 2118/17/1
f 2121/3/8 2122/4/8 2123/1/8
f 2121/3/8 2124/2/8 2122/4/8
f 2125/5/1 2126/13/1 2127/7/1
f 2125/5/1 2128/14/1 2126/13/1
f 2129/5/1 2130/13/1 2131/7/1
f 2129/5/1 2132/14/1 2130/13/1
f 2133/1/1 2134/2/1 2135/4/1
f 2133/1/1 2136/3/1 2134/2/1
f 2137/1/1 2138/2/1 2139/3/1
f 2137/1/1 2140/4/1 2138/2/1
f 2141/3/1 2142/4/1 2143/1/1
f 2141/3/1 2144/2/1 2142/4/1
f 2145/4/1 2146/3/1 2147/1/1
f 2145/4/1 2148/2/1 2146/3/1
f 2149/2/1 2150/1/1 2151/3/1
f 2149/2/1 2152/4/1 2150/1/1
f 2153/11/10 2154/17/10 2155/10/10
f 2153/11/17 2156/18/17 2154/17/17
f 2157/18/12 2158/14/12 2159/19/12
f 2157/18/12 2160/11/12 2158/14/12
f 2161/11/12 2162/17/12 2163/10/12
f 2161/11/12 2164/18/12 2162/17/12
f 2165/11/18 2166/17/18 2167/10/18
f 2165/11/18 2168/18/18 2166/17/18
f 2169/18/12 2170/14/12 2171/19/12
f 2169/18/12 2172/11/12 2170/14/12
f 2173/2/1 2174/1/1 2175/4/1
f 2173/2/1 2176/3/1 2174/1/1
f 2177/1/1 2178/2/1 2179/3/1
f 2177/1/1 2180/4/1 2178/2/1
f 2181/1/1 2182/2/1 2183/3/1
f 2181/1/1 2184/4/1 2182/2/1
f 2185/3/1 2186/4/1 2187/1/1
f 2185/3/1 2188/2/1 2186/4/1
f 2189/11/10 2190/17/10 2191/10/10
f 2189/11/11 2192/18/11 2190/17/11
f 2193/2/1 2194/1/1 2195/4/1
f 2193/2/1 2196/3/1 2194/1/1
f 2197/3/1 2198/4/1 2199/2/1
f 2197/3/1 2200/1/1 2198/4/1
f 2201/4/1 2202/3/1 2203/2/1
f 2201/4/1 2204/1/1 2202/3/1
f 2205/3/1 2206/4/1 2207/2/1
f 2205/3/1 2208/1/1 2206/4/1
f 2209/1/1 2210/2/1 2211/4/1
f 2209/1/1 2212/3/1 2210/2/1
f 2213/3/1 2214/4/1 2215/1/1
f 2213/3/1 2216/2/1 2214/4/1
f 2217/1/1 2218/2/1 2219/3/1
f 2217/1/1 2220/4/1 2218/2/1
f 2221/2/1 2222/1/1 2223/4/1
f 2221/2/1 2224/3/1 2222/1/1
f 2225/4/1 2226/3/1 2227/1/1
f 2225/4/1 2228/2/1 2226/3/1
f 2229/1/1 2230/2/1 2231/4/1
f 2229/1/1 2232/3/1 2230/2/1
f 2233/2/1 2234/1/1 2235/4/1
f 2233/2/1 2236/3/1 2234/1/1
f 2237/1/1 2238/2/1 2239/4/1
f 2237/1/1 2240/3/1 2238/2/1
f 2241/1/1 2242/2/1 2243/4/1
f 2241/1/1 2244/3/1 2242/2/1
f 2245/2/1 2246/1/1 2247/3/1
f 2245/2/1 2248/4/1 2246/1/1
f 2249/1/1 2250/2/1 2251/4/1
f 2249/1/1 2252/3/1 2250/2/1
f 2253/1/1 2254/2/1 2255/3/1
f 2253/1/1 2256/4/1 2254/2/1
f 2257/3/1 2258/4/1 2259/2/1
f 2257/3/1 2260/1/1 2258/4/1
f 2261/3/1 2262/4/1 2263/1/1
f 2261/3/1 2264/2/1 2262/4/1
f 2265/3/1 2266/4/1 2267/1/1
f 2265/3/1 2268/2/1 2266/4/1
f 2269/1/1 2270/2/1 2271/3/1
f 2269/1/1 2272/4/1 2270/2/1
f 2273/4/1 2274/3/1 2275/2/1
f 2273/4/1 2276/1/1 2274/3/1
f 2277/3/1 2278/4/1 2279/2/1
f 2277/3/1 2280/1/1 2278/4/1
f 2281/3/1 2282/4/1 2283/1/1
f 2281/3/1 2284/2/1 2282/4/1
f 2285/14/15 2286/18/15 2287/11/15
f 2285/14/15 2288/19/15 2286/18/15
f 2289/2/1 2290/1/1 2291/4/1
f 2289/2/1 2292/3/1 2290/1/1
f 2293/3/1 2294/4/1 2295/1/1
f 2293/3/1 2296/2/1 2294/4/1
f 2297/4/1 2298/3/1 2299/2/1
f 2297/4/1 2300/1/1 2298/3/1
f 2301/1/1 2302/2/1 2303/4/1
f 2301/1/1 2304/3/1 2302/2/1
f 2305/1/1 2306/2/1 2307/3/1
f 2305/1/1 2308/4/1 2306/2/1
f 2309/4/1 2310/3/1 2311/1/1
f 2309/4/1 2312/2/1 2310/3/1
f 2313/3/1 2314/4/1 2315/2/1
f 2313/3/1 2316/1/1 2314/4/1
f 2317/3/1 2318/4/1 2319/2/1
f 2317/3/1 2320/1/1 2318/4/1
f 2321/1/1 2322/2/1 2323/3/1
f 2321/1/1 2324/4/1 2322/2/1
f 2325/4/1 2326/3/1 2327/2/1
f 2325/4/1 2328/1/1 2326/3/1
f 2329/8/1 2330/20/1 2331/21/1
f 2329/8/1 2332/6/1 2330/20/1
f 2333/14/1 2334/7/1 2335/5/1
f 2333/14/1 2336/13/1 2334/7/1
f 2337/1/1 2338/2/1 2339/4/1
f 2337/1/1 2340/3/1 2338/2/1
f 2341/4/1 2342/3/1 2343/1/1
f 2341/4/1 2344/2/1 2342/3/1
f 2345/4/1 2346/3/1 2347/2/1
f 2345/4/1 2348/1/1 2346/3/1
f 2349/4/1 2350/3/1 2351/1/1
f 2349/4/1 2352/2/1 2350/3/1
f 2353/3/1 2354/4/1 2355/1/1
f 2353/3/1 2356/2/1 2354/4/1
f 2357/3/1 2358/4/1 2359/1/1
f 2357/3/1 2360/2/1 2358/4/1
f 2361/2/1 2362/1/1 2363/3/1
f 2361/2/1 2364/4/1 2362/1/1
f 2365/3/1 2366/4/1 2367/2/1
f 2365/3/1 2368/1/1 2366/4/1
f 2369/2/1 2370/1/1 2371/4/1
f 2369/2/1 2372/3/1 2370/1/1
f 2373/2/1 2374/1/1 2375/4/1
f 2373/2/1 2376/3/1 2374/1/1
f 2377/7/1 2378/14/1 2379/5/1
f 2377/7/1 2380/13/1 2378/14/1
f 2381/7/1 2382/14/1 2383/5/1
f 2381/7/1 2384/13/1 2382/14/1
f 2385/3/1 2386/4/1 2387/2/1
f 2385/3/1 2388/1/1 2386/4/1
f 2389/3/1 2390/4/1 2391/1/1
f 2389/3/1 2392/2/1 2390/4/1
f 2393/3/1 2394/4/1 2395/1/1
f 2393/3/1 2396/2/1 2394/4/1
f 2397/2/1 2398/1/1 2399/3/1
f 2397/2/1 2400/4/1 2398/1/1
f 2401/2/1 2402/1/1 2403/3/1
f 2401/2/1 2404/4/1 2402/1/1
f 2405/1/1 2406/2/1 2407/3/1
f 2405/1/1 2408/4/1 2406/2/1
f 2409/4/1 2410/3/1 2411/1/1
f 2409/4/1 2412/2/1 2410/3/1
f 2413/4/1 2414/3/1 2415/2/1
f 2413/4/1 2416/1/1 2414/3/1
f 2417/1/1 2418/2/1 2419/4/1
f 2417/1/1 2420/3/1 2418/2/1
f 2421/2/1 2422/1/1 2423/4/1
f 2421/2/1 2424/3/1 2422/1/1
f 2425/4/1 2426/3/1 2427/1/1
f 2425/4/1 2428/2/1 2426/3/1
f 2429/1/1 2430/2/1 2431/3/1
f 2429/1/1 2432/4/1 2430/2/1
f 2433/2/1 2434/1/1 2435/4/1
f 2433/2/1 2436/3/1 2434/1/1
f 2437/3/1 2438/4/1 2439/2/1
f 2437/3/1 2440/1/1 2438/4/1
f 2441/4/1 2442/3/1 2443/1/1
f 2441/4/1 2444/2/1 2442/3/1
f 2445/3/1 2446/4/1 2447/1/1
f 2445/3/1 2448/2/1 2446/4/1
f 2449/1/1 2450/2/1 2451/4/1
f 2449/1/1 2452/3/1 2450/2/1
f 2453/18/12 2454/10/12 2455/17/12
f 2453/18/12 2456/11/12 2454/10/12
f 2457/2/1 2458/1/1 2459/4/1
f 2457/2/1 2460/3/1 2458/1/1
f 2461/2/1 2462/1/1 2463/4/1
f 2461/2/1 2464/3/1 2462/1/1
f 2465/3/1 2466/4/1 2467/2/1
f 2465/3/1 2468/1/1 2466/4/1
f 2469/2/1 2470/1/1 2471/4/1
f 2469/2/1 2472/3/1 2470/1/1
f 2473/1/1 2474/2/1 2475/3/1
f 2473/1/1 2476/4/1 2474/2/1
f 2477/1/1 2478/2/1 2479/4/1
f 2477/1/1 2480/3/1 2478/2/1
f 2481/1/1 2482/2/1 2483/3/1
f 2481/1/1 2484/4/1 2482/2/1
f 2485/4/1 2486/3/1 2487/1/1
f 2485/4/1 2488/2/1 2486/3/1
f 2489/3/12 2490/4/12 2491/1/12
f 2489/3/10 2492/2/10 2490/4/10
f 2493/3/1 2494/4/1 2495/2/1
f 2493/3/1 2496/1/1 2494/4/1
f 2497/3/1 2498/4/1 2499/1/1
f 2497/3/1 2500/2/1 2498/4/1
f 2501/1/1 2502/2/1 2503/3/1
f 2501/1/1 2504/4/1 2502/2/1
f 2505/3/1 2506/4/1 2507/1/1
f 2505/3/1 2508/2/1 2506/4/1
f 2509/3/1 2510/4/1 2511/1/1
f 2509/3/1 2512/2/1 2510/4/1
f 2513/4/1 2514/3/1 2515/1/1
f 2513/4/1 2516/2/1 2514/3/1
f 2517/2/1 2518/1/1 2519/4/1
f 2517/2/1 2520/3/1 2518/1/1
f 2521/4/1 2522/3/1 2523/1/1
f 2521/4/1 2524/2/1 2522/3/1
f 2525/4/1 2526/3/1 2527/2/1
f 2525/4/1 2528/1/1 2526/3/1
f 2529/2/1 2530/1/1 2531/3/1
f 2529/2/1 2532/4/1 2530/1/1
f 2533/2/1 2534/1/1 2535/3/1
f 2533/2/1 2536/4/1 2534/1/1
f 2537/2/1 2538/1/1 2539/3/1
f 2537/2/1 2540/4/1 2538/1/1
f 2541/1/1 2542/2/1 2543/3/1
f 2541/1/1 2544/4/1 2542/2/1
f 2545/2/1 2546/1/1 2547/3/1
f 2545/2/1 2548/4/1 2546/1/1
f 2549/3/1 2550/4/1 2551/2/1
f 2549/3/1 2552/1/1 2550/4/1
f 2553/4/1 2554/3/1 2555/1/1
f 2553/4/1 2556/2/1 2554/3/1
f 2557/3/1 2558/4/1 2559/1/1
f 2557/3/1 2560/2/1 2558/4/1
f 2561/3/1 2562/4/1 2563/2/1
f 2561/3/1 2564/1/1 2562/4/1
f 2565/3/1 2566/4/1 2567/2/1
f 2565/3/1 2568/1/1 2566/4/1
f 2569/19/12 2570/11/12 2571/18/12
f 2569/19/12 2572/14/12 2570/11/12
f 2573/2/1 2574/1/1 2575/4/1
f 2573/2/1 2576/3/1 2574/1/1
f 2577/4/1 2578/3/1 2579/2/1
f 2577/4/1 2580/1/1 2578/3/1
f 2581/2/1 2582/1/1 2583/3/1
f 2581/2/1 2584/4/1 2582/1/1
f 2585/4/1 2586/3/1 2587/1/1
f 2585/4/1 2588/2/1 2586/3/1
f 2589/1/1 2590/2/1 2591/3/1
f 2589/1/1 2592/4/1 2590/2/1
f 2593/3/1 2594/4/1 2595/1/1
f 2593/3/1 2596/2/1 2594/4/1
f 2597/2/1 2598/1/1 2599/3/1
f 2597/2/1 2600/4/1 2598/1/1
f 2601/1/1 2602/2/1 2603/4/1
f 2601/1/1 2604/3/1 2602/2/1
f 2605/2/1 2606/1/1 2607/3/1
f 2605/2/1 2608/4/1 2606/1/1
f 2609/2/1 2610/1/1 2611/3/1
f 2609/2/1 2612/4/1 2610/1/1
f 2613/2/1 2614/1/1 2615/3/1
f 2613/2/1 2616/4/1 2614/1/1
f 2617/1/1 2618/2/1 2619/3/1
f 2617/1/1 2620/4/1 2618/2/1
f 2621/1/1 2622/2/1 2623/3/1
f 2621/1/1 2624/4/1 2622/2/1
f 2625/2/1 2626/1/1 2627/4/1
f 2625/2/1 2628/3/1 2626/1/1
f 2629/3/1 2630/4/1 2631/2/1
f 2629/3/1 2632/1/1 2630/4/1
f 2633/4/1 2634/3/1 2635/1/1
f 2633/4/1 2636/2/1 2634/3/1
f 2637/4/1 2638/3/1 2639/1/1
f 2637/4/1 2640/2/1 2638/3/1
f 2641/4/1 2642/3/1 2643/2/1
f 2641/4/1 2644/1/1 2642/3/1
f 2645/2/1 2646/1/1 2647/3/1
f 2645/2/1 2648/4/1 2646/1/1
f 2649/1/1 2650/2/1 2651/3/1
f 2649/1/1 2652/4/1 2650/2/1
f 2653/2/1 2654/1/1 2655/4/1
f 2653/2/1 2656/3/1 2654/1/1
f 2657/3/1 2658/4/1 2659/2/1
f 2657/3/1 2660/1/1 2658/4/1
f 2661/7/1 2662/8/1 2663/6/1
f 2661/7/1 2664/5/1 2662/8/1
f 2665/1/1 2666/2/1 2667/3/1
f 2665/1/1 2668/4/1 2666/2/1
f 2669/4/1 2670/3/1 2671/1/1
f 2669/4/1 2672/2/1 2670/3/1
f 2673/3/1 2674/4/1 2675/2/1
f 2673/3/1 2676/1/1 2674/4/1
f 2677/1/1 2678/2/1 2679/4/1
f 2677/1/1 2680/3/1 2678/2/1
f 2681/2/1 2682/1/1 2683/3/1
f 2681/2/1 2684/4/1 2682/1/1
f 2685/1/1 2686/2/1 2687/4/1
f 2685/1/1 2688/3/1 2686/2/1
f 2689/1/1 2690/2/1 2691/4/1
f 2689/1/1 2692/3/1 2690/2/1
f 2693/2/1 2694/1/1 2695/4/1
f 2693/2/1 2696/3/1 2694/1/1
usemtl pixellab-tileset-dark-dirt-sometimes-have-larva-and-poop-64a4ce32
f 2697/2/19 2698/1/19 2699/4/19
f 2697/2/19 2700/3/19 2698/1/19
usemtl pixellab-tileset-grass-light-brown-like-dirt-0b1e6713
f 2701/8/1 2702/20/1 2703/6/1
f 2701/8/1 2704/21/1 2702/20/1
f 2705/20/1 2706/8/1 2707/21/1
f 2705/20/1 2708/6/1 2706/8/1
f 2709/8/1 2710/7/1 2711/5/1
f 2709/8/1 2712/6/1 2710/7/1
f 2713/3/1 2714/4/1 2715/2/1
f 2713/3/1 2716/1/1 2714/4/1
f 2717/1/1 2718/2/1 2719/3/1
f 2717/1/1 2720/4/1 2718/2/1
f 2721/1/1 2722/2/1 2723/4/1
f 2721/1/1 2724/3/1 2722/2/1
f 2725/1/1 2726/2/1 2727/4/1
f 2725/1/1 2728/3/1 2726/2/1
f 2729/2/1 2730/1/1 2731/4/1
f 2729/2/1 2732/3/1 2730/1/1
f 2733/2/1 2734/1/1 2735/3/1
f 2733/2/1 2736/4/1 2734/1/1
f 2737/4/1 2738/3/1 2739/1/1
f 2737/4/1 2740/2/1 2738/3/1
f 2741/1/1 2742/2/1 2743/3/1
f 2741/1/1 2744/4/1 2742/2/1
f 2745/3/1 2746/4/1 2747/1/1
f 2745/3/1 2748/2/1 2746/4/1
f 2749/2/1 2750/1/1 2751/3/1
f 2749/2/1 2752/4/1 2750/1/1
f 2753/1/7 2754/2/7 2755/4/7
f 2753/1/7 2756/3/7 2754/2/7
f 2757/4/1 2758/3/1 2759/1/1
f 2757/4/1 2760/2/1 2758/3/1
f 2761/4/1 2762/3/1 2763/1/1
f 2761/4/1 2764/2/1 2762/3/1
f 2765/4/7 2766/3/7 2767/1/7
f 2765/4/7 2768/2/7 2766/3/7
f 2769/2/1 2770/1/1 2771/3/1
f 2769/2/1 2772/4/1 2770/1/1
f 2773/2/1 2774/1/1 2775/3/1
f 2773/2/1 2776/4/1 2774/1/1
f 2777/1/1 2778/2/1 2779/3/1
f 2777/1/1 2780/4/1 2778/2/1
f 2781/1/1 2782/2/1 2783/3/1
f 2781/1/1 2784/4/1 2782/2/1
f 2785/3/1 2786/4/1 2787/1/1
f 2785/3/1 2788/2/1 2786/4/1
f 2789/4/1 2790/3/1 2791/2/1
f 2789/4/1 2792/1/1 2790/3/1
f 2793/1/1 2794/2/1 2795/3/1
f 2793/1/1 2796/4/1 2794/2/1
f 2797/2/1 2798/1/1 2799/3/1
f 2797/2/1 2800/4/1 2798/1/1
f 2801/4/1 2802/3/1 2803/2/1
f 2801/4/1 2804/1/1 2802/3/1
f 2805/3/1 2806/4/1 2807/1/1
f 2805/3/1 2808/2/1 2806/4/1
f 2809/1/1 2810/2/1 2811/4/1
f 2809/1/1 2812/3/1 2810/2/1
f 2813/1/1 2814/2/1 2815/3/1
f 2813/1/2 2816/4/2 2814/2/2
f 2817/2/1 2818/1/1 2819/4/1
f 2817/2/1 2820/3/1 2818/1/1
f 2821/1/5 2822/2/5 2823/4/5
f 2821/1/5 2824/3/5 2822/2/5
f 2825/2/9 2826/1/9 2827/3/9
f 2825/2/9 2828/4/9 2826/1/9
f 2829/4/5 2830/3/5 2831/2/5
f 2829/4/5 2832/1/5 2830/3/5
f 2833/3/1 2834/4/1 2835/1/1
f 2833/3/1 2836/2/1 2834/4/1
usemtl pixellab-tileset-dark-dirt-sometimes-have-larva-and-poop-64a4ce32
f 2837/3/18 2838/4/18 2839/1/18
f 2837/3/18 2840/2/18 2838/4/18
usemtl pixellab-tileset-grass-light-brown-like-dirt-0b1e6713
f 2841/3/1 2842/4/1 2843/2/1
f 2841/3/1 2844/1/1 2842/4/1
f 2845/1/1 2846/2/1 2847/4/1
f 2845/1/1 2848/3/1 2846/2/1
f 2849/2/1 2850/1/1 2851/3/1
f 2849/2/1 2852/4/1 2850/1/1
f 2853/4/1 2854/3/1 2855/1/1
f 2853/4/1 2856/2/1 2854/3/1
f 2857/1/1 2858/2/1 2859/3/1
f 2857/1/1 2860/4/1 2858/2/1
f 2861/3/1 2862/4/1 2863/2/1
f 2861/3/1 2864/1/1 2862/4/1
f 2865/3/1 2866/4/1 2867/2/1
f 2865/3/1 2868/1/1 2866/4/1
f 2869/1/1 2870/2/1 2871/3/1
f 2869/1/1 2872/4/1 2870/2/1
f 2873/2/1 2874/1/1 2875/4/1
f 2873/2/1 2876/3/1 2874/1/1
f 2877/1/1 2878/2/1 2879/3/1
f 2877/1/1 2880/4/1 2878/2/1
f 2881/2/1 2882/1/1 2883/3/1
f 2881/2/1 2884/4/1 2882/1/1
f 2885/1/1 2886/2/1 2887/3/1
f 2885/1/1 2888/4/1 2886/2/1
f 2889/2/1 2890/1/1 2891/3/1
f 2889/2/1 2892/4/1 2890/1/1
f 2893/2/1 2894/1/1 2895/3/1
f 2893/2/1 2896/4/1 2894/1/1
f 2897/2/1 2898/1/1 2899/4/1
f 2897/2/1 2900/3/1 2898/1/1
f 2901/2/1 2902/1/1 2903/3/1
f 2901/2/1 2904/4/1 2902/1/1
f 2905/8/1 2906/7/1 2907/5/1
f 2905/8/1 2908/6/1 2906/7/1
f 2909/3/1 2910/4/1 2911/1/1
f 2909/3/1 2912/2/1 2910/4/1
f 2913/3/1 2914/4/1 2915/1/1
f 2913/3/1 2916/2/1 2914/4/1
f 2917/3/1 2918/4/1 2919/2/1
f 2917/3/1 2920/1/1 2918/4/1
f 2921/3/1 2922/4/1 2923/2/1
f 2921/3/1 2924/1/1 2922/4/1
f 2925/1/1 2926/2/1 2927/3/1
f 2925/1/1 2928/4/1 2926/2/1
f 2929/4/1 2930/3/1 2931/1/1
f 2929/4/1 2932/2/1 2930/3/1
f 2933/4/1 2934/3/1 2935/1/1
f 2933/4/1 2936/2/1 2934/3/1
f 2937/3/1 2938/4/1 2939/2/1
f 2937/3/1 2940/1/1 2938/4/1
f 2941/2/1 2942/1/1 2943/4/1
f 2941/2/1 2944/3/1 2942/1/1
f 2945/4/1 2946/3/1 2947/1/1
f 2945/4/1 2948/2/1 2946/3/1
f 2949/1/3 2950/2/3 2951/3/3
f 2949/1/3 2952/4/3 2950/2/3
f 2953/3/1 2954/4/1 2955/1/1
f 2953/3/1 2956/2/1 2954/4/1
f 2957/2/1 2958/1/1 2959/3/1
f 2957/2/1 2960/4/1 2958/1/1
f 2961/3/1 2962/4/1 2963/1/1
f 2961/3/1 2964/2/1 2962/4/1
f 2965/1/1 2966/2/1 2967/4/1
f 2965/1/1 2968/3/1 2966/2/1
f 2969/2/1 2970/1/1 2971/3/1
f 2969/2/1 2972/4/1 2970/1/1
f 2973/1/5 2974/2/5 2975/3/5
f 2973/1/5 2976/4/5 2974/2/5
f 2977/3/1 2978/4/1 2979/1/1
f 2977/3/1 2980/2/1 2978/4/1
f 2981/3/1 2982/4/1 2983/1/1
f 2981/3/1 2984/2/1 2982/4/1
f 2985/2/1 2986/1/1 2987/4/1
f 2985/2/1 2988/3/1 2986/1/1
f 2989/4/1 2990/3/1 2991/2/1
f 2989/4/1 2992/1/1 2990/3/1
f 2993/4/1 2994/3/1 2995/1/1
f 2993/4/1 2996/2/1 2994/3/1
f 2997/1/1 2998/2/1 2999/4/1
f 2997/1/1 3000/3/1 2998/2/1
f 3001/4/3 3002/3/3 3003/1/3
f 3001/4/3 3004/2/3 3002/3/3
f 3005/4/1 3006/3/1 3007/1/1
f 3005/4/1 3008/2/1 3006/3/1
f 3009/3/1 3010/4/1 3011/2/1
f 3009/3/1 3012/1/1 3010/4/1
f 3013/2/1 3014/1/1 3015/4/1
f 3013/2/1 3016/3/1 3014/1/1
f 3017/1/1 3018/2/1 3019/4/1
f 3017/1/1 3020/3/1 3018/2/1
f 3021/3/1 3022/4/1 3023/1/1
f 3021/3/1 3024/2/1 3022/4/1
f 3025/2/1 3026/1/1 3027/3/1
f 3025/2/1 3028/4/1 3026/1/1
f 3029/3/5 3030/4/5 3031/2/5
f 3029/3/3 3032/1/3 3030/4/3
f 3033/4/1 3034/3/1 3035/1/1
f 3033/4/1 3036/2/1 3034/3/1
f 3037/2/1 3038/1/1 3039/3/1
f 3037/2/1 3040/4/1 3038/1/1
f 3041/2/1 3042/1/1 3043/3/1
f 3041/2/1 3044/4/1 3042/1/1
f 3045/2/1 3046/1/1 3047/3/1
f 3045/2/1 3048/4/1 3046/1/1
f 3049/3/1 3050/4/1 3051/1/1
f 3049/3/1 3052/2/1 3050/4/1
f 3053/2/1 3054/1/1 3055/4/1
f 3053/2/1 3056/3/1 3054/1/1
f 3057/4/1 3058/3/1 3059/2/1
f 3057/4/1 3060/1/1 3058/3/1
f 3061/2/1 3062/1/1 3063/3/1
f 3061/2/1 3064/4/1 3062/1/1
f 3065/4/1 3066/3/1 3067/1/1
f 3065/4/1 3068/2/1 3066/3/1
f 3069/2/1 3070/1/1 3071/3/1
f 3069/2/1 3072/4/1 3070/1/1
f 3073/4/1 3074/3/1 3075/2/1
f 3073/4/1 3076/1/1 3074/3/1
f 3077/3/1 3078/4/1 3079/2/1
f 3077/3/1 3080/1/1 3078/4/1
f 3081/3/1 3082/4/1 3083/1/1
f 3081/3/1 3084/2/1 3082/4/1
f 3085/4/1 3086/3/1 3087/1/1
f 3085/4/1 3088/2/1 3086/3/1
f 3089/3/1 3090/4/1 3091/1/1
f 3089/3/1 3092/2/1 3090/4/1
f 3093/16/8 3094/8/8 3095/15/8
f 3093/16/8 3096/5/8 3094/8/8
f 3097/1/1 3098/2/1 3099/3/1
f 3097/1/1 3100/4/1 3098/2/1
f 3101/3/1 3102/4/1 3103/2/1
f 3101/3/1 3104/1/1 3102/4/1
f 3105/3/1 3106/4/1 3107/2/1
f 3105/3/1 3108/1/1 3106/4/1
f 3109/4/1 3110/3/1 3111/2/1
f 3109/4/1 3112/1/1 3110/3/1
f 3113/4/1 3114/3/1 3115/1/1
f 3113/4/1 3116/2/1 3114/3/1
f 3117/1/1 3118/2/1 3119/4/1
f 3117/1/1 3120/3/1 3118/2/1
f 3121/3/1 3122/4/1 3123/2/1
f 3121/3/1 3124/1/1 3122/4/1
f 3125/1/1 3126/2/1 3127/4/1
f 3125/1/1 3128/3/1 3126/2/1
f 3129/2/1 3130/1/1 3131/3/1
f 3129/2/1 3132/4/1 3130/1/1
f 3133/2/1 3134/1/1 3135/3/1
f 3133/2/1 3136/4/1 3134/1/1
f 3137/4/1 3138/3/1 3139/2/1
f 3137/4/1 3140/1/1 3138/3/1
f 3141/2/1 3142/1/1 3143/3/1
f 3141/2/1 3144/4/1 3142/1/1
f 3145/2/1 3146/1/1 3147/4/1
f 3145/2/1 3148/3/1 3146/1/1
f 3149/4/1 3150/3/1 3151/1/1
f 3149/4/1 3152/2/1 3150/3/1
f 3153/4/1 3154/3/1 3155/2/1
f 3153/4/1 3156/1/1 3154/3/1
f 3157/3/1 3158/4/1 3159/1/1
f 3157/3/1 3160/2/1 3158/4/1
f 3161/4/1 3162/3/1 3163/1/1
f 3161/4/1 3164/2/1 3162/3/1
f 3165/3/1 3166/4/1 3167/1/1
f 3165/3/1 3168/2/1 3166/4/1
f 3169/2/1 3170/1/1 3171/4/1
f 3169/2/1 3172/3/1 3170/1/1
f 3173/1/1 3174/2/1 3175/4/1
f 3173/1/1 3176/3/1 3174/2/1
f 3177/4/1 3178/3/1 3179/2/1
f 3177/4/1 3180/1/1 3178/3/1
f 3181/3/1 3182/4/1 3183/2/1
f 3181/3/1 3184/1/1 3182/4/1
f 3185/2/1 3186/1/1 3187/3/1
f 3185/2/1 3188/4/1 3186/1/1
f 3189/2/1 3190/1/1 3191/3/1
f 3189/2/1 3192/4/1 3190/1/1
f 3193/2/1 3194/1/1 3195/3/1
f 3193/2/1 3196/4/1 3194/1/1
f 3197/3/1 3198/4/1 3199/2/1
f 3197/3/1 3200/1/1 3198/4/1
f 3201/4/1 3202/3/1 3203/1/1
f 3201/4/1 3204/2/1 3202/3/1
f 3205/3/1 3206/4/1 3207/1/1
f 3205/3/1 3208/2/1 3206/4/1
f 3209/4/1 3210/3/1 3211/2/1
f 3209/4/1 3212/1/1 3210/3/1
f 3213/1/1 3214/2/1 3215/3/1
f 3213/1/1 3216/4/1 3214/2/1
f 3217/2/1 3218/1/1 3219/3/1
f 3217/2/1 3220/4/1 3218/1/1
f 3221/1/1 3222/2/1 3223/3/1
f 3221/1/1 3224/4/1 3222/2/1
f 3225/4/1 3226/3/1 3227/2/1
f 3225/4/1 3228/1/1 3226/3/1
f 3229/15/5 3230/5/5 3231/16/5
f 3229/15/5 3232/8/5 3230/5/5
f 3233/2/1 3234/1/1 3235/3/1
f 3233/2/1 3236/4/1 3234/1/1
f 3237/4/1 3238/3/1 3239/2/1
f 3237/4/1 3240/1/1 3238/3/1
f 3241/1/1 3242/2/1 3243/4/1
f 3241/1/1 3244/3/1 3242/2/1
f 3245/3/1 3246/4/1 3247/2/1
f 3245/3/1 3248/1/1 3246/4/1
f 3249/2/1 3250/1/1 3251/3/1
f 3249/2/1 3252/4/1 3250/1/1
f 3253/1/1 3254/2/1 3255/4/1
f 3253/1/1 3256/3/1 3254/2/1
f 3257/3/1 3258/4/1 3259/1/1
f 3257/3/1 3260/2/1 3258/4/1
f 3261/1/1 3262/2/1 3263/3/1
f 3261/1/1 3264/4/1 3262/2/1
f 3265/4/1 3266/3/1 3267/2/1
f 3265/4/1 3268/1/1 3266/3/1
f 3269/4/4 3270/3/4 3271/2/4
f 3269/4/1 3272/1/1 3270/3/1
f 3273/2/3 3274/1/3 3275/4/3
f 3273/2/3 3276/3/3 3274/1/3
f 3277/4/3 3278/3/3 3279/1/3
f 3277/4/3 3280/2/3 3278/3/3
f 3281/4/8 3282/3/8 3283/2/8
f 3281/4/8 3284/1/8 3282/3/8
f 3285/4/8 3286/3/8 3287/1/8
f 3285/4/8 3288/2/8 3286/3/8
f 3289/3/1 3290/4/1 3291/1/1
f 3289/3/1 3292/2/1 3290/4/1
f 3293/2/1 3294/1/1 3295/3/1
f 3293/2/1 3296/4/1 3294/1/1
f 3297/3/1 3298/4/1 3299/2/1
f 3297/3/1 3300/1/1 3298/4/1
f 3301/1/1 3302/2/1 3303/3/1
f 3301/1/1 3304/4/1 3302/2/1
f 3305/2/1 3306/1/1 3307/3/1
f 3305/2/1 3308/4/1 3306/1/1
f 3309/2/1 3310/1/1 3311/4/1
f 3309/2/1 3312/3/1 3310/1/1
f 3313/4/1 3314/3/1 3315/2/1
f 3313/4/1 3316/1/1 3314/3/1
f 3317/4/1 3318/3/1 3319/2/1
f 3317/4/1 3320/1/1 3318/3/1
f 3321/2/1 3322/1/1 3323/3/1
f 3321/2/1 3324/4/1 3322/1/1
f 3325/1/1 3326/2/1 3327/4/1
f 3325/1/1 3328/3/1 3326/2/1
f 3329/3/1 3330/4/1 3331/2/1
f 3329/3/1 3332/1/1 3330/4/1
f 3333/3/1 3334/4/1 3335/2/1
f 3333/3/1 3336/1/1 3334/4/1
f 3337/4/1 3338/3/1 3339/1/1
f 3337/4/1 3340/2/1 3338/3/1
f 3341/4/1 3342/3/1 3343/2/1
f 3341/4/1 3344/1/1 3342/3/1
f 3345/4/1 3346/3/1 3347/1/1
f 3345/4/1 3348/2/1 3346/3/1
f 3349/3/1 3350/4/1 3351/1/1
f 3349/3/1 3352/2/1 3350/4/1
f 3353/4/1 3354/3/1 3355/1/1
f 3353/4/1 3356/2/1 3354/3/1
f 3357/3/1 3358/4/1 3359/1/1
f 3357/3/1 3360/2/1 3358/4/1
f 3361/4/1 3362/3/1 3363/2/1
f 3361/4/1 3364/1/1 3362/3/1
f 3365/3/1 3366/4/1 3367/2/1
f 3365/3/1 3368/1/1 3366/4/1
f 3369/1/1 3370/2/1 3371/4/1
f 3369/1/1 3372/3/1 3370/2/1
f 3373/3/1 3374/4/1 3375/1/1
f 3373/3/1 3376/2/1 3374/4/1
f 3377/1/1 3378/2/1 3379/3/1
f 3377/1/1 3380/4/1 3378/2/1
f 3381/2/1 3382/1/1 3383/3/1
f 3381/2/1 3384/4/1 3382/1/1
f 3385/3/1 3386/4/1 3387/2/1
f 3385/3/1 3388/1/1 3386/4/1
f 3389/3/1 3390/4/1 3391/1/1
f 3389/3/1 3392/2/1 3390/4/1
f 3393/4/1 3394/3/1 3395/1/1
f 3393/4/1 3396/2/1 3394/3/1
f 3397/4/1 3398/3/1 3399/2/1
f 3397/4/1 3400/1/1 3398/3/1
f 3401/4/13 3402/3/13 3403/2/13
f 3401/4/13 3404/1/13 3402/3/13
f 3405/1/1 3406/2/1 3407/4/1
f 3405/1/20 3408/3/20 3406/2/20
f 3409/1/1 3410/2/1 3411/4/1
f 3409/1/1 3412/3/1 3410/2/1
f 3413/2/1 3414/1/1 3415/3/1
f 3413/2/1 3416/4/1 3414/1/1
f 3417/2/1 3418/1/1 3419/3/1
f 3417/2/1 3420/4/1 3418/1/1
f 3421/2/1 3422/1/1 3423/3/1
f 3421/2/1 3424/4/1 3422/1/1
f 3425/2/1 3426/1/1 3427/4/1
f 3425/2/1 3428/3/1 3426/1/1
f 3429/1/6 3430/2/6 3431/4/6
f 3429/1/6 3432/3/6 3430/2/6
f 3433/1/12 3434/2/12 3435/3/12
f 3433/1/13 3436/4/13 3434/2/13
f 3437/1/1 3438/2/1 3439/4/1
f 3437/1/1 3440/3/1 3438/2/1
f 3441/14/18 3442/18/18 3443/11/18
f 3441/14/18 3444/19/18 3442/18/18
f 3445/1/6 3446/2/6 3447/3/6
f 3445/1/6 3448/4/6 3446/2/6
f 3449/4/1 3450/3/1 3451/2/1
f 3449/4/1 3452/1/1 3450/3/1
f 3453/2/1 3454/1/1 3455/4/1
f 3453/2/1 3456/3/1 3454/1/1
f 3457/3/1 3458/4/1 3459/2/1
f 3457/3/1 3460/1/1 3458/4/1
f 3461/2/1 3462/1/1 3463/4/1
f 3461/2/1 3464/3/1 3462/1/1
f 3465/2/1 3466/1/1 3467/3/1
f 3465/2/1 3468/4/1 3466/1/1
f 3469/4/1 3470/3/1 3471/1/1
f 3469/4/1 3472/2/1 3470/3/1
f 3473/1/1 3474/2/1 3475/4/1
f 3473/1/1 3476/3/1 3474/2/1
f 3477/1/1 3478/2/1 3479/4/1
f 3477/1/1 3480/3/1 3478/2/1
f 3481/2/6 3482/1/6 3483/3/6
f 3481/2/6 3484/4/6 3482/1/6
f 3485/4/6 3486/3/6 3487/1/6
f 3485/4/6 3488/2/6 3486/3/6
f 3489/4/13 3490/3/13 3491/1/13
f 3489/4/13 3492/2/13 3490/3/13
f 3493/4/1 3494/3/1 3495/2/1
f 3493/4/1 3496/1/1 3494/3/1
f 3497/1/1 3498/2/1 3499/4/1
f 3497/1/1 3500/3/1 3498/2/1
f 3501/4/1 3502/3/1 3503/2/1
f 3501/4/1 3504/1/1 3502/3/1
f 3505/2/1 3506/1/1 3507/4/1
f 3505/2/1 3508/3/1 3506/1/1
f 3509/1/1 3510/2/1 3511/4/1
f 3509/1/1 3512/3/1 3510/2/1
f 3513/1/1 3514/2/1 3515/4/1
f 3513/1/1 3516/3/1 3514/2/1
f 3517/2/1 3518/1/1 3519/3/1
f 3517/2/1 3520/4/1 3518/1/1
f 3521/1/21 3522/2/21 3523/4/21
f 3521/1/1 3524/3/1 3522/2/1
f 3525/1/12 3526/2/12 3527/3/12
f 3525/1/12 3528/4/12 3526/2/12
f 3529/2/12 3530/1/12 3531/3/12
f 3529/2/12 3532/4/12 3530/1/12
f 3533/2/13 3534/1/13 3535/3/13
f 3533/2/12 3536/4/12 3534/1/12
f 3537/3/12 3538/4/12 3539/2/12
f 3537/3/12 3540/1/12 3538/4/12
f 3541/4/7 3542/3/7 3543/1/7
f 3541/4/7 3544/2/7 3542/3/7
f 3545/1/7 3546/2/7 3547/3/7
f 3545/1/7 3548/4/7 3546/2/7
f 3549/1/7 3550/2/7 3551/4/7
f 3549/1/7 3552/3/7 3550/2/7
f 3553/2/7 3554/1/7 3555/3/7
f 3553/2/7 3556/4/7 3554/1/7
f 3557/4/1 3558/3/1 3559/2/1
f 3557/4/1 3560/1/1 3558/3/1
f 3561/4/1 3562/3/1 3563/1/1
f 3561/4/1 3564/2/1 3562/3/1
f 3565/1/1 3566/2/1 3567/3/1
f 3565/1/1 3568/4/1 3566/2/1
f 3569/4/1 3570/3/1 3571/2/1
f 3569/4/1 3572/1/1 3570/3/1
f 3573/2/1 3574/1/1 3575/3/1
f 3573/2/1 3576/4/1 3574/1/1
f 3577/2/1 3578/1/1 3579/3/1
f 3577/2/1 3580/4/1 3578/1/1
f 3581/1/1 3582/2/1 3583/3/1
f 3581/1/1 3584/4/1 3582/2/1
f 3585/4/8 3586/3/8 3587/2/8
f 3585/4/8 3588/1/8 3586/3/8
f 3589/1/9 3590/2/9 3591/3/9
f 3589/1/8 3592/4/8 3590/2/8
f 3593/3/1 3594/4/1 3595/2/1
f 3593/3/1 3596/1/1 3594/4/1
f 3597/1/1 3598/2/1 3599/4/1
f 3597/1/1 3600/3/1 3598/2/1
f 3601/4/8 3602/3/8 3603/1/8
f 3601/4/8 3604/2/8 3602/3/8
f 3605/1/5 3606/2/5 3607/4/5
f 3605/1/5 3608/3/5 3606/2/5
f 3609/4/9 3610/3/9 3611/1/9
f 3609/4/9 3612/2/9 3610/3/9
f 3613/3/1 3614/4/1 3615/2/1
f 3613/3/1 3616/1/1 3614/4/1
f 3617/2/9 3618/1/9 3619/4/9
f 3617/2/9 3620/3/9 3618/1/9
f 3621/4/9 3622/3/9 3623/1/9
f 3621/4/9 3624/2/9 3622/3/9
f 3625/2/1 3626/1/1 3627/3/1
f 3625/2/1 3628/4/1 3626/1/1
f 3629/1/1 3630/2/1 3631/4/1
f 3629/1/1 3632/3/1 3630/2/1
f 3633/3/1 3634/4/1 3635/1/1
f 3633/3/1 3636/2/1 3634/4/1
f 3637/2/1 3638/1/1 3639/3/1
f 3637/2/1 3640/4/1 3638/1/1
f 3641/1/1 3642/2/1 3643/4/1
f 3641/1/1 3644/3/1 3642/2/1
f 3645/3/1 3646/4/1 3647/2/1
f 3645/3/1 3648/1/1 3646/4/1
f 3649/4/1 3650/3/1 3651/2/1
f 3649/4/1 3652/1/1 3650/3/1
f 3653/2/1 3654/1/1 3655/3/1
f 3653/2/1 3656/4/1 3654/1/1
f 3657/4/1 3658/3/1 3659/1/1
f 3657/4/1 3660/2/1 3658/3/1
f 3661/4/1 3662/3/1 3663/1/1
f 3661/4/1 3664/2/1 3662/3/1
f 3665/4/1 3666/3/1 3667/1/1
f 3665/4/1 3668/2/1 3666/3/1
f 3669/3/1 3670/4/1 3671/2/1
f 3669/3/1 3672/1/1 3670/4/1
f 3673/4/1 3674/3/1 3675/2/1
f 3673/4/1 3676/1/1 3674/3/1
f 3677/3/1 3678/4/1 3679/1/1
f 3677/3/1 3680/2/1 3678/4/1
f 3681/1/1 3682/2/1 3683/4/1
f 3681/1/1 3684/3/1 3682/2/1
f 3685/4/1 3686/3/1 3687/1/1
f 3685/4/1 3688/2/1 3686/3/1
f 3689/4/1 3690/3/1 3691/2/1
f 3689/4/1 3692/1/1 3690/3/1
f 3693/2/1 3694/1/1 3695/3/1
f 3693/2/1 3696/4/1 3694/1/1
f 3697/4/1 3698/3/1 3699/2/1
f 3697/4/1 3700/1/1 3698/3/1
f 3701/4/1 3702/3/1 3703/1/1
f 3701/4/1 3704/2/1 3702/3/1
usemtl pixellab-tileset-dark-dirt-sometimes-have-larva-and-poop-64a4ce32
f 3705/3/15 3706/4/15 3707/1/15
f 3705/3/15 3708/2/15 3706/4/15
usemtl pixellab-tileset-grass-light-brown-like-dirt-0b1e6713
f 3709/4/1 3710/3/1 3711/1/1
f 3709/4/1 3712/2/1 3710/3/1
f 3713/4/1 3714/3/1 3715/1/1
f 3713/4/1 3716/2/1 3714/3/1
f 3717/2/1 3718/1/1 3719/3/1
f 3717/2/1 3720/4/1 3718/1/1
f 3721/15/9 3722/5/9 3723/8/9
f 3721/15/9 3724/16/9 3722/5/9
f 3725/15/9 3726/5/9 3727/8/9
f 3725/15/9 3728/16/9 3726/5/9
f 3729/15/9 3730/5/9 3731/8/9
f 3729/15/9 3732/16/9 3730/5/9
f 3733/15/9 3734/5/9 3735/8/9
f 3733/15/9 3736/16/9 3734/5/9
f 3737/15/9 3738/5/9 3739/8/9
f 3737/15/9 3740/16/9 3738/5/9
f 3741/15/9 3742/5/9 3743/8/9
f 3741/15/9 3744/16/9 3742/5/9
f 3745/15/9 3746/5/9 3747/8/9
f 3745/15/9 3748/16/9 3746/5/9
f 3749/15/9 3750/5/9 3751/8/9
f 3749/15/9 3752/16/9 3750/5/9
f 3753/15/9 3754/5/9 3755/8/9
f 3753/15/9 3756/16/9 3754/5/9
f 3757/15/9 3758/5/9 3759/8/9
f 3757/15/9 3760/16/9 3758/5/9
f 3761/15/9 3762/5/9 3763/8/9
f 3761/15/9 3764/16/9 3762/5/9
f 3765/15/9 3766/5/9 3767/8/9
f 3765/15/9 3768/16/9 3766/5/9
f 3769/15/9 3770/5/9 3771/8/9
f 3769/15/9 3772/16/9 3770/5/9
f 3773/15/9 3774/5/9 3775/8/9
f 3773/15/9 3776/16/9 3774/5/9
f 3777/15/9 3778/5/9 3779/8/9
f 3777/15/9 3780/16/9 3778/5/9
f 3781/15/9 3782/5/9 3783/8/9
f 3781/15/9 3784/16/9 3782/5/9
f 3785/15/9 3786/5/9 3787/8/9
f 3785/15/9 3788/16/9 3786/5/9
f 3789/15/9 3790/5/9 3791/8/9
f 3789/15/9 3792/16/9 3790/5/9
f 3793/15/9 3794/5/9 3795/8/9
f 3793/15/9 3796/16/9 3794/5/9
f 3797/3/1 3798/4/1 3799/1/1
f 3797/3/1 3800/2/1 3798/4/1
f 3801/18/15 3802/10/15 3803/17/15
f 3801/18/15 3804/11/15 3802/10/15
f 3805/18/18 3806/10/18 3807/17/18
f 3805/18/18 3808/11/18 3806/10/18
f 3809/2/1 3810/1/1 3811/3/1
f 3809/2/1 3812/4/1 3810/1/1
f 3813/2/1 3814/1/1 3815/3/1
f 3813/2/1 3816/4/1 3814/1/1
f 3817/18/15 3818/10/15 3819/17/15
f 3817/18/15 3820/11/15 3818/10/15
f 3821/18/18 3822/10/18 3823/17/18
f 3821/18/18 3824/11/18 3822/10/18
f 3825/18/14 3826/10/14 3827/17/14
f 3825/18/14 3828/11/14 3826/10/14
f 3829/18/12 3830/10/12 3831/17/12
f 3829/18/12 3832/11/12 3830/10/12
f 3833/3/1 3834/4/1 3835/1/1
f 3833/3/1 3836/2/1 3834/4/1
f 3837/1/1 3838/2/1 3839/4/1
f 3837/1/2 3840/3/2 3838/2/2
f 3841/11/18 3842/17/18 3843/10/18
f 3841/11/18 3844/18/18 3842/17/18
f 3845/11/10 3846/17/10 3847/10/10
f 3845/11/17 3848/18/17 3846/17/17
f 3849/14/12 3850/18/12 3851/11/12
f 3849/14/12 3852/19/12 3850/18/12
f 3853/11/18 3854/17/18 3855/10/18
f 3853/11/18 3856/18/18 3854/17/18
f 3857/2/1 3858/1/1 3859/3/1
f 3857/2/1 3860/4/1 3858/1/1
f 3861/11/14 3862/17/14 3863/10/14
f 3861/11/14 3864/18/14 3862/17/14
f 3865/18/14 3866/14/14 3867/19/14
f 3865/18/14 3868/11/14 3866/14/14
f 3869/11/15 3870/17/15 3871/10/15
f 3869/11/15 3872/18/15 3870/17/15
f 3873/11/10 3874/17/10 3875/10/10
f 3873/11/11 3876/18/11 3874/17/11
f 3877/18/14 3878/14/14 3879/19/14
f 3877/18/14 3880/11/14 3878/14/14
f 3881/14/14 3882/18/14 3883/11/14
f 3881/14/14 3884/19/14 3882/18/14
f 3885/14/12 3886/18/12 3887/11/12
f 3885/14/12 3888/19/12 3886/18/12
f 3889/14/15 3890/18/15 3891/11/15
f 3889/14/15 3892/19/15 3890/18/15
f 3893/11/19 3894/17/19 3895/10/19
f 3893/11/19 3896/18/19 3894/17/19
f 3897/14/1 3898/18/1 3899/11/1
f 3897/14/1 3900/19/1 3898/18/1
f 3901/11/18 3902/17/18 3903/10/18
f 3901/11/18 3904/18/18 3902/17/18
f 3905/11/14 3906/17/14 3907/10/14
f 3905/11/14 3908/18/14 3906/17/14
f 3909/11/12 3910/17/12 3911/10/12
f 3909/11/12 3912/18/12 3910/17/12
f 3913/11/18 3914/17/18 3915/10/18
f 3913/11/18 3916/18/18 3914/17/18
f 3917/1/1 3918/2/1 3919/4/1
f 3917/1/1 3920/3/1 3918/2/1
f 3921/18/15 3922/14/15 3923/19/15
f 3921/18/15 3924/11/15 3922/14/15
f 3925/11/15 3926/17/15 3927/10/15
f 3925/11/15 3928/18/15 3926/17/15
f 3929/18/15 3930/14/15 3931/19/15
f 3929/18/15 3932/11/15 3930/14/15
f 3933/11/18 3934/17/18 3935/10/18
f 3933/11/18 3936/18/18 3934/17/18
f 3937/18/15 3938/14/15 3939/19/15
f 3937/18/15 3940/11/15 3938/14/15
f 3941/11/18 3942/17/18 3943/10/18
f 3941/11/18 3944/18/18 3942/17/18
f 3945/11/15 3946/17/15 3947/10/15
f 3945/11/15 3948/18/15 3946/17/15
f 3949/18/18 3950/14/18 3951/19/18
f 3949/18/18 3952/11/18 3950/14/18
f 3953/18/18 3954/14/18 3955/19/18
f 3953/18/18 3956/11/18 3954/14/18
f 3957/18/18 3958/14/18 3959/19/18
f 3957/18/18 3960/11/18 3958/14/18
f 3961/11/14 3962/17/14 3963/10/14
f 3961/11/14 3964/18/14 3962/17/14
f 3965/18/18 3966/14/18 3967/19/18
f 3965/18/18 3968/11/18 3966/14/18
f 3969/11/14 3970/17/14 3971/10/14
f 3969/11/14 3972/18/14 3970/17/14
f 3973/4/1 3974/3/1 3975/1/1
f 3973/4/1 3976/2/1 3974/3/1
f 3977/4/1 3978/3/1 3979/1/1
f 3977/4/1 3980/2/1 3978/3/1
f 3981/11/10 3982/17/10 3983/10/10
f 3981/11/16 3984/18/16 3982/17/16
f 3985/11/15 3986/17/15 3987/10/15
f 3985/11/15 3988/18/15 3986/17/15
f 3989/14/14 3990/18/14 3991/11/14
f 3989/14/14 3992/19/14 3990/18/14
f 3993/11/18 3994/17/18 3995/10/18
f 3993/11/18 3996/18/18 3994/17/18
f 3997/11/14 3998/17/14 3999/10/14
f 3997/11/14 4000/18/14 3998/17/14
f 4001/11/12 4002/17/12 4003/10/12
f 4001/11/12 4004/18/12 4002/17/12
f 4005/11/18 4006/17/18 4007/10/18
f 4005/11/18 4008/18/18 4006/17/18
f 4009/11/14 4010/17/14 4011/10/14
f 4009/11/14 4012/18/14 4010/17/14
f 4013/11/12 4014/17/12 4015/10/12
f 4013/11/12 4016/18/12 4014/17/12
f 4017/11/18 4018/17/18 4019/10/18
f 4017/11/18 4020/18/18 4018/17/18
f 4021/11/10 4022/17/10 4023/10/10
f 4021/11/11 4024/18/11 4022/17/11
f 4025/11/18 4026/17/18 4027/10/18
f 4025/11/18 4028/18/18 4026/17/18
f 4029/4/1 4030/3/1 4031/1/1
f 4029/4/1 4032/2/1 4030/3/1
f 4033/11/14 4034/17/14 4035/10/14
f 4033/11/14 4036/18/14 4034/17/14
f 4037/11/12 4038/17/12 4039/10/12
f 4037/11/12 4040/18/12 4038/17/12
f 4041/11/18 4042/17/18 4043/10/18
f 4041/11/18 4044/18/18 4042/17/18
f 4045/11/18 4046/17/18 4047/10/18
f 4045/11/18 4048/18/18 4046/17/18
f 4049/11/18 4050/17/18 4051/10/18
f 4049/11/18 4052/18/18 4050/17/18
f 4053/11/18 4054/17/18 4055/10/18
f 4053/11/18 4056/18/18 4054/17/18
f 4057/11/18 4058/17/18 4059/10/18
f 4057/11/18 4060/18/18 4058/17/18
f 4061/11/15 4062/17/15 4063/10/15
f 4061/11/15 4064/18/15 4062/17/15
f 4065/11/22 4066/17/22 4067/10/22
f 4065/11/1 4068/18/1 4066/17/1
f 4069/11/15 4070/17/15 4071/10/15
f 4069/11/15 4072/18/15 4070/17/15
f 4073/11/10 4074/17/10 4075/10/10
f 4073/11/23 4076/18/23 4074/17/23
f 4077/11/15 4078/17/15 4079/10/15
f 4077/11/15 4080/18/15 4078/17/15
f 4081/11/10 4082/17/10 4083/10/10
f 4081/11/23 4084/18/23 4082/17/23
f 4085/11/15 4086/17/15 4087/10/15
f 4085/11/15 4088/18/15 4086/17/15
f 4089/11/18 4090/17/18 4091/10/18
f 4089/11/18 4092/18/18 4090/17/18
f 4093/11/15 4094/17/15 4095/10/15
f 4093/11/15 4096/18/15 4094/17/15
f 4097/11/10 4098/17/10 4099/10/10
f 4097/11/5 4100/18/5 4098/17/5
f 4101/11/15 4102/17/15 4103/10/15
f 4101/11/15 4104/18/15 4102/17/15
f 4105/11/15 4106/17/15 4107/10/15
f 4105/11/15 4108/18/15 4106/17/15
f 4109/11/15 4110/17/15 4111/10/15
f 4109/11/15 4112/18/15 4110/17/15
f 4113/11/18 4114/17/18 4115/10/18
f 4113/11/18 4116/18/18 4114/17/18
f 4117/11/15 4118/17/15 4119/10/15
f 4117/11/15 4120/18/15 4118/17/15
f 4121/11/15 4122/17/15 4123/10/15
f 4121/11/15 4124/18/15 4122/17/15
f 4125/11/15 4126/17/15 4127/10/15
f 4125/11/15 4128/18/15 4126/17/15
f 4129/11/15 4130/17/15 4131/10/15
f 4129/11/15 4132/18/15 4130/17/15
f 4133/11/18 4134/17/18 4135/10/18
f 4133/11/18 4136/18/18 4134/17/18
f 4137/11/24 4138/17/24 4139/10/24
f 4137/11/5 4140/18/5 4138/17/5
f 4141/11/24 4142/17/24 4143/10/24
f 4141/11/10 4144/18/10 4142/17/10
f 4145/11/24 4146/17/24 4147/10/24
f 4145/11/10 4148/18/10 4146/17/10
f 4149/11/14 4150/17/14 4151/10/14
f 4149/11/14 4152/18/14 4150/17/14
f 4153/11/14 4154/17/14 4155/10/14
f 4153/11/14 4156/18/14 4154/17/14
f 4157/11/14 4158/17/14 4159/10/14
f 4157/11/14 4160/18/14 4158/17/14
f 4161/11/14 4162/17/14 4163/10/14
f 4161/11/14 4164/18/14 4162/17/14
f 4165/11/18 4166/17/18 4167/10/18
f 4165/11/18 4168/18/18 4166/17/18
f 4169/11/18 4170/17/18 4171/10/18
f 4169/11/18 4172/18/18 4170/17/18
f 4173/11/10 4174/17/10 4175/10/10
f 4173/11/5 4176/18/5 4174/17/5
f 4177/11/14 4178/17/14 4179/10/14
f 4177/11/14 4180/18/14 4178/17/14
f 4181/11/14 4182/17/14 4183/10/14
f 4181/11/14 4184/18/14 4182/17/14
f 4185/11/14 4186/17/14 4187/10/14
f 4185/11/14 4188/18/14 4186/17/14
f 4189/11/14 4190/17/14 4191/10/14
f 4189/11/14 4192/18/14 4190/17/14
f 4193/11/10 4194/17/10 4195/10/10
f 4193/11/23 4196/18/23 4194/17/23
f 4197/11/15 4198/17/15 4199/10/15
f 4197/11/15 4200/18/15 4198/17/15
f 4201/11/10 4202/17/10 4203/10/10
f 4201/11/25 4204/18/25 4202/17/25
f 4205/11/8 4206/17/8 4207/10/8
f 4205/11/23 4208/18/23 4206/17/23
f 4209/11/10 4210/17/10 4211/10/10
f 4209/11/25 4212/18/25 4210/17/25
f 4213/11/8 4214/17/8 4215/10/8
f 4213/11/10 4216/18/10 4214/17/10
f 4217/11/10 4218/17/10 4219/10/10
f 4217/11/25 4220/18/25 4218/17/25
f 4221/11/8 4222/17/8 4223/10/8
f 4221/11/10 4224/18/10 4222/17/10
f 4225/11/10 4226/17/10 4227/10/10
f 4225/11/25 4228/18/25 4226/17/25
f 4229/11/8 4230/17/8 4231/10/8
f 4229/11/10 4232/18/10 4230/17/10
f 4233/11/12 4234/17/12 4235/10/12
f 4233/11/12 4236/18/12 4234/17/12
f 4237/11/14 4238/17/14 4239/10/14
f 4237/11/14 4240/18/14 4238/17/14
f 4241/11/24 4242/17/24 4243/10/24
f 4241/11/10 4244/18/10 4242/17/10
f 4245/11/8 4246/17/8 4247/10/8
f 4245/11/10 4248/18/10 4246/17/10
f 4249/11/14 4250/17/14 4251/10/14
f 4249/11/14 4252/18/14 4250/17/14
f 4253/11/14 4254/17/14 4255/10/14
f 4253/11/14 4256/18/14 4254/17/14
f 4257/11/1 4258/17/1 4259/10/1
f 4257/11/26 4260/18/26 4258/17/26
f 4261/11/12 4262/17/12 4263/10/12
f 4261/11/12 4264/18/12 4262/17/12
f 4265/11/12 4266/17/12 4267/10/12
f 4265/11/12 4268/18/12 4266/17/12
f 4269/11/12 4270/17/12 4271/10/12
f 4269/11/12 4272/18/12 4270/17/12
f 4273/11/12 4274/17/12 4275/10/12
f 4273/11/12 4276/18/12 4274/17/12
f 4277/11/12 4278/17/12 4279/10/12
f 4277/11/12 4280/18/12 4278/17/12
f 4281/11/15 4282/17/15 4283/10/15
f 4281/11/15 4284/18/15 4282/17/15
f 4285/11/15 4286/17/15 4287/10/15
f 4285/11/15 4288/18/15 4286/17/15
f 4289/11/12 4290/17/12 4291/10/12
f 4289/11/12 4292/18/12 4290/17/12
f 4293/11/12 4294/17/12 4295/10/12
f 4293/11/12 4296/18/12 4294/17/12
f 4297/11/12 4298/17/12 4299/10/12
f 4297/11/12 4300/18/12 4298/17/12
f 4301/11/12 4302/17/12 4303/10/12
f 4301/11/12 4304/18/12 4302/17/12
f 4305/11/12 4306/17/12 4307/10/12
f 4305/11/12 4308/18/12 4306/17/12
f 4309/11/14 4310/17/14 4311/10/14
f 4309/11/14 4312/18/14 4310/17/14
f 4313/11/12 4314/17/12 4315/10/12
f 4313/11/12 4316/18/12 4314/17/12
f 4317/11/12 4318/17/12 4319/10/12
f 4317/11/12 4320/18/12 4318/17/12
f 4321/11/12 4322/17/12 4323/10/12
f 4321/11/12 4324/18/12 4322/17/12
f 4325/11/12 4326/17/12 4327/10/12
f 4325/11/12 4328/18/12 4326/17/12
f 4329/11/12 4330/17/12 4331/10/12
f 4329/11/12 4332/18/12 4330/17/12
f 4333/11/14 4334/17/14 4335/10/14
f 4333/11/14 4336/18/14 4334/17/14
f 4337/11/12 4338/17/12 4339/10/12
f 4337/11/12 4340/18/12 4338/17/12
f 4341/11/14 4342/17/14 4343/10/14
f 4341/11/14 4344/18/14 4342/17/14
f 4345/11/14 4346/17/14 4347/10/14
f 4345/11/14 4348/18/14 4346/17/14
f 4349/11/14 4350/17/14 4351/10/14
f 4349/11/14 4352/18/14 4350/17/14
f 4353/11/15 4354/17/15 4355/10/15
f 4353/11/15 4356/18/15 4354/17/15
f 4357/11/27 4358/17/27 4359/10/27
f 4357/11/15 4360/18/15 4358/17/15
f 4361/11/15 4362/17/15 4363/10/15
f 4361/11/15 4364/18/15 4362/17/15
f 4365/11/14 4366/17/14 4367/10/14
f 4365/11/14 4368/18/14 4366/17/14
f 4369/11/18 4370/17/18 4371/10/18
f 4369/11/18 4372/18/18 4370/17/18
f 4373/11/18 4374/17/18 4375/10/18
f 4373/11/18 4376/18/18 4374/17/18
f 4377/11/15 4378/17/15 4379/10/15
f 4377/11/15 4380/18/15 4378/17/15
f 4381/11/18 4382/17/18 4383/10/18
f 4381/11/18 4384/18/18 4382/17/18
f 4385/11/18 4386/17/18 4387/10/18
f 4385/11/18 4388/18/18 4386/17/18
f 4389/14/18 4390/18/18 4391/11/18
f 4389/14/18 4392/19/18 4390/18/18
f 4393/11/18 4394/17/18 4395/10/18
f 4393/11/18 4396/18/18 4394/17/18
f 4397/11/12 4398/17/12 4399/10/12
f 4397/11/12 4400/18/12 4398/17/12
f 4401/14/15 4402/18/15 4403/11/15
f 4401/14/15 4404/19/15 4402/18/15
f 4405/11/12 4406/17/12 4407/10/12
f 4405/11/12 4408/18/12 4406/17/12
f 4409/11/12 4410/17/12 4411/10/12
f 4409/11/12 4412/18/12 4410/17/12
f 4413/18/14 4414/14/14 4415/19/14
f 4413/18/14 4416/11/14 4414/14/14
f 4417/11/12 4418/17/12 4419/10/12
f 4417/11/12 4420/18/12 4418/17/12
f 4421/18/14 4422/14/14 4423/19/14
f 4421/18/14 4424/11/14 4422/14/14
f 4425/18/14 4426/14/14 4427/19/14
f 4425/18/14 4428/11/14 4426/14/14
f 4429/18/14 4430/14/14 4431/19/14
f 4429/18/14 4432/11/14 4430/14/14
f 4433/18/18 4434/14/18 4435/19/18
f 4433/18/18 4436/11/18 4434/14/18
f 4437/18/18 4438/14/18 4439/19/18
f 4437/18/18 4440/11/18 4438/14/18
f 4441/11/10 4442/17/10 4443/10/10
f 4441/11/5 4444/18/5 4442/17/5
f 4445/18/12 4446/14/12 4447/19/12
f 4445/18/12 4448/11/12 4446/14/12
f 4449/18/18 4450/14/18 4451/19/18
f 4449/18/18 4452/11/18 4450/14/18
f 4453/18/15 4454/14/15 4455/19/15
f 4453/18/15 4456/11/15 4454/14/15
f 4457/11/15 4458/17/15 4459/10/15
f 4457/11/15 4460/18/15 4458/17/15
f 4461/18/15 4462/14/15 4463/19/15
f 4461/18/15 4464/11/15 4462/14/15
f 4465/11/18 4466/17/18 4467/10/18
f 4465/11/18 4468/18/18 4466/17/18
f 4469/18/18 4470/14/18 4471/19/18
f 4469/18/18 4472/11/18 4470/14/18
f 4473/18/15 4474/14/15 4475/19/15
f 4473/18/15 4476/11/15 4474/14/15
f 4477/11/12 4478/17/12 4479/10/12
f 4477/11/12 4480/18/12 4478/17/12
f 4481/11/10 4482/17/10 4483/10/10
f 4481/11/5 4484/18/5 4482/17/5
f 4485/11/14 4486/17/14 4487/10/14
f 4485/11/14 4488/18/14 4486/17/14
f 4489/18/12 4490/14/12 4491/19/12
f 4489/18/12 4492/11/12 4490/14/12
f 4493/18/12 4494/14/12 4495/19/12
f 4493/18/12 4496/11/12 4494/14/12
f 4497/18/15 4498/14/15 4499/19/15
f 4497/18/15 4500/11/15 4498/14/15
f 4501/18/15 4502/14/15 4503/19/15
f 4501/18/15 4504/11/15 4502/14/15
f 4505/11/12 4506/17/12 4507/10/12
f 4505/11/12 4508/18/12 4506/17/12
f 4509/18/12 4510/14/12 4511/19/12
f 4509/18/12 4512/11/12 4510/14/12
f 4513/18/12 4514/14/12 4515/19/12
f 4513/18/12 4516/11/12 4514/14/12
f 4517/18/12 4518/14/12 4519/19/12
f 4517/18/12 4520/11/12 4518/14/12
f 4521/11/14 4522/17/14 4523/10/14
f 4521/11/14 4524/18/14 4522/17/14
f 4525/11/12 4526/17/12 4527/10/12
f 4525/11/12 4528/18/12 4526/17/12
f 4529/11/14 4530/17/14 4531/10/14
f 4529/11/14 4532/18/14 4530/17/14
f 4533/18/14 4534/14/14 4535/19/14
f 4533/18/14 4536/11/14 4534/14/14
f 4537/3/1 4538/4/1 4539/1/1
f 4537/3/1 4540/2/1 4538/4/1
f 4541/4/1 4542/3/1 4543/2/1
f 4541/4/1 4544/1/1 4542/3/1
f 4545/1/1 4546/2/1 4547/3/1
f 4545/1/1 4548/4/1 4546/2/1
f 4549/14/15 4550/18/15 4551/11/15
f 4549/14/15 4552/19/15 4550/18/15
f 4553/14/28 4554/18/28 4555/11/28
f 4553/14/7 4556/19/7 4554/18/7
f 4557/14/12 4558/18/12 4559/11/12
f 4557/14/12 4560/19/12 4558/18/12
f 4561/14/19 4562/18/19 4563/11/19
f 4561/14/19 4564/19/19 4562/18/19
f 4565/14/12 4566/18/12 4567/11/12
f 4565/14/12 4568/19/12 4566/18/12
f 4569/15/18 4570/4/18 4571/16/18
f 4569/15/18 4572/2/18 4570/4/18
f 4573/3/10 4574/4/10 4575/1/10
f 4573/3/18 4576/2/18 4574/4/18
f 4577/3/14 4578/4/14 4579/1/14
f 4577/3/10 4580/2/10 4578/4/10
f 4581/1/1 4582/2/1 4583/4/1
f 4581/1/1 4584/3/1 4582/2/1
f 4585/19/15 4586/11/15 4587/18/15
f 4585/19/15 4588/14/15 4586/11/15
f 4589/19/18 4590/11/18 4591/18/18
f 4589/19/18 4592/14/18 4590/11/18
f 4593/19/14 4594/11/14 4595/18/14
f 4593/19/14 4596/14/14 4594/11/14
f 4597/19/12 4598/11/12 4599/18/12
f 4597/19/12 4600/14/12 4598/11/12
f 4601/19/15 4602/11/15 4603/18/15
f 4601/19/15 4604/14/15 4602/11/15
f 4605/19/18 4606/11/18 4607/18/18
f 4605/19/18 4608/14/18 4606/11/18
f 4609/19/14 4610/11/14 4611/18/14
f 4609/19/14 4612/14/14 4610/11/14
f 4613/2/9 4614/1/9 4615/4/9
f 4613/2/9 4616/3/9 4614/1/9
f 4617/3/15 4618/4/15 4619/1/15
f 4617/3/15 4620/2/15 4618/4/15
f 4621/5/1 4622/13/1 4623/7/1
f 4621/5/1 4624/14/1 4622/13/1
f 4625/11/19 4626/17/19 4627/10/19
f 4625/11/19 4628/18/19 4626/17/19
f 4629/11/15 4630/17/15 4631/10/15
f 4629/11/15 4632/18/15 4630/17/15
f 4633/11/18 4634/17/18 4635/10/18
f 4633/11/18 4636/18/18 4634/17/18
f 4637/11/14 4638/17/14 4639/10/14
f 4637/11/14 4640/18/14 4638/17/14
f 4641/11/12 4642/17/12 4643/10/12
f 4641/11/12 4644/18/12 4642/17/12
f 4645/22/1 4646/3/1 4647/2/1
f 4645/22/1 4648/23/1 4646/3/1
f 4649/14/19 4650/18/19 4651/11/19
f 4649/14/19 4652/19/19 4650/18/19
f 4653/15/18 4654/4/18 4655/16/18
f 4653/15/18 4656/2/18 4654/4/18
usemtl pixellab-tileset-dark-dirt-sometimes-have-larva-and-poop-64a4ce32
f 4657/3/15 4658/4/15 4659/1/15
f 4657/3/15 4660/2/15 4658/4/15
f 4661/15/1 4662/4/1 4663/16/1
f 4661/15/1 4664/2/1 4662/4/1
f 4665/3/10 4666/4/10 4667/1/10
f 4665/3/10 4668/2/10 4666/4/10
f 4669/11/1 4670/17/1 4671/10/1
f 4669/11/1 4672/18/1 4670/17/1
f 4673/2/12 4674/1/12 4675/4/12
f 4673/2/12 4676/3/12 4674/1/12
f 4677/3/10 4678/4/10 4679/1/10
f 4677/3/29 4680/2/29 4678/4/29
f 4681/3/10 4682/4/10 4683/1/10
f 4681/3/10 4684/2/10 4682/4/10
f 4685/3/10 4686/4/10 4687/1/10
f 4685/3/5 4688/2/5 4686/4/5
f 4689/15/1 4690/4/1 4691/16/1
f 4689/15/1 4692/2/1 4690/4/1
f 4693/15/1 4694/4/1 4695/16/1
f 4693/15/1 4696/2/1 4694/4/1
f 4697/3/10 4698/4/10 4699/1/10
f 4697/3/30 4700/2/30 4698/4/30
f 4701/3/10 4702/4/10 4703/1/10
f 4701/3/10 4704/2/10 4702/4/10
f 4705/3/19 4706/4/19 4707/1/19
f 4705/3/19 4708/2/19 4706/4/19
f 4709/3/10 4710/4/10 4711/1/10
f 4709/3/10 4712/2/10 4710/4/10
f 4713/2/19 4714/1/19 4715/4/19
f 4713/2/19 4716/3/19 4714/1/19
f 4717/2/12 4718/1/12 4719/4/12
f 4717/2/12 4720/3/12 4718/1/12
f 4721/2/19 4722/1/19 4723/4/19
f 4721/2/31 4724/3/31 4722/1/31
f 4725/24/1 4726/21/1 4727/20/1
f 4725/24/1 4728/25/1 4726/21/1
f 4729/23/14 4730/2/14 4731/3/14
f 4729/23/14 4732/22/14 4730/2/14
f 4733/18/1 4734/26/1 4735/27/1
f 4733/18/1 4736/19/1 4734/26/1
f 4737/28/1 4738/29/1 4739/30/1
f 4737/28/1 4740/27/1 4738/29/1
f 4741/17/1 4742/27/1 4743/28/1
f 4741/17/1 4744/18/1 4742/27/1
f 4745/3/18 4746/4/18 4747/1/18
f 4745/3/18 4748/2/18 4746/4/18
f 4749/3/10 4750/4/10 4751/1/10
f 4749/3/32 4752/2/32 4750/4/32
f 4753/1/12 4754/2/12 4755/3/12
f 4753/1/12 4756/4/12 4754/2/12
f 4757/20/1 4758/25/1 4759/21/1
f 4757/20/1 4760/24/1 4758/25/1
f 4761/16/1 4762/2/1 4763/15/1
f 4761/16/1 4764/4/1 4762/2/1
f 4765/3/10 4766/4/10 4767/1/10
f 4765/3/10 4768/2/10 4766/4/10
f 4769/25/1 4770/20/1 4771/21/1
f 4769/25/1 4772/24/1 4770/20/1
f 4773/25/1 4774/20/1 4775/21/1
f 4773/25/1 4776/24/1 4774/20/1
f 4777/16/1 4778/26/1 4779/4/1
f 4777/16/1 4780/19/1 4778/26/1
f 4781/2/15 4782/1/15 4783/4/15
f 4781/2/15 4784/3/15 4782/1/15
f 4785/6/1 4786/5/1 4787/8/1
f 4785/6/1 4788/7/1 4786/5/1
f 4789/19/1 4790/11/1 4791/14/1
f 4789/19/1 4792/18/1 4790/11/1
f 4793/2/10 4794/16/10 4795/4/10
f 4793/2/33 4796/15/33 4794/16/33
f 4797/1/18 4798/2/18 4799/3/18
f 4797/1/18 4800/4/18 4798/2/18
f 4801/19/1 4802/11/1 4803/14/1
f 4801/19/1 4804/18/1 4802/11/1
f 4805/16/1 4806/26/1 4807/4/1
f 4805/16/1 4808/19/1 4806/26/1
f 4809/8/1 4810/20/1 4811/21/1
f 4809/8/1 4812/6/1 4810/20/1
f 4813/6/1 4814/5/1 4815/8/1
f 4813/6/1 4816/7/1 4814/5/1
f 4817/2/10 4818/16/10 4819/4/10
f 4817/2/10 4820/15/10 4818/16/10
f 4821/2/18 4822/1/18 4823/4/18
f 4821/2/18 4824/3/18 4822/1/18
f 4825/2/12 4826/1/12 4827/4/12
f 4825/2/12 4828/3/12 4826/1/12
f 4829/2/18 4830/1/18 4831/4/18
f 4829/2/18 4832/3/18 4830/1/18
f 4833/31/1 4834/10/1 4835/32/1
f 4833/31/1 4836/12/1 4834/10/1
f 4837/2/12 4838/1/12 4839/4/12
f 4837/2/12 4840/3/12 4838/1/12
f 4841/33/1 4842/30/1 4843/34/1
f 4841/33/1 4844/28/1 4842/30/1
f 4845/3/34 4846/22/34 4847/2/34
f 4845/3/1 4848/23/1 4846/22/1
f 4849/2/12 4850/1/12 4851/4/12
f 4849/2/12 4852/3/12 4850/1/12
f 4853/2/14 4854/1/14 4855/4/14
f 4853/2/14 4856/3/14 4854/1/14
f 4857/2/1 4858/1/1 4859/4/1
f 4857/2/1 4860/3/1 4858/1/1
f 4861/2/18 4862/1/18 4863/4/18
f 4861/2/18 4864/3/18 4862/1/18
f 4865/2/14 4866/1/14 4867/4/14
f 4865/2/14 4868/3/14 4866/1/14
f 4869/2/14 4870/1/14 4871/4/14
f 4869/2/14 4872/3/14 4870/1/14
f 4873/2/14 4874/1/14 4875/4/14
f 4873/2/14 4876/3/14 4874/1/14
f 4877/2/14 4878/1/14 4879/4/14
f 4877/2/14 4880/3/14 4878/1/14
f 4881/5/1 4882/6/1 4883/8/1
f 4881/5/1 4884/7/1 4882/6/1
f 4885/6/1 4886/21/1 4887/8/1
f 4885/6/1 4888/20/1 4886/21/1
f 4889/19/1 4890/11/1 4891/14/1
f 4889/19/1 4892/18/1 4890/11/1
f 4893/20/1 4894/25/1 4895/21/1
f 4893/20/1 4896/24/1 4894/25/1
f 4897/21/1 4898/6/1 4899/20/1
f 4897/21/1 4900/8/1 4898/6/1
f 4901/20/1 4902/8/1 4903/21/1
f 4901/20/1 4904/6/1 4902/8/1
f 4905/8/1 4906/7/1 4907/6/1
f 4905/8/1 4908/5/1 4906/7/1
f 4909/2/14 4910/1/14 4911/3/14
f 4909/2/14 4912/4/14 4910/1/14
f 4913/23/18 4914/2/18 4915/3/18
f 4913/23/18 4916/22/18 4914/2/18
f 4917/3/1 4918/4/1 4919/1/1
f 4917/3/1 4920/2/1 4918/4/1
f 4921/2/18 4922/1/18 4923/3/18
f 4921/2/18 4924/4/18 4922/1/18
f 4925/3/15 4926/4/15 4927/1/15
f 4925/3/15 4928/2/15 4926/4/15
f 4929/3/14 4930/4/14 4931/1/14
f 4929/3/14 4932/2/14 4930/4/14
f 4933/3/12 4934/4/12 4935/1/12
f 4933/3/12 4936/2/12 4934/4/12
f 4937/3/12 4938/4/12 4939/1/12
f 4937/3/12 4940/2/12 4938/4/12
f 4941/3/12 4942/4/12 4943/1/12
f 4941/3/12 4944/2/12 4942/4/12
f 4945/2/15 4946/1/15 4947/4/15
f 4945/2/15 4948/3/15 4946/1/15
f 4949/4/12 4950/3/12 4951/2/12
f 4949/4/12 4952/1/12 4950/3/12
f 4953/1/14 4954/2/14 4955/4/14
f 4953/1/14 4956/3/14 4954/2/14
f 4957/3/14 4958/4/14 4959/1/14
f 4957/3/14 4960/2/14 4958/4/14
f 4961/3/15 4962/4/15 4963/1/15
f 4961/3/15 4964/2/15 4962/4/15
f 4965/3/18 4966/4/18 4967/1/18
f 4965/3/18 4968/2/18 4966/4/18
f 4969/3/14 4970/4/14 4971/1/14
f 4969/3/14 4972/2/14 4970/4/14
f 4973/3/12 4974/4/12 4975/1/12
f 4973/3/12 4976/2/12 4974/4/12
f 4977/3/10 4978/4/10 4979/1/10
f 4977/3/29 4980/2/29 4978/4/29
f 4981/3/10 4982/4/10 4983/1/10
f 4981/3/35 4984/2/35 4982/4/35
f 4985/3/10 4986/4/10 4987/1/10
f 4985/3/30 4988/2/30 4986/4/30
f 4989/8/1 4990/7/1 4991/6/1
f 4989/8/1 4992/5/1 4990/7/1
f 4993/16/15 4994/2/15 4995/15/15
f 4993/16/15 4996/4/15 4994/2/15
f 4997/16/18 4998/2/18 4999/15/18
f 4997/16/18 5000/4/18 4998/2/18
f 5001/16/14 5002/2/14 5003/15/14
f 5001/16/14 5004/4/14 5002/2/14
f 5005/16/12 5006/2/12 5007/15/12
f 5005/16/12 5008/4/12 5006/2/12
f 5009/16/15 5010/2/15 5011/15/15
f 5009/16/15 5012/4/15 5010/2/15
f 5013/16/18 5014/2/18 5015/15/18
f 5013/16/18 5016/4/18 5014/2/18
f 5017/16/14 5018/2/14 5019/15/14
f 5017/16/14 5020/4/14 5018/2/14
f 5021/16/12 5022/2/12 5023/15/12
f 5021/16/12 5024/4/12 5022/2/12
f 5025/23/14 5026/2/14 5027/3/14
f 5025/23/14 5028/22/14 5026/2/14
f 5029/2/10 5030/1/10 5031/4/10
f 5029/2/10 5032/3/10 5030/1/10
f 5033/2/12 5034/1/12 5035/4/12
f 5033/2/12 5036/3/12 5034/1/12
f 5037/3/1 5038/4/1 5039/1/1
f 5037/3/1 5040/2/1 5038/4/1
f 5041/23/10 5042/2/10 5043/3/10
f 5041/23/36 5044/22/36 5042/2/36
f 5045/2/10 5046/1/10 5047/4/10
f 5045/2/37 5048/3/37 5046/1/37
f 5049/2/38 5050/1/38 5051/4/38
f 5049/2/36 5052/3/36 5050/1/36
f 5053/2/12 5054/1/12 5055/4/12
f 5053/2/12 5056/3/12 5054/1/12
f 5057/2/10 5058/1/10 5059/4/10
f 5057/2/10 5060/3/10 5058/1/10
f 5061/23/38 5062/2/38 5063/3/38
f 5061/23/10 5064/22/10 5062/2/10
f 5065/2/15 5066/1/15 5067/4/15
f 5065/2/15 5068/3/15 5066/1/15
f 5069/2/14 5070/1/14 5071/4/14
f 5069/2/14 5072/3/14 5070/1/14
f 5073/23/14 5074/2/14 5075/3/14
f 5073/23/14 5076/22/14 5074/2/14
f 5077/23/18 5078/2/18 5079/3/18
f 5077/23/18 5080/22/18 5078/2/18
f 5081/35/1 5082/28/1 5083/33/1
f 5081/35/1 5084/17/1 5082/28/1
f 5085/2/15 5086/16/15 5087/4/15
f 5085/2/15 5088/15/15 5086/16/15
f 5089/2/18 5090/16/18 5091/4/18
f 5089/2/18 5092/15/18 5090/16/18
f 5093/2/12 5094/1/12 5095/4/12
f 5093/2/12 5096/3/12 5094/1/12
f 5097/2/15 5098/1/15 5099/4/15
f 5097/2/15 5100/3/15 5098/1/15
f 5101/2/15 5102/16/15 5103/4/15
f 5101/2/15 5104/15/15 5102/16/15
f 5105/2/18 5106/16/18 5107/4/18
f 5105/2/18 5108/15/18 5106/16/18
f 5109/2/10 5110/1/10 5111/4/10
f 5109/2/37 5112/3/37 5110/1/37
f 5113/2/15 5114/16/15 5115/4/15
f 5113/2/15 5116/15/15 5114/16/15
f 5117/2/18 5118/16/18 5119/4/18
f 5117/2/18 5120/15/18 5118/16/18
f 5121/2/14 5122/16/14 5123/4/14
f 5121/2/14 5124/15/14 5122/16/14
f 5125/2/12 5126/16/12 5127/4/12
f 5125/2/12 5128/15/12 5126/16/12
f 5129/2/10 5130/16/10 5131/4/10
f 5129/2/39 5132/15/39 5130/16/39
f 5133/2/10 5134/16/10 5135/4/10
f 5133/2/40 5136/15/40 5134/16/40
f 5137/2/10 5138/16/10 5139/4/10
f 5137/2/38 5140/15/38 5138/16/38
f 5141/3/14 5142/4/14 5143/1/14
f 5141/3/14 5144/2/14 5142/4/14
f 5145/1/19 5146/2/19 5147/3/19
f 5145/1/19 5148/4/19 5146/2/19
f 5149/1/10 5150/2/10 5151/3/10
f 5149/1/10 5152/4/10 5150/2/10
f 5153/1/12 5154/2/12 5155/3/12
f 5153/1/12 5156/4/12 5154/2/12
f 5157/1/14 5158/2/14 5159/3/14
f 5157/1/14 5160/4/14 5158/2/14
f 5161/1/15 5162/2/15 5163/3/15
f 5161/1/15 5164/4/15 5162/2/15
f 5165/1/15 5166/2/15 5167/3/15
f 5165/1/15 5168/4/15 5166/2/15
f 5169/1/18 5170/2/18 5171/3/18
f 5169/1/18 5172/4/18 5170/2/18
f 5173/1/14 5174/2/14 5175/3/14
f 5173/1/14 5176/4/14 5174/2/14
f 5177/1/12 5178/2/12 5179/3/12
f 5177/1/12 5180/4/12 5178/2/12
f 5181/1/10 5182/2/10 5183/3/10
f 5181/1/29 5184/4/29 5182/2/29
f 5185/1/19 5186/2/19 5187/3/19
f 5185/1/19 5188/4/19 5186/2/19
f 5189/1/10 5190/2/10 5191/3/10
f 5189/1/30 5192/4/30 5190/2/30
f 5193/1/10 5194/2/10 5195/3/10
f 5193/1/8 5196/4/8 5194/2/8
f 5197/1/10 5198/2/10 5199/3/10
f 5197/1/29 5200/4/29 5198/2/29
f 5201/3/12 5202/4/12 5203/1/12
f 5201/3/12 5204/2/12 5202/4/12
f 5205/1/10 5206/2/10 5207/3/10
f 5205/1/30 5208/4/30 5206/2/30
f 5209/1/10 5210/2/10 5211/3/10
f 5209/1/10 5212/4/10 5210/2/10
f 5213/2/12 5214/1/12 5215/4/12
f 5213/2/12 5216/3/12 5214/1/12
f 5217/1/18 5218/2/18 5219/3/18
f 5217/1/18 5220/4/18 5218/2/18
f 5221/2/18 5222/1/18 5223/4/18
f 5221/2/18 5224/3/18 5222/1/18
f 5225/1/12 5226/2/12 5227/3/12
f 5225/1/12 5228/4/12 5226/2/12
f 5229/2/18 5230/1/18 5231/4/18
f 5229/2/18 5232/3/18 5230/1/18
f 5233/1/18 5234/2/18 5235/3/18
f 5233/1/18 5236/4/18 5234/2/18
f 5237/2/1 5238/1/1 5239/4/1
f 5237/2/1 5240/3/1 5238/1/1
f 5241/3/1 5242/22/1 5243/2/1
f 5241/3/41 5244/23/41 5242/22/41
f 5245/2/42 5246/1/42 5247/4/42
f 5245/2/10 5248/3/10 5246/1/10
f 5249/3/19 5250/22/19 5251/2/19
f 5249/3/19 5252/23/19 5250/22/19
f 5253/2/1 5254/1/1 5255/4/1
f 5253/2/1 5256/3/1 5254/1/1
f 5257/3/12 5258/22/12 5259/2/12
f 5257/3/12 5260/23/12 5258/22/12
f 5261/3/15 5262/22/15 5263/2/15
f 5261/3/15 5264/23/15 5262/22/15
f 5265/3/18 5266/22/18 5267/2/18
f 5265/3/18 5268/23/18 5266/22/18
f 5269/2/18 5270/1/18 5271/4/18
f 5269/2/18 5272/3/18 5270/1/18
f 5273/2/10 5274/1/10 5275/4/10
f 5273/2/37 5276/3/37 5274/1/37
f 5277/2/10 5278/1/10 5279/4/10
f 5277/2/10 5280/3/10 5278/1/10
f 5281/23/19 5282/2/19 5283/3/19
f 5281/23/19 5284/22/19 5282/2/19
f 5285/2/1 5286/1/1 5287/4/1
f 5285/2/1 5288/3/1 5286/1/1
f 5289/3/38 5290/22/38 5291/2/38
f 5289/3/10 5292/23/10 5290/22/10
f 5293/23/38 5294/2/38 5295/3/38
f 5293/23/10 5296/22/10 5294/2/10
f 5297/3/19 5298/22/19 5299/2/19
f 5297/3/19 5300/23/19 5298/22/19
f 5301/3/14 5302/22/14 5303/2/14
f 5301/3/14 5304/23/14 5302/22/14
f 5305/3/38 5306/22/38 5307/2/38
f 5305/3/10 5308/23/10 5306/22/10
f 5309/2/10 5310/1/10 5311/4/10
f 5309/2/10 5312/3/10 5310/1/10
f 5313/23/19 5314/2/19 5315/3/19
f 5313/23/19 5316/22/19 5314/2/19
f 5317/3/14 5318/4/14 5319/1/14
f 5317/3/14 5320/2/14 5318/4/14
f 5321/2/15 5322/1/15 5323/3/15
f 5321/2/15 5324/4/15 5322/1/15
f 5325/3/15 5326/4/15 5327/1/15
f 5325/3/15 5328/2/15 5326/4/15
f 5329/3/18 5330/4/18 5331/1/18
f 5329/3/18 5332/2/18 5330/4/18
f 5333/3/14 5334/4/14 5335/1/14
f 5333/3/14 5336/2/14 5334/4/14
f 5337/3/15 5338/4/15 5339/1/15
f 5337/3/15 5340/2/15 5338/4/15
f 5341/3/15 5342/4/15 5343/1/15
f 5341/3/15 5344/2/15 5342/4/15
f 5345/3/18 5346/4/18 5347/1/18
f 5345/3/18 5348/2/18 5346/4/18
f 5349/3/14 5350/4/14 5351/1/14
f 5349/3/14 5352/2/14 5350/4/14
f 5353/2/14 5354/1/14 5355/3/14
f 5353/2/14 5356/4/14 5354/1/14
f 5357/3/19 5358/4/19 5359/1/19
f 5357/3/19 5360/2/19 5358/4/19
f 5361/3/14 5362/4/14 5363/1/14
f 5361/3/14 5364/2/14 5362/4/14
f 5365/3/14 5366/4/14 5367/1/14
f 5365/3/14 5368/2/14 5366/4/14
f 5369/3/14 5370/4/14 5371/1/14
f 5369/3/14 5372/2/14 5370/4/14
f 5373/3/10 5374/4/10 5375/1/10
f 5373/3/10 5376/2/10 5374/4/10
f 5377/3/15 5378/4/15 5379/1/15
f 5377/3/15 5380/2/15 5378/4/15
f 5381/3/14 5382/4/14 5383/1/14
f 5381/3/14 5384/2/14 5382/4/14
f 5385/3/15 5386/4/15 5387/1/15
f 5385/3/15 5388/2/15 5386/4/15
f 5389/3/14 5390/4/14 5391/1/14
f 5389/3/14 5392/2/14 5390/4/14
f 5393/3/15 5394/4/15 5395/1/15
f 5393/3/15 5396/2/15 5394/4/15
f 5397/3/14 5398/4/14 5399/1/14
f 5397/3/14 5400/2/14 5398/4/14
f 5401/3/12 5402/4/12 5403/1/12
f 5401/3/12 5404/2/12 5402/4/12
f 5405/3/14 5406/4/14 5407/1/14
f 5405/3/14 5408/2/14 5406/4/14
f 5409/3/15 5410/4/15 5411/1/15
f 5409/3/15 5412/2/15 5410/4/15
f 5413/3/14 5414/4/14 5415/1/14
f 5413/3/14 5416/2/14 5414/4/14
f 5417/2/12 5418/1/12 5419/3/12
f 5417/2/12 5420/4/12 5418/1/12
f 5421/3/12 5422/4/12 5423/1/12
f 5421/3/12 5424/2/12 5422/4/12
f 5425/3/15 5426/4/15 5427/1/15
f 5425/3/15 5428/2/15 5426/4/15
f 5429/3/14 5430/4/14 5431/1/14
f 5429/3/14 5432/2/14 5430/4/14
f 5433/3/18 5434/4/18 5435/1/18
f 5433/3/18 5436/2/18 5434/4/18
f 5437/4/12 5438/3/12 5439/2/12
f 5437/4/12 5440/1/12 5438/3/12
f 5441/3/15 5442/4/15 5443/1/15
f 5441/3/15 5444/2/15 5442/4/15
f 5445/3/15 5446/4/15 5447/1/15
f 5445/3/15 5448/2/15 5446/4/15
f 5449/3/12 5450/4/12 5451/1/12
f 5449/3/12 5452/2/12 5450/4/12
f 5453/3/12 5454/4/12 5455/1/12
f 5453/3/12 5456/2/12 5454/4/12
f 5457/3/15 5458/4/15 5459/1/15
f 5457/3/15 5460/2/15 5458/4/15
f 5461/3/15 5462/4/15 5463/1/15
f 5461/3/15 5464/2/15 5462/4/15
f 5465/3/15 5466/4/15 5467/1/15
f 5465/3/15 5468/2/15 5466/4/15
f 5469/3/10 5470/4/10 5471/1/10
f 5469/3/43 5472/2/43 5470/4/43
f 5473/3/15 5474/4/15 5475/1/15
f 5473/3/15 5476/2/15 5474/4/15
f 5477/2/18 5478/1/18 5479/3/18
f 5477/2/18 5480/4/18 5478/1/18
f 5481/3/12 5482/4/12 5483/1/12
f 5481/3/12 5484/2/12 5482/4/12
f 5485/4/18 5486/3/18 5487/2/18
f 5485/4/18 5488/1/18 5486/3/18
f 5489/3/12 5490/4/12 5491/1/12
f 5489/3/12 5492/2/12 5490/4/12
f 5493/2/14 5494/1/14 5495/3/14
f 5493/2/14 5496/4/14 5494/1/14
f 5497/4/14 5498/3/14 5499/2/14
f 5497/4/14 5500/1/14 5498/3/14
f 5501/1/15 5502/2/15 5503/4/15
f 5501/1/15 5504/3/15 5502/2/15
f 5505/2/14 5506/1/14 5507/3/14
f 5505/2/14 5508/4/14 5506/1/14
f 5509/3/15 5510/4/15 5511/1/15
f 5509/3/15 5512/2/15 5510/4/15
f 5513/3/14 5514/4/14 5515/1/14
f 5513/3/14 5516/2/14 5514/4/14
f 5517/3/15 5518/4/15 5519/1/15
f 5517/3/15 5520/2/15 5518/4/15
f 5521/3/18 5522/4/18 5523/1/18
f 5521/3/18 5524/2/18 5522/4/18
f 5525/3/14 5526/4/14 5527/1/14
f 5525/3/14 5528/2/14 5526/4/14
f 5529/3/15 5530/4/15 5531/1/15
f 5529/3/15 5532/2/15 5530/4/15
f 5533/3/44 5534/4/44 5535/1/44
f 5533/3/1 5536/2/1 5534/4/1
f 5537/3/14 5538/4/14 5539/1/14
f 5537/3/14 5540/2/14 5538/4/14
f 5541/3/10 5542/4/10 5543/1/10
f 5541/3/43 5544/2/43 5542/4/43
f 5545/3/15 5546/4/15 5547/1/15
f 5545/3/15 5548/2/15 5546/4/15
f 5549/3/18 5550/4/18 5551/1/18
f 5549/3/18 5552/2/18 5550/4/18
f 5553/3/15 5554/4/15 5555/1/15
f 5553/3/15 5556/2/15 5554/4/15
f 5557/3/14 5558/4/14 5559/1/14
f 5557/3/14 5560/2/14 5558/4/14
f 5561/3/14 5562/4/14 5563/1/14
f 5561/3/14 5564/2/14 5562/4/14
f 5565/3/45 5566/4/45 5567/1/45
f 5565/3/43 5568/2/43 5566/4/43
f 5569/3/15 5570/4/15 5571/1/15
f 5569/3/15 5572/2/15 5570/4/15
f 5573/3/12 5574/4/12 5575/1/12
f 5573/3/12 5576/2/12 5574/4/12
f 5577/3/18 5578/4/18 5579/1/18
f 5577/3/18 5580/2/18 5578/4/18
f 5581/3/12 5582/4/12 5583/1/12
f 5581/3/12 5584/2/12 5582/4/12
f 5585/2/15 5586/1/15 5587/3/15
f 5585/2/15 5588/4/15 5586/1/15
f 5589/3/12 5590/4/12 5591/1/12
f 5589/3/12 5592/2/12 5590/4/12
f 5593/3/19 5594/4/19 5595/1/19
f 5593/3/19 5596/2/19 5594/4/19
f 5597/3/14 5598/4/14 5599/1/14
f 5597/3/14 5600/2/14 5598/4/14
f 5601/2/15 5602/1/15 5603/3/15
f 5601/2/15 5604/4/15 5602/1/15
f 5605/3/46 5606/4/46 5607/1/46
f 5605/3/10 5608/2/10 5606/4/10
f 5609/3/18 5610/4/18 5611/1/18
f 5609/3/18 5612/2/18 5610/4/18
f 5613/3/14 5614/4/14 5615/1/14
f 5613/3/14 5616/2/14 5614/4/14
f 5617/3/14 5618/4/14 5619/1/14
f 5617/3/14 5620/2/14 5618/4/14
f 5621/3/18 5622/4/18 5623/1/18
f 5621/3/18 5624/2/18 5622/4/18
f 5625/3/15 5626/4/15 5627/1/15
f 5625/3/15 5628/2/15 5626/4/15
f 5629/3/18 5630/4/18 5631/1/18
f 5629/3/18 5632/2/18 5630/4/18
f 5633/3/10 5634/4/10 5635/1/10
f 5633/3/43 5636/2/43 5634/4/43
f 5637/3/15 5638/4/15 5639/1/15
f 5637/3/15 5640/2/15 5638/4/15
f 5641/3/19 5642/4/19 5643/1/19
f 5641/3/19 5644/2/19 5642/4/19
f 5645/3/15 5646/4/15 5647/1/15
f 5645/3/15 5648/2/15 5646/4/15
f 5649/3/10 5650/4/10 5651/1/10
f 5649/3/10 5652/2/10 5650/4/10
f 5653/3/15 5654/4/15 5655/1/15
f 5653/3/15 5656/2/15 5654/4/15
f 5657/3/18 5658/4/18 5659/1/18
f 5657/3/18 5660/2/18 5658/4/18
f 5661/3/45 5662/4/45 5663/1/45
f 5661/3/10 5664/2/10 5662/4/10
f 5665/3/12 5666/4/12 5667/1/12
f 5665/3/12 5668/2/12 5666/4/12
f 5669/3/10 5670/4/10 5671/1/10
f 5669/3/10 5672/2/10 5670/4/10
f 5673/3/1 5674/4/1 5675/1/1
f 5673/3/47 5676/2/47 5674/4/47
f 5677/3/10 5678/4/10 5679/1/10
f 5677/3/10 5680/2/10 5678/4/10
f 5681/3/1 5682/4/1 5683/1/1
f 5681/3/1 5684/2/1 5682/4/1
f 5685/3/14 5686/4/14 5687/1/14
f 5685/3/14 5688/2/14 5686/4/14
f 5689/3/14 5690/4/14 5691/1/14
f 5689/3/14 5692/2/14 5690/4/14
f 5693/3/19 5694/4/19 5695/1/19
f 5693/3/19 5696/2/19 5694/4/19
f 5697/3/46 5698/4/46 5699/1/46
f 5697/3/10 5700/2/10 5698/4/10
f 5701/3/14 5702/4/14 5703/1/14
f 5701/3/14 5704/2/14 5702/4/14
f 5705/3/1 5706/4/1 5707/1/1
f 5705/3/47 5708/2/47 5706/4/47
f 5709/3/19 5710/4/19 5711/1/19
f 5709/3/19 5712/2/19 5710/4/19
f 5713/3/46 5714/4/46 5715/1/46
f 5713/3/48 5716/2/48 5714/4/48
f 5717/3/10 5718/4/10 5719/1/10
f 5717/3/48 5720/2/48 5718/4/48
f 5721/3/18 5722/4/18 5723/1/18
f 5721/3/18 5724/2/18 5722/4/18
f 5725/3/18 5726/4/18 5727/1/18
f 5725/3/18 5728/2/18 5726/4/18
f 5729/3/10 5730/4/10 5731/1/10
f 5729/3/10 5732/2/10 5730/4/10
f 5733/3/10 5734/4/10 5735/1/10
f 5733/3/48 5736/2/48 5734/4/48
f 5737/3/19 5738/4/19 5739/1/19
f 5737/3/19 5740/2/19 5738/4/19
f 5741/3/15 5742/4/15 5743/1/15
f 5741/3/15 5744/2/15 5742/4/15
f 5745/15/1 5746/4/1 5747/16/1
f 5745/15/1 5748/2/1 5746/4/1
f 5749/3/1 5750/4/1 5751/1/1
f 5749/3/1 5752/2/1 5750/4/1
f 5753/3/15 5754/4/15 5755/1/15
f 5753/3/15 5756/2/15 5754/4/15
f 5757/3/18 5758/4/18 5759/1/18
f 5757/3/18 5760/2/18 5758/4/18
f 5761/3/14 5762/4/14 5763/1/14
f 5761/3/14 5764/2/14 5762/4/14
f 5765/3/12 5766/4/12 5767/1/12
f 5765/3/12 5768/2/12 5766/4/12
f 5769/3/10 5770/4/10 5771/1/10
f 5769/3/29 5772/2/29 5770/4/29
f 5773/3/10 5774/4/10 5775/1/10
f 5773/3/35 5776/2/35 5774/4/35
f 5777/3/10 5778/4/10 5779/1/10
f 5777/3/30 5780/2/30 5778/4/30
f 5781/3/10 5782/4/10 5783/1/10
f 5781/3/32 5784/2/32 5782/4/32
f 5785/3/15 5786/4/15 5787/1/15
f 5785/3/15 5788/2/15 5786/4/15
f 5789/3/18 5790/4/18 5791/1/18
f 5789/3/18 5792/2/18 5790/4/18
f 5793/3/14 5794/4/14 5795/1/14
f 5793/3/14 5796/2/14 5794/4/14
f 5797/3/12 5798/4/12 5799/1/12
f 5797/3/12 5800/2/12 5798/4/12
f 5801/3/15 5802/4/15 5803/1/15
f 5801/3/15 5804/2/15 5802/4/15
f 5805/3/18 5806/4/18 5807/1/18
f 5805/3/18 5808/2/18 5806/4/18
f 5809/3/14 5810/4/14 5811/1/14
f 5809/3/14 5812/2/14 5810/4/14
f 5813/3/12 5814/4/12 5815/1/12
f 5813/3/12 5816/2/12 5814/4/12
f 5817/3/15 5818/4/15 5819/1/15
f 5817/3/15 5820/2/15 5818/4/15
f 5821/3/18 5822/4/18 5823/1/18
f 5821/3/18 5824/2/18 5822/4/18
f 5825/3/14 5826/4/14 5827/1/14
f 5825/3/14 5828/2/14 5826/4/14
f 5829/3/12 5830/4/12 5831/1/12
f 5829/3/12 5832/2/12 5830/4/12
f 5833/3/10 5834/4/10 5835/1/10
f 5833/3/29 5836/2/29 5834/4/29
f 5837/3/10 5838/4/10 5839/1/10
f 5837/3/35 5840/2/35 5838/4/35
f 5841/3/10 5842/4/10 5843/1/10
f 5841/3/30 5844/2/30 5842/4/30
f 5845/3/10 5846/4/10 5847/1/10
f 5845/3/32 5848/2/32 5846/4/32
f 5849/2/18 5850/1/18 5851/4/18
f 5849/2/18 5852/3/18 5850/1/18
f 5853/2/18 5854/1/18 5855/4/18
f 5853/2/18 5856/3/18 5854/1/18
f 5857/2/14 5858/1/14 5859/4/14
f 5857/2/14 5860/3/14 5858/1/14
f 5861/2/12 5862/1/12 5863/4/12
f 5861/2/12 5864/3/12 5862/1/12
f 5865/2/12 5866/1/12 5867/4/12
f 5865/2/12 5868/3/12 5866/1/12
f 5869/2/18 5870/1/18 5871/4/18
f 5869/2/18 5872/3/18 5870/1/18
f 5873/2/15 5874/1/15 5875/4/15
f 5873/2/15 5876/3/15 5874/1/15
f 5877/2/14 5878/1/14 5879/4/14
f 5877/2/14 5880/3/14 5878/1/14
f 5881/2/15 5882/1/15 5883/4/15
f 5881/2/15 5884/3/15 5882/1/15
f 5885/2/14 5886/1/14 5887/4/14
f 5885/2/14 5888/3/14 5886/1/14
f 5889/2/15 5890/1/15 5891/4/15
f 5889/2/15 5892/3/15 5890/1/15
f 5893/2/14 5894/1/14 5895/4/14
f 5893/2/14 5896/3/14 5894/1/14
f 5897/2/15 5898/1/15 5899/4/15
f 5897/2/15 5900/3/15 5898/1/15
f 5901/2/14 5902/1/14 5903/4/14
f 5901/2/14 5904/3/14 5902/1/14
f 5905/2/14 5906/1/14 5907/4/14
f 5905/2/14 5908/3/14 5906/1/14
f 5909/2/12 5910/1/12 5911/4/12
f 5909/2/12 5912/3/12 5910/1/12
f 5913/2/15 5914/1/15 5915/4/15
f 5913/2/15 5916/3/15 5914/1/15
f 5917/2/42 5918/1/42 5919/4/42
f 5917/2/37 5920/3/37 5918/1/37
f 5921/2/12 5922/1/12 5923/4/12
f 5921/2/12 5924/3/12 5922/1/12
f 5925/2/12 5926/1/12 5927/4/12
f 5925/2/12 5928/3/12 5926/1/12
f 5929/2/15 5930/1/15 5931/4/15
f 5929/2/15 5932/3/15 5930/1/15
f 5933/2/10 5934/1/10 5935/4/10
f 5933/2/37 5936/3/37 5934/1/37
f 5937/2/15 5938/1/15 5939/4/15
f 5937/2/15 5940/3/15 5938/1/15
f 5941/2/19 5942/1/19 5943/4/19
f 5941/2/19 5944/3/19 5942/1/19
f 5945/2/15 5946/1/15 5947/4/15
f 5945/2/15 5948/3/15 5946/1/15
f 5949/2/19 5950/1/19 5951/4/19
f 5949/2/19 5952/3/19 5950/1/19
f 5953/2/15 5954/1/15 5955/4/15
f 5953/2/15 5956/3/15 5954/1/15
f 5957/2/19 5958/1/19 5959/4/19
f 5957/2/19 5960/3/19 5958/1/19
f 5961/2/15 5962/1/15 5963/4/15
f 5961/2/15 5964/3/15 5962/1/15
f 5965/2/19 5966/1/19 5967/4/19
f 5965/2/19 5968/3/19 5966/1/19
f 5969/2/15 5970/1/15 5971/4/15
f 5969/2/15 5972/3/15 5970/1/15
f 5973/2/1 5974/1/1 5975/4/1
f 5973/2/1 5976/3/1 5974/1/1
f 5977/2/12 5978/1/12 5979/4/12
f 5977/2/12 5980/3/12 5978/1/12
f 5981/2/14 5982/1/14 5983/4/14
f 5981/2/14 5984/3/14 5982/1/14
f 5985/2/14 5986/1/14 5987/4/14
f 5985/2/14 5988/3/14 5986/1/14
f 5989/2/12 5990/1/12 5991/4/12
f 5989/2/12 5992/3/12 5990/1/12
f 5993/2/15 5994/1/15 5995/4/15
f 5993/2/15 5996/3/15 5994/1/15
f 5997/2/18 5998/1/18 5999/4/18
f 5997/2/18 6000/3/18 5998/1/18
f 6001/2/12 6002/1/12 6003/4/12
f 6001/2/12 6004/3/12 6002/1/12
f 6005/2/14 6006/1/14 6007/4/14
f 6005/2/14 6008/3/14 6006/1/14
f 6009/2/14 6010/1/14 6011/4/14
f 6009/2/14 6012/3/14 6010/1/14
f 6013/2/12 6014/1/12 6015/4/12
f 6013/2/12 6016/3/12 6014/1/12
f 6017/2/15 6018/1/15 6019/4/15
f 6017/2/15 6020/3/15 6018/1/15
f 6021/2/18 6022/1/18 6023/4/18
f 6021/2/18 6024/3/18 6022/1/18
f 6025/2/18 6026/1/18 6027/4/18
f 6025/2/18 6028/3/18 6026/1/18
f 6029/2/1 6030/1/1 6031/4/1
f 6029/2/1 6032/3/1 6030/1/1
f 6033/2/18 6034/1/18 6035/4/18
f 6033/2/49 6036/3/49 6034/1/49
usemtl pixellab-tileset-grass-light-brown-like-dirt-0b1e6713
f 6037/21/1 6038/6/1 6039/8/1
f 6037/21/1 6040/20/1 6038/6/1
usemtl pixellab-tileset-dark-dirt-sometimes-have-larva-and-poop-64a4ce32
f 6041/3/15 6042/4/15 6043/1/15
f 6041/3/15 6044/2/15 6042/4/15
f 6045/3/18 6046/4/18 6047/1/18
f 6045/3/18 6048/2/18 6046/4/18
f 6049/3/14 6050/4/14 6051/1/14
f 6049/3/14 6052/2/14 6050/4/14
f 6053/3/12 6054/4/12 6055/1/12
f 6053/3/12 6056/2/12 6054/4/12
usemtl pixellab-tileset-grass-light-brown-like-dirt-0b1e6713
f 6057/1/1 6058/2/1 6059/4/1
f 6057/1/1 6060/3/1 6058/2/1
f 6061/32/10 6062/36/10 6063/37/10
f 6061/32/50 6064/31/50 6062/36/50
f 6065/3/10 6066/4/10 6067/1/10
f 6065/3/10 6068/2/10 6066/4/10
f 6069/32/10 6070/36/10 6071/37/10
f 6069/32/51 6072/31/51 6070/36/51
f 6073/32/10 6074/36/10 6075/37/10
f 6073/32/52 6076/31/52 6074/36/52
f 6077/32/10 6078/36/10 6079/37/10
f 6077/32/53 6080/31/53 6078/36/53
f 6081/32/10 6082/36/10 6083/37/10
f 6081/32/50 6084/31/50 6082/36/50
f 6085/3/10 6086/4/10 6087/1/10
f 6085/3/10 6088/2/10 6086/4/10
f 6089/32/10 6090/36/10 6091/37/10
f 6089/32/51 6092/31/51 6090/36/51
f 6093/32/10 6094/36/10 6095/37/10
f 6093/32/52 6096/31/52 6094/36/52
f 6097/32/10 6098/36/10 6099/37/10
f 6097/32/53 6100/31/53 6098/36/53
f 6101/32/10 6102/36/10 6103/37/10
f 6101/32/50 6104/31/50 6102/36/50
f 6105/3/10 6106/4/10 6107/1/10
f 6105/3/10 6108/2/10 6106/4/10
f 6109/32/10 6110/36/10 6111/37/10
f 6109/32/51 6112/31/51 6110/36/51
f 6113/32/10 6114/36/10 6115/37/10
f 6113/32/52 6116/31/52 6114/36/52
f 6117/32/10 6118/36/10 6119/37/10
f 6117/32/53 6120/31/53 6118/36/53
f 6121/32/10 6122/36/10 6123/37/10
f 6121/32/50 6124/31/50 6122/36/50
f 6125/3/10 6126/4/10 6127/1/10
f 6125/3/10 6128/2/10 6126/4/10
f 6129/32/10 6130/36/10 6131/37/10
f 6129/32/51 6132/31/51 6130/36/51
f 6133/32/10 6134/36/10 6135/37/10
f 6133/32/52 6136/31/52 6134/36/52
f 6137/32/10 6138/36/10 6139/37/10
f 6137/32/53 6140/31/53 6138/36/53
f 6141/32/10 6142/36/10 6143/37/10
f 6141/32/50 6144/31/50 6142/36/50
f 6145/3/10 6146/4/10 6147/1/10
f 6145/3/10 6148/2/10 6146/4/10
f 6149/32/10 6150/36/10 6151/37/10
f 6149/32/51 6152/31/51 6150/36/51
f 6153/32/10 6154/36/10 6155/37/10
f 6153/32/52 6156/31/52 6154/36/52
f 6157/32/10 6158/36/10 6159/37/10
f 6157/32/53 6160/31/53 6158/36/53
f 6161/32/10 6162/36/10 6163/37/10
f 6161/32/50 6164/31/50 6162/36/50
f 6165/3/10 6166/4/10 6167/1/10
f 6165/3/10 6168/2/10 6166/4/10
f 6169/32/10 6170/36/10 6171/37/10
f 6169/32/51 6172/31/51 6170/36/51
f 6173/32/10 6174/36/10 6175/37/10
f 6173/32/52 6176/31/52 6174/36/52
f 6177/32/10 6178/36/10 6179/37/10
f 6177/32/53 6180/31/53 6178/36/53
f 6181/32/10 6182/36/10 6183/37/10
f 6181/32/50 6184/31/50 6182/36/50
f 6185/3/10 6186/4/10 6187/1/10
f 6185/3/10 6188/2/10 6186/4/10
f 6189/32/10 6190/36/10 6191/37/10
f 6189/32/51 6192/31/51 6190/36/51
f 6193/32/10 6194/36/10 6195/37/10
f 6193/32/52 6196/31/52 6194/36/52
f 6197/32/10 6198/36/10 6199/37/10
f 6197/32/53 6200/31/53 6198/36/53
f 6201/32/10 6202/36/10 6203/37/10
f 6201/32/50 6204/31/50 6202/36/50
f 6205/3/10 6206/4/10 6207/1/10
f 6205/3/10 6208/2/10 6206/4/10
f 6209/32/10 6210/36/10 6211/37/10
f 6209/32/51 6212/31/51 6210/36/51
f 6213/32/10 6214/36/10 6215/37/10
f 6213/32/52 6216/31/52 6214/36/52
f 6217/32/10 6218/36/10 6219/37/10
f 6217/32/53 6220/31/53 6218/36/53
f 6221/32/10 6222/36/10 6223/37/10
f 6221/32/50 6224/31/50 6222/36/50
f 6225/3/10 6226/4/10 6227/1/10
f 6225/3/10 6228/2/10 6226/4/10
f 6229/32/10 6230/36/10 6231/37/10
f 6229/32/51 6232/31/51 6230/36/51
f 6233/32/10 6234/36/10 6235/37/10
f 6233/32/52 6236/31/52 6234/36/52
f 6237/32/10 6238/36/10 6239/37/10
f 6237/32/53 6240/31/53 6238/36/53
f 6241/32/10 6242/36/10 6243/37/10
f 6241/32/50 6244/31/50 6242/36/50
f 6245/3/10 6246/4/10 6247/1/10
f 6245/3/10 6248/2/10 6246/4/10
f 6249/32/10 6250/36/10 6251/37/10
f 6249/32/51 6252/31/51 6250/36/51
f 6253/32/10 6254/36/10 6255/37/10
f 6253/32/52 6256/31/52 6254/36/52
f 6257/32/10 6258/36/10 6259/37/10
f 6257/32/53 6260/31/53 6258/36/53
f 6261/32/10 6262/36/10 6263/37/10
f 6261/32/50 6264/31/50 6262/36/50
f 6265/3/10 6266/4/10 6267/1/10
f 6265/3/10 6268/2/10 6266/4/10
f 6269/32/10 6270/36/10 6271/37/10
f 6269/32/51 6272/31/51 6270/36/51
f 6273/32/10 6274/36/10 6275/37/10
f 6273/32/52 6276/31/52 6274/36/52
f 6277/32/10 6278/36/10 6279/37/10
f 6277/32/53 6280/31/53 6278/36/53
f 6281/32/10 6282/36/10 6283/37/10
f 6281/32/50 6284/31/50 6282/36/50
f 6285/3/10 6286/4/10 6287/1/10
f 6285/3/10 6288/2/10 6286/4/10
f 6289/32/10 6290/36/10 6291/37/10
f 6289/32/51 6292/31/51 6290/36/51
f 6293/32/10 6294/36/10 6295/37/10
f 6293/32/52 6296/31/52 6294/36/52
f 6297/32/10 6298/36/10 6299/37/10
f 6297/32/53 6300/31/53 6298/36/53
f 6301/32/10 6302/36/10 6303/37/10
f 6301/32/50 6304/31/50 6302/36/50
f 6305/3/10 6306/4/10 6307/1/10
f 6305/3/10 6308/2/10 6306/4/10
f 6309/32/10 6310/36/10 6311/37/10
f 6309/32/51 6312/31/51 6310/36/51
f 6313/32/10 6314/36/10 6315/37/10
f 6313/32/52 6316/31/52 6314/36/52
f 6317/32/10 6318/36/10 6319/37/10
f 6317/32/53 6320/31/53 6318/36/53
