mtllib STAGE_1.mtl
o Default
v 3 0.375 -3
v 3 0.375 -4
v 4 0.375 -4
v 4 0.375 -3
v 4 0.375 -3
v 5 0.375 -4
v 4 0.375 -4
v 5 0.375 -3
v 5 0.375 -3
v 6 0.375 -4
v 5 0.375 -4
v 6 0.375 -3
v 6 0.375 -3
v 7 0.375 -4
v 6 0.375 -4
v 7 0.375 -3
v 7 0.375 -3
v 8 0.375 -4
v 7 0.375 -4
v 8 0.375 -3
v 12 0.375 -3
v 13 0.375 -4
v 12 0.375 -4
v 13 0.375 -3
v 13 0.375 -3
v 14 0.375 -4
v 13 0.375 -4
v 14 0.375 -3
v 14 0.375 -3
v 15 0.375 -4
v 14 0.375 -4
v 15 0.375 -3
v 15 0.375 -3
v 16 0.375 -4
v 15 0.375 -4
v 16 0.375 -3
v 13 0.375 -6
v 14 0.375 -7
v 13 0.375 -7
v 14 0.375 -6
v 6 0.375 -6
v 7 0.375 -7
v 6 0.375 -7
v 7 0.375 -6
v 16 0.375 -3
v 17 0.375 -4
v 16 0.375 -4
v 17 0.375 -3
v 17 0.375 -3
v 18 0.375 -4
v 17 0.375 -4
v 18 0.375 -3
v 18 0.375 -3
v 19 0.375 -4
v 18 0.375 -4
v 19 0.375 -3
v 18 0.375 -15
v 19 0.375 -16
v 18 0.375 -16
v 19 0.375 -15
v 18 0.375 -14
v 19 0.375 -15
v 18 0.375 -15
v 19 0.375 -14
v 18 0.375 -13
v 19 0.375 -14
v 18 0.375 -14
v 19 0.375 -13
v 18 0.375 -12
v 19 0.375 -13
v 18 0.375 -13
v 19 0.375 -12
v 18 0.375 -11
v 19 0.375 -12
v 18 0.375 -12
v 19 0.375 -11
v 18 0.375 -10
v 19 0.375 -11
v 18 0.375 -11
v 19 0.375 -10
v 18 0.375 -9
v 19 0.375 -10
v 18 0.375 -10
v 19 0.375 -9
v 18 0.375 -8
v 19 0.375 -9
v 18 0.375 -9
v 19 0.375 -8
v 18 0.375 -7
v 19 0.375 -8
v 18 0.375 -8
v 19 0.375 -7
v 18 0.375 -6
v 19 0.375 -7
v 18 0.375 -7
v 19 0.375 -6
v 18 0.375 -5
v 19 0.375 -6
v 18 0.375 -6
v 19 0.375 -5
v 18 0.375 -4
v 19 0.375 -5
v 18 0.375 -5
v 19 0.375 -4
v 18 0.375 -16
v 19 0.375 -17
v 18 0.375 -17
v 19 0.375 -16
v 18 0.375 -17
v 19 0.375 -18
v 18 0.375 -18
v 19 0.375 -17
v 18 0.375 -18
v 19 0.375 -19
v 18 0.375 -19
v 19 0.375 -18
v 3 0.375 -18
v 4 0.375 -19
v 3 0.375 -19
v 4 0.375 -18
v 4 0.375 -18
v 5 0.375 -19
v 4 0.375 -19
v 5 0.375 -18
v 5 0.375 -18
v 6 0.375 -19
v 5 0.375 -19
v 6 0.375 -18
v 6 0.375 -18
v 7 0.375 -19
v 6 0.375 -19
v 7 0.375 -18
v 7 0.375 -18
v 8 0.375 -19
v 7 0.375 -19
v 8 0.375 -18
v 8 0.375 -18
v 9 0.375 -19
v 8 0.375 -19
v 9 0.375 -18
v 9 0.375 -18
v 10 0.375 -19
v 9 0.375 -19
v 10 0.375 -18
v 10 0.375 -18
v 11 0.375 -19
v 10 0.375 -19
v 11 0.375 -18
v 11 0.375 -18
v 12 0.375 -19
v 11 0.375 -19
v 12 0.375 -18
v 12 0.375 -18
v 13 0.375 -19
v 12 0.375 -19
v 13 0.375 -18
v 13 0.375 -18
v 14 0.375 -19
v 13 0.375 -19
v 14 0.375 -18
v 14 0.375 -18
v 15 0.375 -19
v 14 0.375 -19
v 15 0.375 -18
v 15 0.375 -18
v 16 0.375 -19
v 15 0.375 -19
v 16 0.375 -18
v 16 0.375 -18
v 17 0.375 -19
v 16 0.375 -19
v 17 0.375 -18
v 17 0.375 -18
v 18 0.375 -19
v 17 0.375 -19
v 18 0.375 -18
v 12 0.375 1
v 13 0.375 0
v 12 0.375 0
v 13 0.375 1
v 4 0.375 -17
v 5 0.375 -18
v 4 0.375 -18
v 5 0.375 -17
v 5 0.375 -17
v 6 0.375 -18
v 5 0.375 -18
v 6 0.375 -17
v 6 0.375 -17
v 7 0.375 -18
v 6 0.375 -18
v 7 0.375 -17
v 7 0.375 -17
v 8 0.375 -18
v 7 0.375 -18
v 8 0.375 -17
v 8 0.375 -17
v 9 0.375 -18
v 8 0.375 -18
v 9 0.375 -17
v 9 0.375 -17
v 10 0.375 -18
v 9 0.375 -18
v 10 0.375 -17
v 10 0.375 -17
v 11 0.375 -18
v 10 0.375 -18
v 11 0.375 -17
v 11 0.375 -17
v 12 0.375 -18
v 11 0.375 -18
v 12 0.375 -17
v 12 0.375 -17
v 13 0.375 -18
v 12 0.375 -18
v 13 0.375 -17
v 13 0.375 -17
v 14 0.375 -18
v 13 0.375 -18
v 14 0.375 -17
v 14 0.375 -17
v 15 0.375 -18
v 14 0.375 -18
v 15 0.375 -17
v 15 0.375 -17
v 16 0.375 -18
v 15 0.375 -18
v 16 0.375 -17
v 16 0.375 -17
v 17 0.375 -18
v 16 0.375 -18
v 17 0.375 -17
v 17 0.375 -17
v 18 0.375 -18
v 17 0.375 -18
v 18 0.375 -17
v 3 0.375 -16
v 4 0.375 -17
v 3 0.375 -17
v 4 0.375 -16
v 4 0.375 -16
v 5 0.375 -17
v 4 0.375 -17
v 5 0.375 -16
v 5 0.375 -16
v 6 0.375 -17
v 5 0.375 -17
v 6 0.375 -16
v 6 0.375 -16
v 7 0.375 -17
v 6 0.375 -17
v 7 0.375 -16
v 7 0.375 -16
v 8 0.375 -17
v 7 0.375 -17
v 8 0.375 -16
v 8 0.375 -16
v 9 0.375 -17
v 8 0.375 -17
v 9 0.375 -16
v 9 0.375 -16
v 10 0.375 -17
v 9 0.375 -17
v 10 0.375 -16
v 10 0.375 -16
v 11 0.375 -17
v 10 0.375 -17
v 11 0.375 -16
v 11 0.375 -16
v 12 0.375 -17
v 11 0.375 -17
v 12 0.375 -16
v 12 0.375 -16
v 13 0.375 -17
v 12 0.375 -17
v 13 0.375 -16
v 13 0.375 -16
v 14 0.375 -17
v 13 0.375 -17
v 14 0.375 -16
v 14 0.375 -16
v 15 0.375 -17
v 14 0.375 -17
v 15 0.375 -16
v 15 0.375 -16
v 16 0.375 -17
v 15 0.375 -17
v 16 0.375 -16
v 16 0.375 -16
v 17 0.375 -17
v 16 0.375 -17
v 17 0.375 -16
v 17 0.375 -16
v 18 0.375 -17
v 17 0.375 -17
v 18 0.375 -16
v 3 0.375 -15
v 4 0.375 -16
v 3 0.375 -16
v 4 0.375 -15
v 4 0.375 -15
v 5 0.375 -16
v 4 0.375 -16
v 5 0.375 -15
v 5 0.375 -15
v 6 0.375 -16
v 5 0.375 -16
v 6 0.375 -15
v 6 2.375 -15
v 7 2.375 -16
v 6 2.375 -16
v 7 2.375 -15
v 7 0.375 -15
v 8 0.375 -16
v 7 0.375 -16
v 8 0.375 -15
v 8 0.375 -15
v 9 0.375 -16
v 8 0.375 -16
v 9 0.375 -15
v 9 0.375 -15
v 10 0.375 -16
v 9 0.375 -16
v 10 0.375 -15
v 10 0.375 -15
v 11 0.375 -16
v 10 0.375 -16
v 11 0.375 -15
v 11 0.375 -15
v 12 0.375 -16
v 11 0.375 -16
v 12 0.375 -15
v 12 0.375 -15
v 13 0.375 -16
v 12 0.375 -16
v 13 0.375 -15
v 13 0.375 -15
v 14 0.375 -16
v 13 0.375 -16
v 14 0.375 -15
v 14 0.375 -15
v 15 0.375 -16
v 14 0.375 -16
v 15 0.375 -15
v 15 2.375 -15
v 16 2.375 -16
v 15 2.375 -16
v 16 2.375 -15
v 16 0.375 -15
v 17 0.375 -16
v 16 0.375 -16
v 17 0.375 -15
v 17 0.375 -15
v 18 0.375 -16
v 17 0.375 -16
v 18 0.375 -15
v 3 0.375 -14
v 4 0.375 -15
v 3 0.375 -15
v 4 0.375 -14
v 4 0.375 -14
v 5 0.375 -15
v 4 0.375 -15
v 5 0.375 -14
v 5 0.375 -14
v 6 0.375 -15
v 5 0.375 -15
v 6 0.375 -14
v 6 0.375 -14
v 7 0.375 -15
v 6 0.375 -15
v 7 0.375 -14
v 7 0.375 -14
v 8 0.375 -15
v 7 0.375 -15
v 8 0.375 -14
v 8 0.375 -14
v 9 0.375 -15
v 8 0.375 -15
v 9 0.375 -14
v 9 0.375 -14
v 10 0.375 -15
v 9 0.375 -15
v 10 0.375 -14
v 10 0.375 -14
v 11 0.375 -15
v 10 0.375 -15
v 11 0.375 -14
v 11 0.375 -14
v 12 0.375 -15
v 11 0.375 -15
v 12 0.375 -14
v 12 0.375 -14
v 13 0.375 -15
v 12 0.375 -15
v 13 0.375 -14
v 13 0.375 -14
v 14 0.375 -15
v 13 0.375 -15
v 14 0.375 -14
v 14 0.375 -14
v 15 0.375 -15
v 14 0.375 -15
v 15 0.375 -14
v 15 0.375 -14
v 16 0.375 -15
v 15 0.375 -15
v 16 0.375 -14
v 16 0.375 -14
v 17 0.375 -15
v 16 0.375 -15
v 17 0.375 -14
v 17 0.375 -14
v 18 0.375 -15
v 17 0.375 -15
v 18 0.375 -14
v 3 0.375 -13
v 4 0.375 -14
v 3 0.375 -14
v 4 0.375 -13
v 4 0.375 -13
v 5 0.375 -14
v 4 0.375 -14
v 5 0.375 -13
v 5 0.375 -13
v 6 0.375 -14
v 5 0.375 -14
v 6 0.375 -13
v 6 0.375 -13
v 7 0.375 -14
v 6 0.375 -14
v 7 0.375 -13
v 7 0.375 -13
v 8 0.375 -14
v 7 0.375 -14
v 8 0.375 -13
v 8 0.375 -13
v 9 0.375 -14
v 8 0.375 -14
v 9 0.375 -13
v 9 0.375 -13
v 10 0.375 -14
v 9 0.375 -14
v 10 0.375 -13
v 10 0.375 -13
v 11 0.375 -14
v 10 0.375 -14
v 11 0.375 -13
v 11 0.375 -13
v 12 0.375 -14
v 11 0.375 -14
v 12 0.375 -13
v 12 0.375 -13
v 13 0.375 -14
v 12 0.375 -14
v 13 0.375 -13
v 13 0.375 -13
v 14 0.375 -14
v 13 0.375 -14
v 14 0.375 -13
v 14 0.375 -13
v 15 0.375 -14
v 14 0.375 -14
v 15 0.375 -13
v 15 0.375 -13
v 16 0.375 -14
v 15 0.375 -14
v 16 0.375 -13
v 16 0.375 -13
v 17 0.375 -14
v 16 0.375 -14
v 17 0.375 -13
v 17 0.375 -13
v 18 0.375 -14
v 17 0.375 -14
v 18 0.375 -13
v 3 0.375 -12
v 4 0.375 -13
v 3 0.375 -13
v 4 0.375 -12
v 4 0.375 -12
v 5 0.375 -13
v 4 0.375 -13
v 5 0.375 -12
v 5 0.375 -12
v 6 0.375 -13
v 5 0.375 -13
v 6 0.375 -12
v 6 0.375 -12
v 7 0.375 -13
v 6 0.375 -13
v 7 0.375 -12
v 7 0.375 -12
v 8 0.375 -13
v 7 0.375 -13
v 8 0.375 -12
v 8 0.375 -12
v 9 0.375 -13
v 8 0.375 -13
v 9 0.375 -12
v 9 0.375 -12
v 10 0.375 -13
v 9 0.375 -13
v 10 0.375 -12
v 10 0.375 -12
v 11 0.375 -13
v 10 0.375 -13
v 11 0.375 -12
v 11 0.375 -12
v 12 0.375 -13
v 11 0.375 -13
v 12 0.375 -12
v 12 0.375 -12
v 13 0.375 -13
v 12 0.375 -13
v 13 0.375 -12
v 14 0.375 -12
v 15 0.375 -13
v 14 0.375 -13
v 15 0.375 -12
v 15 0.375 -12
v 16 0.375 -13
v 15 0.375 -13
v 16 0.375 -12
v 16 0.375 -12
v 17 0.375 -13
v 16 0.375 -13
v 17 0.375 -12
v 17 0.375 -12
v 18 0.375 -13
v 17 0.375 -13
v 18 0.375 -12
v 3 0.375 -11
v 4 0.375 -12
v 3 0.375 -12
v 4 0.375 -11
v 4 0.375 -11
v 5 0.375 -12
v 4 0.375 -12
v 5 0.375 -11
v 5 0.375 -11
v 6 0.375 -12
v 5 0.375 -12
v 6 0.375 -11
v 6 0.375 -11
v 7 0.375 -12
v 6 0.375 -12
v 7 0.375 -11
v 14 0.375 -11
v 15 0.375 -12
v 14 0.375 -12
v 15 0.375 -11
v 15 0.375 -11
v 16 0.375 -12
v 15 0.375 -12
v 16 0.375 -11
v 16 0.375 -11
v 17 0.375 -12
v 16 0.375 -12
v 17 0.375 -11
v 17 0.375 -11
v 18 0.375 -12
v 17 0.375 -12
v 18 0.375 -11
v 3 0.375 -10
v 4 0.375 -11
v 3 0.375 -11
v 4 0.375 -10
v 4 0.375 -10
v 5 0.375 -11
v 4 0.375 -11
v 5 0.375 -10
v 5 0.375 -10
v 6 0.375 -11
v 5 0.375 -11
v 6 0.375 -10
v 6 0.375 -10
v 7 0.375 -11
v 6 0.375 -11
v 7 0.375 -10
v 6 0.375 -8
v 7 0.375 -9
v 6 0.375 -9
v 7 0.375 -8
v 9 1.375 -10
v 10 1.375 -11
v 9 1.375 -11
v 10 1.375 -10
v 10 1.375 -10
v 11 1.375 -11
v 10 1.375 -11
v 11 1.375 -10
v 11 1.375 -10
v 12 1.375 -11
v 11 1.375 -11
v 12 1.375 -10
v -8 2.375 13
v -9 3.375 13
v -8 3.375 13
v -9 2.375 13
v 14 0.375 -10
v 15 0.375 -11
v 14 0.375 -11
v 15 0.375 -10
v 15 0.375 -10
v 16 0.375 -11
v 15 0.375 -11
v 16 0.375 -10
v 16 0.375 -10
v 17 0.375 -11
v 16 0.375 -11
v 17 0.375 -10
v 17 0.375 -10
v 18 0.375 -11
v 17 0.375 -11
v 18 0.375 -10
v 3 0.375 -9
v 4 0.375 -10
v 3 0.375 -10
v 4 0.375 -9
v 4 0.375 -9
v 5 0.375 -10
v 4 0.375 -10
v 5 0.375 -9
v 5 0.375 -9
v 6 0.375 -10
v 5 0.375 -10
v 6 0.375 -9
v 6 0.375 -9
v 7 0.375 -10
v 6 0.375 -10
v 7 0.375 -9
v 9 1.375 -9
v 10 1.375 -10
v 9 1.375 -10
v 10 1.375 -9
v 10 1.375 -9
v 11 1.375 -10
v 10 1.375 -10
v 11 1.375 -9
v 11 1.375 -9
v 12 1.375 -10
v 11 1.375 -10
v 12 1.375 -9
v -9 2.375 13
v -10 3.375 13
v -9 3.375 13
v -10 2.375 13
v 13 0.375 -9
v 14 0.375 -10
v 13 0.375 -10
v 14 0.375 -9
v 14 0.375 -9
v 15 0.375 -10
v 14 0.375 -10
v 15 0.375 -9
v 15 0.375 -9
v 16 0.375 -10
v 15 0.375 -10
v 16 0.375 -9
v 16 0.375 -9
v 17 0.375 -10
v 16 0.375 -10
v 17 0.375 -9
v 17 0.375 -9
v 18 0.375 -10
v 17 0.375 -10
v 18 0.375 -9
v 3 0.375 -8
v 4 0.375 -9
v 3 0.375 -9
v 4 0.375 -8
v 4 0.375 -8
v 5 0.375 -9
v 4 0.375 -9
v 5 0.375 -8
v 5 0.375 -8
v 6 0.375 -9
v 5 0.375 -9
v 6 0.375 -8
v 8 1.375 -8
v 9 1.375 -9
v 8 1.375 -9
v 9 1.375 -8
v 9 1.375 -8
v 10 1.375 -9
v 9 1.375 -9
v 10 1.375 -8
v 10 1.375 -8
v 11 1.375 -9
v 10 1.375 -9
v 11 1.375 -8
v 11 1.375 -8
v 12 1.375 -9
v 11 1.375 -9
v 12 1.375 -8
v -10 2.375 13
v -11 3.375 13
v -10 3.375 13
v -11 2.375 13
v 13 0.375 -8
v 14 0.375 -9
v 13 0.375 -9
v 14 0.375 -8
v 14 0.375 -8
v 15 0.375 -9
v 14 0.375 -9
v 15 0.375 -8
v 15 0.375 -8
v 16 0.375 -9
v 15 0.375 -9
v 16 0.375 -8
v 16 0.375 -8
v 17 0.375 -9
v 16 0.375 -9
v 17 0.375 -8
v 17 0.375 -8
v 18 0.375 -9
v 17 0.375 -9
v 18 0.375 -8
v 3 0.375 -7
v 4 0.375 -8
v 3 0.375 -8
v 4 0.375 -7
v 4 0.375 -7
v 5 0.375 -8
v 4 0.375 -8
v 5 0.375 -7
v 5 0.375 -7
v 6 0.375 -8
v 5 0.375 -8
v 6 0.375 -7
v 10 0.375 -5
v 11 0.375 -6
v 10 0.375 -6
v 11 0.375 -5
v 8 1.375 -7
v 9 1.375 -8
v 8 1.375 -8
v 9 1.375 -7
v 9 1.375 -7
v 10 1.375 -8
v 9 1.375 -8
v 10 1.375 -7
v 10 1.375 -7
v 11 1.375 -8
v 10 1.375 -8
v 11 1.375 -7
v 11 1.375 -7
v 12 1.375 -8
v 11 1.375 -8
v 12 1.375 -7
v -11 2.375 13
v -12 3.375 13
v -11 3.375 13
v -12 2.375 13
v 13 0.375 -7
v 14 0.375 -8
v 13 0.375 -8
v 14 0.375 -7
v 14 0.375 -7
v 15 0.375 -8
v 14 0.375 -8
v 15 0.375 -7
v 15 0.375 -7
v 16 0.375 -8
v 15 0.375 -8
v 16 0.375 -7
v 16 0.375 -7
v 17 0.375 -8
v 16 0.375 -8
v 17 0.375 -7
v 17 0.375 -7
v 18 0.375 -8
v 17 0.375 -8
v 18 0.375 -7
v 3 0.375 -6
v 4 0.375 -7
v 3 0.375 -7
v 4 0.375 -6
v 4 0.375 -6
v 5 0.375 -7
v 4 0.375 -7
v 5 0.375 -6
v 5 0.375 -6
v 6 0.375 -7
v 5 0.375 -7
v 6 0.375 -6
v 8 1.375 -9
v 9 1.375 -10
v 8 1.375 -10
v 9 1.375 -9
v 8 1.375 -10
v 9 1.375 -11
v 8 1.375 -11
v 9 1.375 -10
v 11 0.375 -3
v 12 0.375 -4
v 11 0.375 -4
v 12 0.375 -3
v -12 2.375 13
v -13 3.375 13
v -12 3.375 13
v -13 2.375 13
v 14 0.375 -6
v 15 0.375 -7
v 14 0.375 -7
v 15 0.375 -6
v 15 0.375 -6
v 16 0.375 -7
v 15 0.375 -7
v 16 0.375 -6
v 16 0.375 -6
v 17 0.375 -7
v 16 0.375 -7
v 17 0.375 -6
v 17 0.375 -6
v 18 0.375 -7
v 17 0.375 -7
v 18 0.375 -6
v 3 0.375 -5
v 4 0.375 -6
v 3 0.375 -6
v 4 0.375 -5
v 4 0.375 -5
v 5 0.375 -6
v 4 0.375 -6
v 5 0.375 -5
v 5 0.375 -5
v 6 0.375 -6
v 5 0.375 -6
v 6 0.375 -5
v 6 0.375 -5
v 7 0.375 -6
v 6 0.375 -6
v 7 0.375 -5
v 7 0.375 -5
v 8 0.375 -6
v 7 0.375 -6
v 8 0.375 -5
v 8 0.375 -5
v 9 0.375 -6
v 8 0.375 -6
v 9 0.375 -5
v 9 0.375 -5
v 10 0.375 -6
v 9 0.375 -6
v 10 0.375 -5
v 13 0.375 -5
v 14 0.375 -6
v 13 0.375 -6
v 14 0.375 -5
v 14 0.375 -5
v 15 0.375 -6
v 14 0.375 -6
v 15 0.375 -5
v 15 0.375 -5
v 16 0.375 -6
v 15 0.375 -6
v 16 0.375 -5
v 16 0.375 -5
v 17 0.375 -6
v 16 0.375 -6
v 17 0.375 -5
v 17 0.375 -5
v 18 0.375 -6
v 17 0.375 -6
v 18 0.375 -5
v 3 0.375 -4
v 4 0.375 -5
v 3 0.375 -5
v 4 0.375 -4
v 4 0.375 -4
v 5 0.375 -5
v 4 0.375 -5
v 5 0.375 -4
v 5 0.375 -4
v 6 0.375 -5
v 5 0.375 -5
v 6 0.375 -4
v 6 0.375 -4
v 7 0.375 -5
v 6 0.375 -5
v 7 0.375 -4
v 7 0.375 -4
v 8 0.375 -5
v 7 0.375 -5
v 8 0.375 -4
v 8 0.375 -4
v 9 0.375 -5
v 8 0.375 -5
v 9 0.375 -4
v 9 0.375 -4
v 10 0.375 -5
v 9 0.375 -5
v 10 0.375 -4
v 10 0.375 -4
v 11 0.375 -5
v 10 0.375 -5
v 11 0.375 -4
v 11 0.375 -4
v 12 0.375 -5
v 11 0.375 -5
v 12 0.375 -4
v 12 0.375 -4
v 13 0.375 -5
v 12 0.375 -5
v 13 0.375 -4
v 13 0.375 -4
v 14 0.375 -5
v 13 0.375 -5
v 14 0.375 -4
v 14 0.375 -4
v 15 0.375 -5
v 14 0.375 -5
v 15 0.375 -4
v 15 0.375 -4
v 16 0.375 -5
v 15 0.375 -5
v 16 0.375 -4
v 16 0.375 -4
v 17 0.375 -5
v 16 0.375 -5
v 17 0.375 -4
v 17 0.375 -4
v 18 0.375 -5
v 17 0.375 -5
v 18 0.375 -4
v -13 0.375 -18
v -12 0.375 -19
v -13 0.375 -19
v -12 0.375 -18
v -12 0.375 -18
v -11 0.375 -19
v -12 0.375 -19
v -11 0.375 -18
v -11 0.375 -18
v -10 0.375 -19
v -11 0.375 -19
v -10 0.375 -18
v -10 0.375 -18
v -9 0.375 -19
v -10 0.375 -19
v -9 0.375 -18
v -9 0.375 -18
v -8 0.375 -19
v -9 0.375 -19
v -8 0.375 -18
v -8 0.375 -18
v -7 0.375 -19
v -8 0.375 -19
v -7 0.375 -18
v -7 0.375 -18
v -6 0.375 -19
v -7 0.375 -19
v -6 0.375 -18
v -6 0.375 -18
v -5 0.375 -19
v -6 0.375 -19
v -5 0.375 -18
v -5 0.375 -18
v -4 0.375 -19
v -5 0.375 -19
v -4 0.375 -18
v -4 0.375 -18
v -3 0.375 -19
v -4 0.375 -19
v -3 0.375 -18
v -3 0.375 -18
v -2 0.375 -19
v -3 0.375 -19
v -2 0.375 -18
v -2 0.375 -18
v -1 0.375 -19
v -2 0.375 -19
v -1 0.375 -18
v -1 0.375 -18
v 0 0.375 -19
v -1 0.375 -19
v 0 0.375 -18
v 0 0.375 -18
v 1 0.375 -19
v 0 0.375 -19
v 1 0.375 -18
v 1 0.375 -18
v 2 0.375 -19
v 1 0.375 -19
v 2 0.375 -18
v 2 0.375 -18
v 3 0.375 -19
v 2 0.375 -19
v 3 0.375 -18
v -13 0.375 -17
v -12 0.375 -18
v -13 0.375 -18
v -12 0.375 -17
v -12 0.375 -17
v -11 0.375 -18
v -12 0.375 -18
v -11 0.375 -17
v -11 0.375 -17
v -10 0.375 -18
v -11 0.375 -18
v -10 0.375 -17
v -10 0.375 -17
v -9 0.375 -18
v -10 0.375 -18
v -9 0.375 -17
v -9 0.375 -17
v -8 0.375 -18
v -9 0.375 -18
v -8 0.375 -17
v -8 0.375 -17
v -7 0.375 -18
v -8 0.375 -18
v -7 0.375 -17
v -7 0.375 -17
v -6 0.375 -18
v -7 0.375 -18
v -6 0.375 -17
v -6 0.375 -17
v -5 0.375 -18
v -6 0.375 -18
v -5 0.375 -17
v -5 0.375 -17
v -4 0.375 -18
v -5 0.375 -18
v -4 0.375 -17
v -4 0.375 -17
v -3 0.375 -18
v -4 0.375 -18
v -3 1.3125 -17
v -3 1.3125 -17
v -2 0.375 -18
v -3 0.375 -18
v -2 1.3125 -17
v -2 1.3125 -17
v -1 0.375 -18
v -2 0.375 -18
v -1 1.3125 -17
v -1 1.3125 -17
v 0 0.375 -18
v -1 0.375 -18
v 0 1.3125 -17
v 0 1.3125 -17
v 1 0.375 -18
v 0 0.375 -18
v 1 1.3125 -17
v 14 0.375 -1
v 15 0.375 -2
v 14 0.375 -2
v 15 0.375 -1
v 13 0.375 0
v 14 0.375 -1
v 13 0.375 -1
v 14 0.375 0
v -13 0.375 -16
v -12 0.375 -17
v -13 0.375 -17
v -12 0.375 -16
v -12 0.375 -16
v -11 0.375 -17
v -12 0.375 -17
v -11 0.375 -16
v -11 0.375 -16
v -10 0.375 -17
v -11 0.375 -17
v -10 0.375 -16
v -10 0.375 -16
v -9 0.375 -17
v -10 0.375 -17
v -9 0.375 -16
v -7 0.375 -16
v -6 0.375 -17
v -7 0.375 -17
v -6 0.375 -16
v -6 0.375 -16
v -5 0.375 -17
v -6 0.375 -17
v -5 0.375 -16
v -5 0.375 -16
v -4 0.375 -17
v -5 0.375 -17
v -4 0.375 -16
v -4 0.375 -16
v -3 1.3125 -17
v -4 0.375 -17
v -3 1.3125 -16
v -3 1.3125 -16
v -2 1.3125 -17
v -3 1.3125 -17
v -2 1.3125 -16
v -2 1.3125 -16
v -1 1.3125 -17
v -2 1.3125 -17
v -1 1.3125 -16
v 1 0 -14
v 2 0 -15
v 1 0 -15
v 2 0 -14
v 15 0.375 -2
v 16 0.375 -3
v 15 0.375 -3
v 16 0.375 -2
v 1 1.3125 -16
v 2 0.375 -17
v 1 1.3125 -17
v 2 0.375 -16
v 11 0.375 1
v 12 0.375 0
v 11 0.375 0
v 12 0.375 1
v -13 0.375 -15
v -12 0.375 -16
v -13 0.375 -16
v -12 0.375 -15
v -12 0.375 -15
v -11 0.375 -16
v -12 0.375 -16
v -11 0.375 -15
v -11 0.375 -15
v -10 0.375 -16
v -11 0.375 -16
v -10 0.375 -15
v -10 0.375 -15
v -9 0.375 -16
v -10 0.375 -16
v -9 0.375 -15
v -6 0.375 -15
v -5 0.375 -16
v -6 0.375 -16
v -5 0.375 -15
v -5 0.375 -15
v -4 0.375 -16
v -5 0.375 -16
v -4 0.375 -15
v -4 0.375 -15
v -3 1.3125 -16
v -4 0.375 -16
v -3 1.3125 -15
v -3 1.3125 -15
v -2 1.3125 -16
v -3 1.3125 -16
v -2 1.3125 -15
v -2 1.3125 -15
v -1 1.3125 -16
v -2 1.3125 -16
v -1 1.3125 -15
v -1 1.3125 -15
v 0 1.3125 -16
v -1 1.3125 -16
v 0 1.3125 -15
v 0 1.3125 -15
v 1 1.3125 -16
v 0 1.3125 -16
v 1 1.3125 -15
v 1 1.3125 -15
v 2 0.375 -16
v 1 1.3125 -16
v 2 0.375 -15
v 2 0.375 -15
v 3 0.375 -16
v 2 0.375 -16
v 3 0.375 -15
v -13 0.375 -14
v -12 0.375 -15
v -13 0.375 -15
v -12 0.375 -14
v -12 0.375 -14
v -11 0.375 -15
v -12 0.375 -15
v -11 0.375 -14
v -11 0.375 -14
v -10 0.375 -15
v -11 0.375 -15
v -10 0.375 -14
v -10 0.375 -14
v -9 0.375 -15
v -10 0.375 -15
v -9 0.375 -14
v -8 0.375 -16
v -7 0.375 -17
v -8 0.375 -17
v -7 0.375 -16
v -6 0.375 -14
v -5 0.375 -15
v -6 0.375 -15
v -5 0.375 -14
v -5 0.375 -14
v -4 0.375 -15
v -5 0.375 -15
v -4 0.375 -14
v 2 0.375 -16
v 3 0.375 -17
v 2 0.375 -17
v 3 0.375 -16
v -3 0.375 -14
v -2 1.3125 -15
v -3 1.3125 -15
v -2 0.375 -14
v 2 0 -14
v 3 0 -15
v 2 0 -15
v 3 0 -14
v -1 0.375 -14
v 0 1.3125 -15
v -1 1.3125 -15
v 0 0.375 -14
v 0 0.375 -14
v 1 1.3125 -15
v 0 1.3125 -15
v 1 0.375 -14
v 1 0.375 -14
v 2 0.375 -15
v 1 1.3125 -15
v 2 0.375 -14
v 2 0.375 -14
v 3 0.375 -15
v 2 0.375 -15
v 3 0.375 -14
v -13 0.375 -13
v -12 0.375 -14
v -13 0.375 -14
v -12 0.375 -13
v -12 0.375 -13
v -11 0.375 -14
v -12 0.375 -14
v -11 0.375 -13
v -11 0.375 -13
v -10 0.375 -14
v -11 0.375 -14
v -10 0.375 -13
v -10 0.375 -13
v -9 0.375 -14
v -10 0.375 -14
v -9 0.375 -13
v 9 0.375 -3
v 10 0.375 -4
v 9 0.375 -4
v 10 0.375 -3
v 8 0.375 -3
v 9 0.375 -4
v 8 0.375 -4
v 9 0.375 -3
v -6 0.375 -13
v -5 0.375 -14
v -6 0.375 -14
v -5 0.375 -13
v -5 0.375 -13
v -4 0.375 -14
v -5 0.375 -14
v -4 0.375 -13
v -4 0.375 -13
v -3 0.375 -14
v -4 0.375 -14
v -3 0.375 -13
v -3 0.375 -13
v -2 0.375 -14
v -3 0.375 -14
v -2 0.375 -13
v -2 0.375 -13
v -1 0.375 -14
v -2 0.375 -14
v -1 0.375 -13
v -1 0.375 -13
v 0 0.375 -14
v -1 0.375 -14
v 0 0.375 -13
v 0 0.375 -13
v 1 0.375 -14
v 0 0.375 -14
v 1 0.375 -13
v 1 0.375 -13
v 2 0.375 -14
v 1 0.375 -14
v 2 0.375 -13
v 2 0.375 -13
v 3 0.375 -14
v 2 0.375 -14
v 3 0.375 -13
v -13 0.375 -12
v -12 0.375 -13
v -13 0.375 -13
v -12 0.375 -12
v -12 0.375 -12
v -11 0.375 -13
v -12 0.375 -13
v -11 0.375 -12
v -11 0.375 -12
v -10 0.375 -13
v -11 0.375 -13
v -10 0.375 -12
v -10 0.375 -12
v -9 0.375 -13
v -10 0.375 -13
v -9 0.375 -12
v -7 0.375 -15
v -6 0.375 -16
v -7 0.375 -16
v -6 0.375 -15
v -6 0.375 -12
v -5 0.375 -13
v -6 0.375 -13
v -5 0.375 -12
v -5 0.375 -12
v -4 0.375 -13
v -5 0.375 -13
v -4 0.375 -12
v -4 0.375 -12
v -3 0.375 -13
v -4 0.375 -13
v -3 0.375 -12
v -3 0.375 -12
v -2 0.375 -13
v -3 0.375 -13
v -2 0.375 -12
v -2 0.375 -12
v -1 0.375 -13
v -2 0.375 -13
v -1 0.375 -12
v -1 0.375 -12
v 0 0.375 -13
v -1 0.375 -13
v 0 0.375 -12
v 0 0.375 -12
v 1 0.375 -13
v 0 0.375 -13
v 1 0.375 -12
v 1 0.375 -12
v 2 0.375 -13
v 1 0.375 -13
v 2 0.375 -12
v 2 0.375 -12
v 3 0.375 -13
v 2 0.375 -13
v 3 0.375 -12
v -13 0.375 -11
v -12 0.375 -12
v -13 0.375 -12
v -12 0.375 -11
v -12 0.375 -11
v -11 0.375 -12
v -12 0.375 -12
v -11 0.375 -11
v -11 0.375 -11
v -10 0.375 -12
v -11 0.375 -12
v -10 0.375 -11
v -10 0.375 -11
v -9 0.375 -12
v -10 0.375 -12
v -9 0.375 -11
v -9 0.375 -16
v -8 0.375 -17
v -9 0.375 -17
v -8 0.375 -16
v -6 0.375 -11
v -5 0.375 -12
v -6 0.375 -12
v -5 0.375 -11
v -5 0.375 -11
v -4 0.375 -12
v -5 0.375 -12
v -4 0.375 -11
v -4 0.375 -11
v -3 0.375 -12
v -4 0.375 -12
v -3 0.375 -11
v -3 0.375 -11
v -2 0.375 -12
v -3 0.375 -12
v -2 0.375 -11
v -2 0.375 -11
v -1 0.375 -12
v -2 0.375 -12
v -1 0.375 -11
v -1 0.375 -11
v 0 0.375 -12
v -1 0.375 -12
v 0 0.375 -11
v 0 0.375 -11
v 1 0.375 -12
v 0 0.375 -12
v 1 0.375 -11
v 1 0.375 -11
v 2 0.375 -12
v 1 0.375 -12
v 2 0.375 -11
v 2 0.375 -11
v 3 0.375 -12
v 2 0.375 -12
v 3 0.375 -11
v -13 0.375 -10
v -12 0.375 -11
v -13 0.375 -11
v -12 0.375 -10
v -12 0.375 -10
v -11 0.375 -11
v -12 0.375 -11
v -11 0.375 -10
v -11 0.375 -10
v -10 0.375 -11
v -11 0.375 -11
v -10 0.375 -10
v -10 0.375 -10
v -9 0.375 -11
v -10 0.375 -11
v -9 0.375 -10
v -8 1.375 -12
v -7 1.375 -13
v -8 1.375 -13
v -7 1.375 -12
v -6 0.375 -10
v -5 0.375 -11
v -6 0.375 -11
v -5 0.375 -10
v -5 0.375 -10
v -4 0.375 -11
v -5 0.375 -11
v -4 0.375 -10
v -4 0.375 -10
v -3 0.375 -11
v -4 0.375 -11
v -3 0.375 -10
v -3 0.375 -10
v -2 0.375 -11
v -3 0.375 -11
v -2 0.375 -10
v -2 0.375 -10
v -1 0.375 -11
v -2 0.375 -11
v -1 0.375 -10
v -1 0.375 -10
v 0 0.375 -11
v -1 0.375 -11
v 0 0.375 -10
v 0 0.375 -10
v 1 0.375 -11
v 0 0.375 -11
v 1 0.375 -10
v 1 0.375 -10
v 2 0.375 -11
v 1 0.375 -11
v 2 0.375 -10
v 2 0.375 -10
v 3 0.375 -11
v 2 0.375 -11
v 3 0.375 -10
v -13 0.375 -9
v -12 0.375 -10
v -13 0.375 -10
v -12 0.375 -9
v -12 0.375 -9
v -11 0.375 -10
v -12 0.375 -10
v -11 0.375 -9
v -11 0.375 -9
v -10 0.375 -10
v -11 0.375 -10
v -10 0.375 -9
v -10 0.375 -9
v -9 0.375 -10
v -10 0.375 -10
v -9 0.375 -9
v -6 0.375 -9
v -5 0.375 -10
v -6 0.375 -10
v -5 0.375 -9
v -5 0.375 -9
v -4 0.375 -10
v -5 0.375 -10
v -4 0.375 -9
v -4 0.375 -9
v -3 0.375 -10
v -4 0.375 -10
v -3 0.375 -9
v -3 2.375 -9
v -2 2.375 -10
v -3 2.375 -10
v -2 2.375 -9
v -2 0.375 -9
v -1 0.375 -10
v -2 0.375 -10
v -1 0.375 -9
v -1 0.375 -9
v 0 0.375 -10
v -1 0.375 -10
v 0 0.375 -9
v 0 0.375 -9
v 1 0.375 -10
v 0 0.375 -10
v 1 0.375 -9
v 1 0.375 -9
v 2 0.375 -10
v 1 0.375 -10
v 2 0.375 -9
v 2 0.375 -9
v 3 0.375 -10
v 2 0.375 -10
v 3 0.375 -9
v -13 0.375 -8
v -12 0.375 -9
v -13 0.375 -9
v -12 0.375 -8
v -12 0.375 -8
v -11 0.375 -9
v -12 0.375 -9
v -11 0.375 -8
v -11 0.375 -8
v -10 0.375 -9
v -11 0.375 -9
v -10 0.375 -8
v -10 0.375 -8
v -9 0.375 -9
v -10 0.375 -9
v -9 0.375 -8
v -7 0.375 -8
v -6 0.375 -9
v -7 0.375 -9
v -6 0.375 -8
v -6 0.375 -8
v -5 0.375 -9
v -6 0.375 -9
v -5 0.375 -8
v -5 0.375 -8
v -4 0.375 -9
v -5 0.375 -9
v -4 0.375 -8
v -4 0.375 -8
v -3 0.375 -9
v -4 0.375 -9
v -3 0.375 -8
v -3 0.375 -8
v -2 0.375 -9
v -3 0.375 -9
v -2 0.375 -8
v -2 0.375 -8
v -1 0.375 -9
v -2 0.375 -9
v -1 0.375 -8
v -1 0.375 -8
v 0 0.375 -9
v -1 0.375 -9
v 0 0.375 -8
v 0 0.375 -8
v 1 0.375 -9
v 0 0.375 -9
v 1 0.375 -8
v 1 0.375 -8
v 2 0.375 -9
v 1 0.375 -9
v 2 0.375 -8
v 2 0.375 -8
v 3 0.375 -9
v 2 0.375 -9
v 3 0.375 -8
v -13 0.375 -7
v -12 0.375 -8
v -13 0.375 -8
v -12 0.375 -7
v -12 0.375 -7
v -11 0.375 -8
v -12 0.375 -8
v -11 0.375 -7
v -11 0.375 -7
v -10 0.375 -8
v -11 0.375 -8
v -10 0.375 -7
v -10 0.375 -7
v -9 0.375 -8
v -10 0.375 -8
v -9 0.375 -7
v -9 0.375 -7
v -8 0.375 -8
v -9 0.375 -8
v -8 0.375 -7
v -8 0.375 -7
v -7 0.375 -8
v -8 0.375 -8
v -7 0.375 -7
v -7 0.375 -7
v -6 0.375 -8
v -7 0.375 -8
v -6 0.375 -7
v -6 0.375 -7
v -5 0.375 -8
v -6 0.375 -8
v -5 0.375 -7
v -5 0.375 -7
v -4 0.375 -8
v -5 0.375 -8
v -4 0.375 -7
v -4 0.375 -7
v -3 0.375 -8
v -4 0.375 -8
v -3 0.375 -7
v -3 0.375 -7
v -2 0.375 -8
v -3 0.375 -8
v -2 0.375 -7
v -2 0.375 -7
v -1 0.375 -8
v -2 0.375 -8
v -1 0.375 -7
v -1 0.375 -7
v 0 0.375 -8
v -1 0.375 -8
v 0 0.375 -7
v 0 0.375 -7
v 1 0.375 -8
v 0 0.375 -8
v 1 0.375 -7
v -4 0.375 -14
v -3 1.3125 -15
v -4 0.375 -15
v -3 0.375 -14
v 2 0.375 -7
v 3 0.375 -8
v 2 0.375 -8
v 3 0.375 -7
v -13 0.375 -6
v -12 0.375 -7
v -13 0.375 -7
v -12 0.375 -6
v -12 0.375 -6
v -11 0.375 -7
v -12 0.375 -7
v -11 0.375 -6
v -11 0.375 -6
v -10 0.375 -7
v -11 0.375 -7
v -10 0.375 -6
v -10 0.375 -6
v -9 0.375 -7
v -10 0.375 -7
v -9 0.375 -6
v -9 0.375 -6
v -8 0.375 -7
v -9 0.375 -7
v -8 0.375 -6
v -8 0.375 -6
v -7 0.375 -7
v -8 0.375 -7
v -7 0.375 -6
v -7 0.375 -6
v -6 0.375 -7
v -7 0.375 -7
v -6 0.375 -6
v -6 0.375 -6
v -5 0.375 -7
v -6 0.375 -7
v -5 0.375 -6
v -5 0.375 -6
v -4 0.375 -7
v -5 0.375 -7
v -4 0.375 -6
v -4 0.375 -6
v -3 0.375 -7
v -4 0.375 -7
v -3 0.375 -6
v -3 0.375 -6
v -2 0.375 -7
v -3 0.375 -7
v -2 0.375 -6
v -2 0.375 -6
v -1 0.375 -7
v -2 0.375 -7
v -1 0.375 -6
v -1 0.375 -6
v 0 0.375 -7
v -1 0.375 -7
v 0 0.375 -6
v 0 0.375 -6
v 1 0.375 -7
v 0 0.375 -7
v 1 0.375 -6
v 1 0.375 -6
v 2 0.375 -7
v 1 0.375 -7
v 2 0.375 -6
v 2 0.375 -6
v 3 0.375 -7
v 2 0.375 -7
v 3 0.375 -6
v -13 0.375 -5
v -12 0.375 -6
v -13 0.375 -6
v -12 0.375 -5
v -12 0.375 -5
v -11 0.375 -6
v -12 0.375 -6
v -11 0.375 -5
v -11 0.375 -5
v -10 0.375 -6
v -11 0.375 -6
v -10 0.375 -5
v -10 0.375 -5
v -9 0.375 -6
v -10 0.375 -6
v -9 0.375 -5
v -9 0.375 -5
v -8 0.375 -6
v -9 0.375 -6
v -8 0.375 -5
v -8 0.375 -5
v -7 0.375 -6
v -8 0.375 -6
v -7 0.375 -5
v -7 0.375 -5
v -6 0.375 -6
v -7 0.375 -6
v -6 0.375 -5
v -6 0.375 -5
v -5 0.375 -6
v -6 0.375 -6
v -5 0.375 -5
v -5 0.375 -5
v -4 0.375 -6
v -5 0.375 -6
v -4 0.375 -5
v -4 0.375 -5
v -3 0.375 -6
v -4 0.375 -6
v -3 0.375 -5
v -3 0.375 -5
v -2 0.375 -6
v -3 0.375 -6
v -2 0.375 -5
v -2 0.375 -5
v -1 0.375 -6
v -2 0.375 -6
v -1 0.375 -5
v -1 0.375 -5
v 0 0.375 -6
v -1 0.375 -6
v 0 0.375 -5
v 0 0.375 -5
v 1 0.375 -6
v 0 0.375 -6
v 1 0.375 -5
v 1 0.375 -5
v 2 0.375 -6
v 1 0.375 -6
v 2 0.375 -5
v 2 0.375 -5
v 3 0.375 -6
v 2 0.375 -6
v 3 0.375 -5
v -13 0.375 -4
v -12 0.375 -5
v -13 0.375 -5
v -12 0.375 -4
v -12 0.375 -4
v -11 0.375 -5
v -12 0.375 -5
v -11 0.375 -4
v -11 2.375 -4
v -10 2.375 -5
v -11 2.375 -5
v -10 2.375 -4
v -10 0.375 -4
v -9 0.375 -5
v -10 0.375 -5
v -9 0.375 -4
v -9 0.375 -4
v -8 0.375 -5
v -9 0.375 -5
v -8 0.375 -4
v -8 0.375 -4
v -7 0.375 -5
v -8 0.375 -5
v -7 0.375 -4
v -7 0.375 -4
v -6 0.375 -5
v -7 0.375 -5
v -6 0.375 -4
v -6 0.375 -4
v -5 0.375 -5
v -6 0.375 -5
v -5 0.375 -4
v -5 0.375 -4
v -4 0.375 -5
v -5 0.375 -5
v -4 0.375 -4
v -4 0.375 -4
v -3 0.375 -5
v -4 0.375 -5
v -3 0.375 -4
v 10 0.375 -3
v 11 0.375 -4
v 10 0.375 -4
v 11 0.375 -3
v 0 0.375 -4
v 1 0.375 -5
v 0 0.375 -5
v 1 0.375 -4
v 1 0.375 -4
v 2 0.375 -5
v 1 0.375 -5
v 2 0.375 -4
v 2 0.375 -4
v 3 0.375 -5
v 2 0.375 -5
v 3 0.375 -4
v -13 0.375 -3
v -12 0.375 -4
v -13 0.375 -4
v -12 0.375 -3
v -12 0.375 -3
v -11 0.375 -4
v -12 0.375 -4
v -11 0.375 -3
v -11 0.375 -3
v -10 0.375 -4
v -11 0.375 -4
v -10 0.375 -3
v -10 0.375 -3
v -9 0.375 -4
v -10 0.375 -4
v -9 0.375 -3
v -9 0.375 -3
v -8 0.375 -4
v -9 0.375 -4
v -8 0.375 -3
v -8 0.375 -3
v -7 0.375 -4
v -8 0.375 -4
v -7 0.375 -3
v -7 0.375 -3
v -6 0.375 -4
v -7 0.375 -4
v -6 0.375 -3
v -6 0.375 -3
v -5 0.375 -4
v -6 0.375 -4
v -5 0.375 -3
v -5 0.375 -3
v -4 0.375 -4
v -5 0.375 -4
v -4 0.375 -3
v -4 0.375 -3
v -3 0.375 -4
v -4 0.375 -4
v -3 0.375 -3
v -2 -1.9375 -3
v -1 -1.9375 -4
v -2 -1.9375 -4
v -1 -1.9375 -3
v 0 0.375 -3
v 1 0.375 -4
v 0 0.375 -4
v 1 0.375 -3
v 1 0.375 -3
v 2 0.375 -4
v 1 0.375 -4
v 2 0.375 -3
v 2 0.375 -3
v 3 0.375 -4
v 2 0.375 -4
v 3 0.375 -3
v 3 0.375 -2
v 4 0.375 -3
v 3 0.375 -3
v 4 0.375 -2
v 4 0.375 -2
v 5 0.375 -3
v 4 0.375 -3
v 5 0.375 -2
v 5 0.375 -2
v 6 0.375 -3
v 5 0.375 -3
v 6 0.375 -2
v 6 0.375 -2
v 7 0.375 -3
v 6 0.375 -3
v 7 0.375 -2
v 7 2.375 -2
v 8 2.375 -3
v 7 2.375 -3
v 8 2.375 -2
v 8 0.375 -2
v 9 0.375 -3
v 8 0.375 -3
v 9 0.375 -2
v 9 0.375 -2
v 10 0.375 -3
v 9 0.375 -3
v 10 0.375 -2
v 10 0.375 -2
v 11 0.375 -3
v 10 0.375 -3
v 11 0.375 -2
v 11 0.375 -2
v 12 0.375 -3
v 11 0.375 -3
v 12 0.375 -2
v 12 0.375 -2
v 13 0.375 -3
v 12 0.375 -3
v 13 0.375 -2
v 13 0.375 -2
v 14 0.375 -3
v 13 0.375 -3
v 14 0.375 -2
v 14 0.375 -2
v 15 0.375 -3
v 14 0.375 -3
v 15 0.375 -2
v 6 1.6875 4
v 7 0.375 3
v 6 1.6875 3
v 7 0.375 4
v 16 0.375 -2
v 17 0.375 -3
v 16 0.375 -3
v 17 0.375 -2
v 17 0.375 -2
v 18 0.375 -3
v 17 0.375 -3
v 18 0.375 -2
v 18 0.375 -2
v 19 0.375 -3
v 18 0.375 -3
v 19 0.375 -2
v 3 0.375 -1
v 4 0.375 -2
v 3 0.375 -2
v 4 0.375 -1
v 4 0.375 -1
v 5 0.375 -2
v 4 0.375 -2
v 5 0.375 -1
v 5 0.375 -1
v 6 0.375 -2
v 5 0.375 -2
v 6 0.375 -1
v 6 0.375 -1
v 7 0.375 -2
v 6 0.375 -2
v 7 0.375 -1
v 7 0.375 -1
v 8 0.375 -2
v 7 0.375 -2
v 8 0.375 -1
v 8 0.375 -1
v 9 0.375 -2
v 8 0.375 -2
v 9 0.375 -1
v 9 0.375 -1
v 10 0.375 -2
v 9 0.375 -2
v 10 0.375 -1
v 10 0.375 -1
v 11 0.375 -2
v 10 0.375 -2
v 11 0.375 -1
v 11 0.375 -1
v 12 0.375 -2
v 11 0.375 -2
v 12 0.375 -1
v 12 0.375 -1
v 13 0.375 -2
v 12 0.375 -2
v 13 0.375 -1
v 13 0.375 -1
v 14 0.375 -2
v 13 0.375 -2
v 14 0.375 -1
v 6 1.6875 3
v 7 0.375 2
v 6 1.6875 2
v 7 0.375 3
v 15 2.375 -1
v 16 2.375 -2
v 15 2.375 -2
v 16 2.375 -1
v 16 0.375 -1
v 17 0.375 -2
v 16 0.375 -2
v 17 0.375 -1
v 17 0.375 -1
v 18 0.375 -2
v 17 0.375 -2
v 18 0.375 -1
v 18 0.375 -1
v 19 0.375 -2
v 18 0.375 -2
v 19 0.375 -1
v 3 0.375 0
v 4 0.375 -1
v 3 0.375 -1
v 4 0.375 0
v 4 0.375 0
v 5 0.375 -1
v 4 0.375 -1
v 5 0.375 0
v 5 0.375 0
v 6 0.375 -1
v 5 0.375 -1
v 6 0.375 0
v 6 0.375 0
v 7 0.375 -1
v 6 0.375 -1
v 7 0.375 0
v -6 0.375 8
v -5 -1.9375 7
v -6 -1.9375 7
v -5 0.375 8
v 8 0.375 0
v 9 0.375 -1
v 8 0.375 -1
v 9 0.375 0
v 9 0.375 0
v 10 0.375 -1
v 9 0.375 -1
v 10 0.375 0
v 10 0.375 0
v 11 0.375 -1
v 10 0.375 -1
v 11 0.375 0
v 11 0.375 0
v 12 0.375 -1
v 11 0.375 -1
v 12 0.375 0
v 12 0.375 0
v 13 0.375 -1
v 12 0.375 -1
v 13 0.375 0
v 6 1.6875 2
v 7 0.375 1
v 6 1.6875 1
v 7 0.375 2
v 14 0.375 0
v 15 0.375 -1
v 14 0.375 -1
v 15 0.375 0
v 15 0.375 0
v 16 0.375 -1
v 15 0.375 -1
v 16 0.375 0
v 16 0.375 0
v 17 0.375 -1
v 16 0.375 -1
v 17 0.375 0
v 17 0.375 0
v 18 0.375 -1
v 17 0.375 -1
v 18 0.375 0
v 18 0.375 0
v 19 0.375 -1
v 18 0.375 -1
v 19 0.375 0
v 3 0.375 1
v 4 0.375 0
v 3 0.375 0
v 4 1.6875 1
v 4 1.6875 1
v 5 0.375 0
v 4 0.375 0
v 5 1.6875 1
v 5 1.6875 1
v 6 0.375 0
v 5 0.375 0
v 6 1.6875 1
v 6 1.6875 1
v 7 0.375 0
v 6 0.375 0
v 7 0.375 1
v -5 0.375 8
v -4 -1.9375 7
v -5 -1.9375 7
v -4 0.375 8
v 8 0.375 1
v 9 0.375 0
v 8 0.375 0
v 9 0.375 1
v 9 0.375 1
v 10 0.375 0
v 9 0.375 0
v 10 0.375 1
v 10 0.375 1
v 11 0.375 0
v 10 0.375 0
v 11 0.375 1
v 7 0.375 0
v 8 0.375 -1
v 7 0.375 -1
v 8 0.375 0
v 7 0.375 1
v 8 0.375 0
v 7 0.375 0
v 8 0.375 1
v 13 0.375 1
v 14 0.375 0
v 13 0.375 0
v 14 0.375 1
v 14 0.375 1
v 15 0.375 0
v 14 0.375 0
v 15 0.375 1
v 15 0.375 1
v 16 0.375 0
v 15 0.375 0
v 16 0.375 1
v 16 0.375 1
v 17 0.375 0
v 16 0.375 0
v 17 0.375 1
v 17 0.375 1
v 18 0.375 0
v 17 0.375 0
v 18 0.375 1
v 18 0.375 1
v 19 0.375 0
v 18 0.375 0
v 19 0.375 1
v 3 0.375 2
v 4 1.6875 1
v 3 0.375 1
v 4 1.6875 2
v 4 1.6875 2
v 5 1.6875 1
v 4 1.6875 1
v 5 1.6875 2
v 5 1.6875 2
v 6 1.6875 1
v 5 1.6875 1
v 6 1.6875 2
v -3 0.375 8
v -2 0.375 7
v -3 -1.9375 7
v -2 0.375 8
v 7 0.375 2
v 8 0.375 1
v 7 0.375 1
v 8 0.375 2
v 8 0.375 2
v 9 0.375 1
v 8 0.375 1
v 9 0.375 2
v 9 0.375 2
v 10 0.375 1
v 9 0.375 1
v 10 0.375 2
v 10 0.375 2
v 11 0.375 1
v 10 0.375 1
v 11 0.375 2
v 11 0.375 2
v 12 0.375 1
v 11 0.375 1
v 12 0.375 2
v 12 0.375 2
v 13 0.375 1
v 12 0.375 1
v 13 0.375 2
v 13 0.375 2
v 14 0.375 1
v 13 0.375 1
v 14 0.375 2
v 14 0.375 2
v 15 0.375 1
v 14 0.375 1
v 15 0.375 2
v 15 0.375 2
v 16 0.375 1
v 15 0.375 1
v 16 0.375 2
v 16 0.375 2
v 17 0.375 1
v 16 0.375 1
v 17 0.375 2
v 17 0.375 2
v 18 0.375 1
v 17 0.375 1
v 18 0.375 2
v 18 0.375 2
v 19 0.375 1
v 18 0.375 1
v 19 0.375 2
v 3 0.375 3
v 4 1.6875 2
v 3 0.375 2
v 4 1.6875 3
v 4 1.6875 3
v 5 1.6875 2
v 4 1.6875 2
v 5 1.6875 3
v 5 1.6875 3
v 6 1.6875 2
v 5 1.6875 2
v 6 1.6875 3
v -10 0.375 9
v -9 -1.9375 8
v -10 0.375 8
v -9 0.375 9
v 7 0.375 3
v 8 0.375 2
v 7 0.375 2
v 8 0.375 3
v 8 0.375 3
v 9 0.375 2
v 8 0.375 2
v 9 0.375 3
v 9 0.375 3
v 10 0.375 2
v 9 0.375 2
v 10 0.375 3
v 10 0.375 3
v 11 0.375 2
v 10 0.375 2
v 11 0.375 3
v 11 0.375 3
v 12 0.375 2
v 11 0.375 2
v 12 0.375 3
v 12 0.375 3
v 13 0.375 2
v 12 0.375 2
v 13 0.375 3
v 13 0.375 3
v 14 0.375 2
v 13 0.375 2
v 14 0.375 3
v 14 0.375 3
v 15 0.375 2
v 14 0.375 2
v 15 0.375 3
v 15 0.375 3
v 16 0.375 2
v 15 0.375 2
v 16 0.375 3
v 16 0.375 3
v 17 0.375 2
v 16 0.375 2
v 17 0.375 3
v 17 0.375 3
v 18 0.375 2
v 17 0.375 2
v 18 0.375 3
v 18 0.375 3
v 19 0.375 2
v 18 0.375 2
v 19 0.375 3
v 3 0.375 4
v 4 1.6875 3
v 3 0.375 3
v 4 1.6875 4
v 4 1.6875 4
v 5 1.6875 3
v 4 1.6875 3
v 5 1.6875 4
v 5 1.6875 4
v 6 1.6875 3
v 5 1.6875 3
v 6 1.6875 4
v 11 0.375 7
v 12 1.5625 6
v 11 0.375 6
v 12 1.5625 7
v 7 0.375 4
v 8 0.375 3
v 7 0.375 3
v 8 0.375 4
v 8 0.375 4
v 9 0.375 3
v 8 0.375 3
v 9 0.375 4
v 9 0.375 4
v 10 0.375 3
v 9 0.375 3
v 10 0.375 4
v 10 0.375 4
v 11 0.375 3
v 10 0.375 3
v 11 0.375 4
v 11 0.375 4
v 12 0.375 3
v 11 0.375 3
v 12 0.375 4
v 12 0.375 4
v 13 0.375 3
v 12 0.375 3
v 13 0.375 4
v 13 0.375 4
v 14 0.375 3
v 13 0.375 3
v 14 0.375 4
v 14 0.375 4
v 15 0.375 3
v 14 0.375 3
v 15 0.375 4
v 15 0.375 4
v 16 0.375 3
v 15 0.375 3
v 16 0.375 4
v 16 0.375 4
v 17 0.375 3
v 16 0.375 3
v 17 0.375 4
v 17 0.375 4
v 18 0.375 3
v 17 0.375 3
v 18 0.375 4
v 18 0.375 4
v 19 0.375 3
v 18 0.375 3
v 19 0.375 4
v 3 0.375 5
v 4 1.6875 4
v 3 0.375 4
v 4 1.6875 5
v 4 1.6875 5
v 5 1.6875 4
v 4 1.6875 4
v 5 1.6875 5
v 5 1.6875 5
v 6 1.6875 4
v 5 1.6875 4
v 6 1.6875 5
v 11 0.375 8
v 12 1.5625 7
v 11 0.375 7
v 12 1.5625 8
v 7 0.375 5
v 8 0.375 4
v 7 0.375 4
v 8 0.375 5
v 8 0.375 5
v 9 0.375 4
v 8 0.375 4
v 9 0.375 5
v 9 0.375 5
v 10 0.375 4
v 9 0.375 4
v 10 0.375 5
v 10 0.375 5
v 11 0.375 4
v 10 0.375 4
v 11 0.375 5
v 11 0.375 5
v 12 0.375 4
v 11 0.375 4
v 12 0.375 5
v 12 0.375 5
v 13 0.375 4
v 12 0.375 4
v 13 0.375 5
v 13 0.375 5
v 14 0.375 4
v 13 0.375 4
v 14 0.375 5
v 14 0.375 5
v 15 0.375 4
v 14 0.375 4
v 15 0.375 5
v 15 0.375 5
v 16 0.375 4
v 15 0.375 4
v 16 0.375 5
v 16 0.375 5
v 17 0.375 4
v 16 0.375 4
v 17 0.375 5
v 17 0.375 5
v 18 0.375 4
v 17 0.375 4
v 18 0.375 5
v 18 0.375 5
v 19 0.375 4
v 18 0.375 4
v 19 0.375 5
v 3 0.375 6
v 4 1.6875 5
v 3 0.375 5
v 4 1.6875 6
v 4 1.6875 6
v 5 1.6875 5
v 4 1.6875 5
v 5 1.6875 6
v 5 1.6875 6
v 6 1.6875 5
v 5 1.6875 5
v 6 1.6875 6
v 10 0.375 9
v 11 0.375 8
v 10 0.375 8
v 11 0.375 9
v 7 0.375 6
v 8 0.375 5
v 7 0.375 5
v 8 0.375 6
v 8 0.375 6
v 9 0.375 5
v 8 0.375 5
v 9 0.375 6
v 9 0.375 6
v 10 0.375 5
v 9 0.375 5
v 10 0.375 6
v 10 0.375 6
v 11 0.375 5
v 10 0.375 5
v 11 0.375 6
v 11 0.375 6
v 12 0.375 5
v 11 0.375 5
v 12 1.5625 6
v 12 1.5625 6
v 13 0.375 5
v 12 0.375 5
v 13 1.5625 6
v 13 1.5625 6
v 14 0.375 5
v 13 0.375 5
v 14 1.5625 6
v 14 1.5625 6
v 15 0.375 5
v 14 0.375 5
v 15 1.5625 6
v 15 1.5625 6
v 16 0.375 5
v 15 0.375 5
v 16 0.375 6
v 16 0.375 6
v 17 0.375 5
v 16 0.375 5
v 17 0.375 6
v 17 0.375 6
v 18 0.375 5
v 17 0.375 5
v 18 0.375 6
v 18 0.375 6
v 19 0.375 5
v 18 0.375 5
v 19 0.375 6
v 3 0.375 7
v 4 1.6875 6
v 3 0.375 6
v 4 0.375 7
v 4 0.375 7
v 5 1.6875 6
v 4 1.6875 6
v 5 0.375 7
v 5 0.375 7
v 6 1.6875 6
v 5 1.6875 6
v 6 0.375 7
v 6 0.375 7
v 7 0.375 6
v 6 1.6875 6
v 7 0.375 7
v 7 0.375 7
v 8 0.375 6
v 7 0.375 6
v 8 0.375 7
v 8 0.375 7
v 9 0.375 6
v 8 0.375 6
v 9 0.375 7
v 9 0.375 7
v 10 0.375 6
v 9 0.375 6
v 10 0.375 7
v 10 0.375 7
v 11 0.375 6
v 10 0.375 6
v 11 0.375 7
v -3 0.375 -4
v -2 0.375 -5
v -3 0.375 -5
v -2 -1.9375 -4
v 12 1.5625 7
v 13 1.5625 6
v 12 1.5625 6
v 13 1.5625 7
v 13 1.5625 7
v 14 1.5625 6
v 13 1.5625 6
v 14 1.5625 7
v 14 1.5625 7
v 15 1.5625 6
v 14 1.5625 6
v 15 1.5625 7
v 15 1.5625 7
v 16 0.375 6
v 15 1.5625 6
v 16 0.375 7
v 16 0.375 7
v 17 0.375 6
v 16 0.375 6
v 17 0.375 7
v 17 0.375 7
v 18 0.375 6
v 17 0.375 6
v 18 0.375 7
v 18 0.375 7
v 19 0.375 6
v 18 0.375 6
v 19 0.375 7
v 3 0.375 8
v 4 0.375 7
v 3 0.375 7
v 4 0.375 8
v 4 0.375 8
v 5 0.375 7
v 4 0.375 7
v 5 0.375 8
v 5 0.375 8
v 6 0.375 7
v 5 0.375 7
v 6 0.375 8
v 6 0.375 8
v 7 0.375 7
v 6 0.375 7
v 7 0.375 8
v 7 0.375 8
v 8 0.375 7
v 7 0.375 7
v 8 0.375 8
v 8 0.375 8
v 9 0.375 7
v 8 0.375 7
v 9 0.375 8
v 9 0.375 8
v 10 0.375 7
v 9 0.375 7
v 10 0.375 8
v -8 0.375 9
v -7 0.375 8
v -8 -1.9375 8
v -7 0.375 9
v 10 0.375 8
v 11 0.375 7
v 10 0.375 7
v 11 0.375 8
v 12 1.5625 8
v 13 1.5625 7
v 12 1.5625 7
v 13 1.5625 8
v 13 1.5625 8
v 14 1.5625 7
v 13 1.5625 7
v 14 1.5625 8
v 14 1.5625 8
v 15 1.5625 7
v 14 1.5625 7
v 15 1.5625 8
v 15 1.5625 8
v 16 0.375 7
v 15 1.5625 7
v 16 0.375 8
v 16 0.375 8
v 17 0.375 7
v 16 0.375 7
v 17 0.375 8
v 17 0.375 8
v 18 0.375 7
v 17 0.375 7
v 18 0.375 8
v 18 0.375 8
v 19 0.375 7
v 18 0.375 7
v 19 0.375 8
v 3 0.375 9
v 4 0.375 8
v 3 0.375 8
v 4 0.375 9
v 4 0.375 9
v 5 0.375 8
v 4 0.375 8
v 5 0.375 9
v 5 0.375 9
v 6 0.375 8
v 5 0.375 8
v 6 0.375 9
v 6 0.375 9
v 7 0.375 8
v 6 0.375 8
v 7 0.375 9
v 7 0.375 9
v 8 0.375 8
v 7 0.375 8
v 8 0.375 9
v 8 0.375 9
v 9 0.375 8
v 8 0.375 8
v 9 0.375 9
v 9 0.375 9
v 10 0.375 8
v 9 0.375 8
v 10 0.375 9
v -9 0.375 9
v -8 -1.9375 8
v -9 -1.9375 8
v -8 0.375 9
v 11 0.375 9
v 12 1.5625 8
v 11 0.375 8
v 12 1.5625 9
v 12 1.5625 9
v 13 1.5625 8
v 12 1.5625 8
v 13 1.5625 9
v 13 1.5625 9
v 14 1.5625 8
v 13 1.5625 8
v 14 1.5625 9
v 14 1.5625 9
v 15 1.5625 8
v 14 1.5625 8
v 15 1.5625 9
v 15 1.5625 9
v 16 0.375 8
v 15 1.5625 8
v 16 0.375 9
v 16 0.375 9
v 17 0.375 8
v 16 0.375 8
v 17 0.375 9
v 17 0.375 9
v 18 0.375 8
v 17 0.375 8
v 18 0.375 9
v 18 0.375 9
v 19 0.375 8
v 18 0.375 8
v 19 0.375 9
v 3 0.375 10
v 4 0.375 9
v 3 0.375 9
v 4 0.375 10
v 4 0.375 10
v 5 0.375 9
v 4 0.375 9
v 5 0.375 10
v 5 0.375 10
v 6 0.375 9
v 5 0.375 9
v 6 0.375 10
v 6 0.375 10
v 7 0.375 9
v 6 0.375 9
v 7 0.375 10
v 7 0.375 10
v 8 0.375 9
v 7 0.375 9
v 8 0.375 10
v 8 0.375 10
v 9 0.375 9
v 8 0.375 9
v 9 0.375 10
v 9 0.375 10
v 10 0.375 9
v 9 0.375 9
v 10 0.375 10
v 10 0.375 10
v 11 0.375 9
v 10 0.375 9
v 11 0.375 10
v 11 0.375 10
v 12 1.5625 9
v 11 0.375 9
v 12 0.375 10
v 12 0.375 10
v 13 1.5625 9
v 12 1.5625 9
v 13 0.375 10
v 13 0.375 10
v 14 1.5625 9
v 13 1.5625 9
v 14 0.375 10
v 14 0.375 10
v 15 1.5625 9
v 14 1.5625 9
v 15 0.375 10
v 15 0.375 10
v 16 0.375 9
v 15 1.5625 9
v 16 0.375 10
v 16 0.375 10
v 17 0.375 9
v 16 0.375 9
v 17 0.375 10
v 17 0.375 10
v 18 0.375 9
v 17 0.375 9
v 18 0.375 10
v 18 0.375 10
v 19 0.375 9
v 18 0.375 9
v 19 0.375 10
v 3 0.375 11
v 4 0.375 10
v 3 0.375 10
v 4 0.375 11
v 4 0.375 11
v 5 0.375 10
v 4 0.375 10
v 5 0.375 11
v 5 0.375 11
v 6 0.375 10
v 5 0.375 10
v 6 0.375 11
v 6 0.375 11
v 7 0.375 10
v 6 0.375 10
v 7 0.375 11
v 7 0.375 11
v 8 0.375 10
v 7 0.375 10
v 8 0.375 11
v 8 0.375 11
v 9 0.375 10
v 8 0.375 10
v 9 0.375 11
v 9 0.375 11
v 10 0.375 10
v 9 0.375 10
v 10 0.375 11
v 10 0.375 11
v 11 0.375 10
v 10 0.375 10
v 11 0.375 11
v 11 0.375 11
v 12 0.375 10
v 11 0.375 10
v 12 0.375 11
v 12 0.375 11
v 13 0.375 10
v 12 0.375 10
v 13 0.375 11
v 13 0.375 11
v 14 0.375 10
v 13 0.375 10
v 14 0.375 11
v 14 0.375 11
v 15 0.375 10
v 14 0.375 10
v 15 0.375 11
v 15 0.375 11
v 16 0.375 10
v 15 0.375 10
v 16 0.375 11
v 16 0.375 11
v 17 0.375 10
v 16 0.375 10
v 17 0.375 11
v 17 0.375 11
v 18 0.375 10
v 17 0.375 10
v 18 0.375 11
v 18 0.375 11
v 19 0.375 10
v 18 0.375 10
v 19 0.375 11
v 3 0.375 12
v 4 0.375 11
v 3 0.375 11
v 4 0.375 12
v 4 0.375 12
v 5 0.375 11
v 4 0.375 11
v 5 0.375 12
v 5 0.375 12
v 6 0.375 11
v 5 0.375 11
v 6 0.375 12
v 6 0.375 12
v 7 0.375 11
v 6 0.375 11
v 7 0.375 12
v 7 0.375 12
v 8 0.375 11
v 7 0.375 11
v 8 0.375 12
v 8 0.375 12
v 9 0.375 11
v 8 0.375 11
v 9 0.375 12
v 9 0.375 12
v 10 0.375 11
v 9 0.375 11
v 10 0.375 12
v 10 0.375 12
v 11 0.375 11
v 10 0.375 11
v 11 0.375 12
v 11 0.375 12
v 12 0.375 11
v 11 0.375 11
v 12 0.375 12
v 12 0.375 12
v 13 0.375 11
v 12 0.375 11
v 13 0.375 12
v 13 0.375 12
v 14 0.375 11
v 13 0.375 11
v 14 0.375 12
v 14 0.375 12
v 15 0.375 11
v 14 0.375 11
v 15 0.375 12
v 15 0.375 12
v 16 0.375 11
v 15 0.375 11
v 16 0.375 12
v 16 0.375 12
v 17 0.375 11
v 16 0.375 11
v 17 0.375 12
v 17 0.375 12
v 18 0.375 11
v 17 0.375 11
v 18 0.375 12
v 18 0.375 12
v 19 0.375 11
v 18 0.375 11
v 19 0.375 12
v 3 0.375 13
v 4 0.375 12
v 3 0.375 12
v 4 0.375 13
v 4 0.375 13
v 5 0.375 12
v 4 0.375 12
v 5 0.375 13
v 6 0.375 13
v 7 0.375 12
v 6 0.375 12
v 7 0.375 13
v 7 0.375 13
v 8 0.375 12
v 7 0.375 12
v 8 0.375 13
v 8 0.375 13
v 9 0.375 12
v 8 0.375 12
v 9 0.375 13
v 9 0.375 13
v 10 0.375 12
v 9 0.375 12
v 10 0.375 13
v 10 0.375 13
v 11 0.375 12
v 10 0.375 12
v 11 0.375 13
v 11 0.375 13
v 12 0.375 12
v 11 0.375 12
v 12 0.375 13
v 12 0.375 13
v 13 0.375 12
v 12 0.375 12
v 13 0.375 13
v 13 0.375 13
v 14 0.375 12
v 13 0.375 12
v 14 0.375 13
v 14 0.375 13
v 15 0.375 12
v 14 0.375 12
v 15 0.375 13
v 15 0.375 13
v 16 0.375 12
v 15 0.375 12
v 16 0.375 13
v 16 0.375 13
v 17 0.375 12
v 16 0.375 12
v 17 0.375 13
v 17 0.375 13
v 18 0.375 12
v 17 0.375 12
v 18 0.375 13
v 18 0.375 13
v 19 0.375 12
v 18 0.375 12
v 19 0.375 13
v 5 0.375 13
v 6 0.375 12
v 5 0.375 12
v 6 0.375 13
v -13 0.375 -2
v -12 0.375 -3
v -13 0.375 -3
v -12 0.375 -2
v -12 0.375 -2
v -11 0.375 -3
v -12 0.375 -3
v -11 0.375 -2
v -11 0.375 -2
v -10 0.375 -3
v -11 0.375 -3
v -10 0.375 -2
v -10 0.375 -2
v -9 0.375 -3
v -10 0.375 -3
v -9 0.375 -2
v -9 0.375 -2
v -8 0.375 -3
v -9 0.375 -3
v -8 0.375 -2
v -8 0.375 -2
v -7 0.375 -3
v -8 0.375 -3
v -7 0.375 -2
v -7 0.375 -2
v -6 0.375 -3
v -7 0.375 -3
v -6 0.375 -2
v -6 0.375 -2
v -5 0.375 -3
v -6 0.375 -3
v -5 0.375 -2
v -4 -1.9375 6
v -3 -1.9375 5
v -4 -1.9375 5
v -3 -1.9375 6
v -5 -1.9375 3
v -4 -1.9375 2
v -5 -1.9375 2
v -4 -1.9375 3
v -2 -1.9375 -2
v -1 -1.9375 -3
v -2 -1.9375 -3
v -1 -1.9375 -2
v 0 0.375 -2
v 1 0.375 -3
v 0 0.375 -3
v 1 0.375 -2
v 1 0.375 -2
v 2 0.375 -3
v 1 0.375 -3
v 2 0.375 -2
v 2 0.375 -2
v 3 0.375 -3
v 2 0.375 -3
v 3 0.375 -2
v -13 0.375 -1
v -12 0.375 -2
v -13 0.375 -2
v -12 0.375 -1
v -12 0.375 -1
v -11 0.375 -2
v -12 0.375 -2
v -11 0.375 -1
v -11 0.375 -1
v -10 0.375 -2
v -11 0.375 -2
v -10 0.375 -1
v -10 0.375 -1
v -9 0.375 -2
v -10 0.375 -2
v -9 0.375 -1
v -6 2.375 13
v -7 3.375 13
v -6 3.375 13
v -7 2.375 13
v -5 2.375 13
v -6 3.375 13
v -5 3.375 13
v -6 2.375 13
v -2 -1.9375 -1
v -1 -1.9375 -2
v -2 -1.9375 -2
v -1 -1.9375 -1
v 0 0.375 -1
v 1 0.375 -2
v 0 0.375 -2
v 1 0.375 -1
v 1 0.375 -1
v 2 0.375 -2
v 1 0.375 -2
v 2 0.375 -1
v 2 0.375 -1
v 3 0.375 -2
v 2 0.375 -2
v 3 0.375 -1
v -13 0.375 0
v -12 0.375 -1
v -13 0.375 -1
v -12 0.375 0
v -12 0.375 0
v -11 0.375 -1
v -12 0.375 -1
v -11 0.375 0
v -11 0.375 0
v -10 0.375 -1
v -11 0.375 -1
v -10 0.375 0
v -8 1.375 -11
v -7 1.375 -12
v -8 1.375 -12
v -7 1.375 -11
v -8 1.375 -10
v -7 1.375 -11
v -8 1.375 -11
v -7 1.375 -10
v 13 0.375 -12
v 14 0.375 -13
v 13 0.375 -13
v 14 0.375 -12
v -7 2.375 13
v -8 3.375 13
v -7 3.375 13
v -8 2.375 13
v 0 0.375 0
v 1 0.375 -1
v 0 0.375 -1
v 1 0.375 0
v 1 0.375 0
v 2 0.375 -1
v 1 0.375 -1
v 2 0.375 0
v 2 0.375 0
v 3 0.375 -1
v 2 0.375 -1
v 3 0.375 0
v -13 0.375 1
v -12 0.375 0
v -13 0.375 0
v -12 0.375 1
v -12 0.375 1
v -11 0.375 0
v -12 0.375 0
v -11 0.375 1
v -11 0.375 1
v -10 0.375 0
v -11 0.375 0
v -10 0.375 1
v -4 -1.9375 2
v -3 -1.9375 1
v -4 -1.9375 1
v -3 -1.9375 2
v -4 -1.9375 3
v -3 -1.9375 2
v -4 -1.9375 2
v -3 -1.9375 3
v 6 0.375 -7
v 7 0.375 -8
v 6 0.375 -8
v 7 0.375 -7
v -5 -1.9375 1
v -4 -1.9375 0
v -5 -1.9375 0
v -4 -1.9375 1
v -4 2.375 13
v -5 3.375 13
v -4 3.375 13
v -5 2.375 13
v -2 0.375 1
v -1 0.375 0
v -2 0.375 0
v -1 0.375 1
v -1 0.375 1
v 0 0.375 0
v -1 0.375 0
v 0 0.375 1
v 0 0.375 1
v 1 0.375 0
v 0 0.375 0
v 1 0.375 1
v 1 0.375 1
v 2 0.375 0
v 1 0.375 0
v 2 0.375 1
v 2 0.375 1
v 3 0.375 0
v 2 0.375 0
v 3 0.375 1
v -13 0.375 2
v -12 0.375 1
v -13 0.375 1
v -12 0.375 2
v -12 0.375 2
v -11 0.375 1
v -12 0.375 1
v -11 0.375 2
v -11 0.375 2
v -10 0.375 1
v -11 0.375 1
v -10 0.375 2
v -4 -1.9375 7
v -3 -1.9375 6
v -4 -1.9375 6
v -3 -1.9375 7
v -7 -1.9375 2
v -6 -1.9375 1
v -7 -1.9375 1
v -6 -1.9375 2
v -4 -1.9375 5
v -3 -1.9375 4
v -4 -1.9375 4
v -3 -1.9375 5
v -9 -1.9375 7
v -8 -1.9375 6
v -9 -1.9375 6
v -8 -1.9375 7
v -3 2.375 13
v -4 3.375 13
v -3 3.375 13
v -4 2.375 13
v -2 0.375 2
v -1 0.375 1
v -2 0.375 1
v -1 0.375 2
v -1 0.375 2
v 0 0.375 1
v -1 0.375 1
v 0 0.375 2
v 0 0.375 2
v 1 0.375 1
v 0 0.375 1
v 1 0.375 2
v 1 0.375 2
v 2 0.375 1
v 1 0.375 1
v 2 0.375 2
v 2 0.375 2
v 3 0.375 1
v 2 0.375 1
v 3 0.375 2
v -13 0.375 3
v -12 0.375 2
v -13 0.375 2
v -12 0.375 3
v -12 0.375 3
v -11 0.375 2
v -12 0.375 2
v -11 0.375 3
v -11 0.375 3
v -10 0.375 2
v -11 0.375 2
v -10 0.375 3
v -4 -1.9375 4
v -3 -1.9375 3
v -4 -1.9375 3
v -3 -1.9375 4
v -7 -1.9375 3
v -6 -1.9375 2
v -7 -1.9375 2
v -6 -1.9375 3
v -6 -1.9375 3
v -5 -1.9375 2
v -6 -1.9375 2
v -5 -1.9375 3
v -9 -1.9375 8
v -8 -1.9375 7
v -9 -1.9375 7
v -8 -1.9375 8
v -2 2.375 13
v -3 3.375 13
v -2 3.375 13
v -3 2.375 13
v -2 0.375 3
v -1 0.375 2
v -2 0.375 2
v -1 0.375 3
v -1 0.375 3
v 0 0.375 2
v -1 0.375 2
v 0 0.375 3
v 0 0.375 3
v 1 0.375 2
v 0 0.375 2
v 1 0.375 3
v 1 0.375 3
v 2 0.375 2
v 1 0.375 2
v 2 0.375 3
v 2 0.375 3
v 3 0.375 2
v 2 0.375 2
v 3 0.375 3
v -13 0.375 4
v -12 0.375 3
v -13 0.375 3
v -12 0.375 4
v -12 0.375 4
v -11 0.375 3
v -12 0.375 3
v -11 0.375 4
v -11 0.375 4
v -10 0.375 3
v -11 0.375 3
v -10 0.375 4
v -8 -1.9375 4
v -7 -1.9375 3
v -8 -1.9375 3
v -7 -1.9375 4
v -4 -1.9375 1
v -3 -1.9375 0
v -4 -1.9375 0
v -3 -1.9375 1
v -6 -1.9375 4
v -5 -1.9375 3
v -6 -1.9375 3
v -5 -1.9375 4
v -5 -1.9375 4
v -4 -1.9375 3
v -5 -1.9375 3
v -4 -1.9375 4
v -1 2.375 13
v -2 3.375 13
v -1 3.375 13
v -2 2.375 13
v -2 0.375 4
v -1 0.375 3
v -2 0.375 3
v -1 0.375 4
v -1 0.375 4
v 0 0.375 3
v -1 0.375 3
v 0 0.375 4
v 0 0.375 4
v 1 0.375 3
v 0 0.375 3
v 1 0.375 4
v 1 0.375 4
v 2 0.375 3
v 1 0.375 3
v 2 0.375 4
v 2 0.375 4
v 3 0.375 3
v 2 0.375 3
v 3 0.375 4
v -13 0.375 5
v -12 0.375 4
v -13 0.375 4
v -12 0.375 5
v -12 0.375 5
v -11 0.375 4
v -12 0.375 4
v -11 0.375 5
v -11 0.375 5
v -10 0.375 4
v -11 0.375 4
v -10 0.375 5
v -8 -1.9375 5
v -7 -1.9375 4
v -8 -1.9375 4
v -7 -1.9375 5
v -7 -1.9375 5
v -6 -1.9375 4
v -7 -1.9375 4
v -6 -1.9375 5
v -4 0.375 9
v -3 0.375 8
v -4 0.375 8
v -3 0.375 9
v -8 -1.9375 7
v -7 -1.9375 6
v -8 -1.9375 6
v -7 -1.9375 7
v 0 2.375 13
v -1 3.375 13
v 0 3.375 13
v -1 2.375 13
v -2 0.375 5
v -1 0.375 4
v -2 0.375 4
v -1 0.375 5
v -1 0.375 5
v 0 0.375 4
v -1 0.375 4
v 0 0.375 5
v 0 0.375 5
v 1 0.375 4
v 0 0.375 4
v 1 0.375 5
v 1 0.375 5
v 2 0.375 4
v 1 0.375 4
v 2 0.375 5
v 2 0.375 5
v 3 0.375 4
v 2 0.375 4
v 3 0.375 5
v -13 0.375 6
v -12 0.375 5
v -13 0.375 5
v -12 0.375 6
v -12 0.375 6
v -11 0.375 5
v -12 0.375 5
v -11 0.375 6
v -11 0.375 6
v -10 0.375 5
v -11 0.375 5
v -10 0.375 6
v -8 1.375 -13
v -7 1.375 -14
v -8 1.375 -14
v -7 1.375 -13
v -9 -1.9375 5
v -8 -1.9375 4
v -9 -1.9375 4
v -8 -1.9375 5
v -5 -1.9375 6
v -4 -1.9375 5
v -5 -1.9375 5
v -4 -1.9375 6
v 1 2.375 13
v 0 3.375 13
v 1 3.375 13
v 0 2.375 13
v -2 0.375 6
v -1 0.375 5
v -2 0.375 5
v -1 0.375 6
v -1 0.375 6
v 0 0.375 5
v -1 0.375 5
v 0 0.375 6
v 0 0.375 6
v 1 0.375 5
v 0 0.375 5
v 1 0.375 6
v 1 0.375 6
v 2 0.375 5
v 1 0.375 5
v 2 0.375 6
v 2 0.375 6
v 3 0.375 5
v 2 0.375 5
v 3 0.375 6
v -13 0.375 7
v -12 0.375 6
v -13 0.375 6
v -12 0.375 7
v -12 0.375 7
v -11 0.375 6
v -12 0.375 6
v -11 0.375 7
v -11 0.375 7
v -10 0.375 6
v -11 0.375 6
v -10 0.375 7
v -7 1.375 -14
v -6 0.375 -15
v -7 0.375 -15
v -6 0.375 -14
v -9 -1.9375 4
v -8 -1.9375 3
v -9 -1.9375 3
v -8 -1.9375 4
v -5 -1.9375 5
v -4 -1.9375 4
v -5 -1.9375 4
v -4 -1.9375 5
v -5 -1.9375 7
v -4 -1.9375 6
v -5 -1.9375 6
v -4 -1.9375 7
v 2 2.375 13
v 1 3.375 13
v 2 3.375 13
v 1 2.375 13
v -2 0.375 7
v -1 0.375 6
v -2 0.375 6
v -1 0.375 7
v -1 0.375 7
v 0 0.375 6
v -1 0.375 6
v 0 0.375 7
v 0 0.375 7
v 1 0.375 6
v 0 0.375 6
v 1 0.375 7
v 1 0.375 7
v 2 0.375 6
v 1 0.375 6
v 2 0.375 7
v 2 0.375 7
v 3 0.375 6
v 2 0.375 6
v 3 0.375 7
v -13 0.375 8
v -12 0.375 7
v -13 0.375 7
v -12 0.375 8
v -12 0.375 8
v -11 0.375 7
v -12 0.375 7
v -11 0.375 8
v -11 0.375 8
v -10 0.375 7
v -11 0.375 7
v -10 0.375 8
v -9 -1.9375 6
v -8 -1.9375 5
v -9 -1.9375 5
v -8 -1.9375 6
v 3 2.375 13
v 2 3.375 13
v 3 3.375 13
v 2 2.375 13
v -2 0.375 8
v -1 0.375 7
v -2 0.375 7
v -1 0.375 8
v -1 0.375 8
v 0 0.375 7
v -1 0.375 7
v 0 0.375 8
v 0 0.375 8
v 1 0.375 7
v 0 0.375 7
v 1 0.375 8
v 1 0.375 8
v 2 0.375 7
v 1 0.375 7
v 2 0.375 8
v 2 0.375 8
v 3 0.375 7
v 2 0.375 7
v 3 0.375 8
v -13 0.375 9
v -12 0.375 8
v -13 0.375 8
v -12 0.375 9
v -12 0.375 9
v -11 0.375 8
v -12 0.375 8
v -11 0.375 9
v -11 0.375 9
v -10 0.375 8
v -11 0.375 8
v -10 0.375 9
v -7 0.375 9
v -6 0.375 8
v -7 0.375 8
v -6 0.375 9
v -6 0.375 9
v -5 0.375 8
v -6 0.375 8
v -5 0.375 9
v -5 0.375 9
v -4 0.375 8
v -5 0.375 8
v -4 0.375 9
v 4 2.375 13
v 3 3.375 13
v 4 3.375 13
v 3 2.375 13
v -3 0.375 9
v -2 0.375 8
v -3 0.375 8
v -2 0.375 9
v -2 0.375 9
v -1 0.375 8
v -2 0.375 8
v -1 0.375 9
v -1 0.375 9
v 0 0.375 8
v -1 0.375 8
v 0 0.375 9
v 0 0.375 9
v 1 0.375 8
v 0 0.375 8
v 1 0.375 9
v 1 0.375 9
v 2 0.375 8
v 1 0.375 8
v 2 0.375 9
v 2 0.375 9
v 3 0.375 8
v 2 0.375 8
v 3 0.375 9
v -13 0.375 10
v -12 0.375 9
v -13 0.375 9
v -12 0.375 10
v -12 0.375 10
v -11 0.375 9
v -12 0.375 9
v -11 0.375 10
v -11 0.375 10
v -10 0.375 9
v -11 0.375 9
v -10 0.375 10
v -10 0.375 10
v -9 0.375 9
v -10 0.375 9
v -9 0.375 10
v -9 0.375 10
v -8 0.375 9
v -9 0.375 9
v -8 0.375 10
v -8 0.375 10
v -7 0.375 9
v -8 0.375 9
v -7 0.375 10
v -7 0.375 10
v -6 0.375 9
v -7 0.375 9
v -6 0.375 10
v -6 0.375 10
v -5 0.375 9
v -6 0.375 9
v -5 0.375 10
v -5 0.375 10
v -4 0.375 9
v -5 0.375 9
v -4 0.375 10
v -4 0.375 10
v -3 0.375 9
v -4 0.375 9
v -3 0.375 10
v -3 0.375 10
v -2 0.375 9
v -3 0.375 9
v -2 0.375 10
v -2 0.375 10
v -1 0.375 9
v -2 0.375 9
v -1 0.375 10
v -1 0.375 10
v 0 0.375 9
v -1 0.375 9
v 0 0.375 10
v 0 2.375 10
v 1 2.375 9
v 0 2.375 9
v 1 2.375 10
v 1 0.375 10
v 2 0.375 9
v 1 0.375 9
v 2 0.375 10
v 2 0.375 10
v 3 0.375 9
v 2 0.375 9
v 3 0.375 10
v -13 0.375 11
v -12 0.375 10
v -13 0.375 10
v -12 0.375 11
v -12 0.375 11
v -11 0.375 10
v -12 0.375 10
v -11 0.375 11
v -11 0.375 11
v -10 0.375 10
v -11 0.375 10
v -10 0.375 11
v -10 0.375 11
v -9 0.375 10
v -10 0.375 10
v -9 0.375 11
v -9 0.375 11
v -8 0.375 10
v -9 0.375 10
v -8 0.375 11
v -8 0.375 11
v -7 0.375 10
v -8 0.375 10
v -7 0.375 11
v -7 0.375 11
v -6 0.375 10
v -7 0.375 10
v -6 0.375 11
v -6 0.375 11
v -5 0.375 10
v -6 0.375 10
v -5 0.375 11
v -5 0.375 11
v -4 0.375 10
v -5 0.375 10
v -4 0.375 11
v -4 0.375 11
v -3 0.375 10
v -4 0.375 10
v -3 0.375 11
v -3 0.375 11
v -2 0.375 10
v -3 0.375 10
v -2 0.375 11
v 15 1.375 -16
v 15 2.375 -15
v 15 2.375 -16
v 15 1.375 -15
v -1 0.375 11
v 0 0.375 10
v -1 0.375 10
v 0 0.375 11
v 0 0.375 11
v 1 0.375 10
v 0 0.375 10
v 1 0.375 11
v 1 0.375 11
v 2 0.375 10
v 1 0.375 10
v 2 0.375 11
v 2 0.375 11
v 3 0.375 10
v 2 0.375 10
v 3 0.375 11
v -13 0.375 12
v -12 0.375 11
v -13 0.375 11
v -12 0.375 12
v -12 0.375 12
v -11 0.375 11
v -12 0.375 11
v -11 0.375 12
v -11 0.375 12
v -10 0.375 11
v -11 0.375 11
v -10 0.375 12
v -10 0.375 12
v -9 0.375 11
v -10 0.375 11
v -9 0.375 12
v -9 0.375 12
v -8 0.375 11
v -9 0.375 11
v -8 0.375 12
v -8 0.375 12
v -7 0.375 11
v -8 0.375 11
v -7 0.375 12
v -7 0.375 12
v -6 0.375 11
v -7 0.375 11
v -6 0.375 12
v -6 0.375 12
v -5 0.375 11
v -6 0.375 11
v -5 0.375 12
v -5 0.375 12
v -4 0.375 11
v -5 0.375 11
v -4 0.375 12
v -4 0.375 12
v -3 0.375 11
v -4 0.375 11
v -3 0.375 12
v -3 0.375 12
v -2 0.375 11
v -3 0.375 11
v -2 0.375 12
v -2 0.375 12
v -1 0.375 11
v -2 0.375 11
v -1 0.375 12
v -1 0.375 12
v 0 0.375 11
v -1 0.375 11
v 0 0.375 12
v 0 0.375 12
v 1 0.375 11
v 0 0.375 11
v 1 0.375 12
v 1 0.375 12
v 2 0.375 11
v 1 0.375 11
v 2 0.375 12
v 2 0.375 12
v 3 0.375 11
v 2 0.375 11
v 3 0.375 12
v -13 0.375 13
v -12 0.375 12
v -13 0.375 12
v -12 0.375 13
v -12 0.375 13
v -11 0.375 12
v -12 0.375 12
v -11 0.375 13
v -11 0.375 13
v -10 0.375 12
v -11 0.375 12
v -10 0.375 13
v -10 0.375 13
v -9 0.375 12
v -10 0.375 12
v -9 0.375 13
v -9 0.375 13
v -8 0.375 12
v -9 0.375 12
v -8 0.375 13
v -8 0.375 13
v -7 0.375 12
v -8 0.375 12
v -7 0.375 13
v -7 0.375 13
v -6 0.375 12
v -7 0.375 12
v -6 0.375 13
v -6 0.375 13
v -5 0.375 12
v -6 0.375 12
v -5 0.375 13
v -5 0.375 13
v -4 0.375 12
v -5 0.375 12
v -4 0.375 13
v -4 0.375 13
v -3 0.375 12
v -4 0.375 12
v -3 0.375 13
v -3 0.375 13
v -2 0.375 12
v -3 0.375 12
v -2 0.375 13
v -2 0.375 13
v -1 0.375 12
v -2 0.375 12
v -1 0.375 13
v -1 0.375 13
v 0 0.375 12
v -1 0.375 12
v 0 0.375 13
v 0 0.375 13
v 1 0.375 12
v 0 0.375 12
v 1 0.375 13
v 1 0.375 13
v 2 0.375 12
v 1 0.375 12
v 2 0.375 13
v 2 0.375 13
v 3 0.375 12
v 2 0.375 12
v 3 0.375 13
v 19 0.375 -19
v 18 2.375 -19
v 19 2.375 -19
v 18 0.375 -19
v 18 0.375 -19
v 17 2.375 -19
v 18 2.375 -19
v 17 0.375 -19
v 17 0.375 -19
v 16 2.375 -19
v 17 2.375 -19
v 16 0.375 -19
v 16 0.375 -19
v 15 2.375 -19
v 16 2.375 -19
v 15 0.375 -19
v 15 0.375 -19
v 14 2.375 -19
v 15 2.375 -19
v 14 0.375 -19
v 14 0.375 -19
v 13 2.375 -19
v 14 2.375 -19
v 13 0.375 -19
v 13 0.375 -19
v 12 2.375 -19
v 13 2.375 -19
v 12 0.375 -19
v 12 0.375 -19
v 11 2.375 -19
v 12 2.375 -19
v 11 0.375 -19
v 11 0.375 -19
v 10 2.375 -19
v 11 2.375 -19
v 10 0.375 -19
v 10 0.375 -19
v 9 2.375 -19
v 10 2.375 -19
v 9 0.375 -19
v 9 0.375 -19
v 8 2.375 -19
v 9 2.375 -19
v 8 0.375 -19
v 8 0.375 -19
v 7 2.375 -19
v 8 2.375 -19
v 7 0.375 -19
v 7 0.375 -19
v 6 2.375 -19
v 7 2.375 -19
v 6 0.375 -19
v 6 0.375 -19
v 5 2.375 -19
v 6 2.375 -19
v 5 0.375 -19
v 5 0.375 -19
v 4 2.375 -19
v 5 2.375 -19
v 4 0.375 -19
v 4 0.375 -19
v 3 2.375 -19
v 4 2.375 -19
v 3 0.375 -19
v 3 0.375 -19
v 2 2.375 -19
v 3 2.375 -19
v 2 0.375 -19
v 2 0.375 -19
v 1 2.375 -19
v 2 2.375 -19
v 1 0.375 -19
v 1 0.375 -19
v 0 2.375 -19
v 1 2.375 -19
v 0 0.375 -19
v 0 0.375 -19
v -1 2.375 -19
v 0 2.375 -19
v -1 0.375 -19
v -1 0.375 -19
v -2 2.375 -19
v -1 2.375 -19
v -2 0.375 -19
v -2 0.375 -19
v -3 2.375 -19
v -2 2.375 -19
v -3 0.375 -19
v -3 0.375 -19
v -4 2.375 -19
v -3 2.375 -19
v -4 0.375 -19
v -4 0.375 -19
v -5 2.375 -19
v -4 2.375 -19
v -5 0.375 -19
v -5 0.375 -19
v -6 2.375 -19
v -5 2.375 -19
v -6 0.375 -19
v -6 0.375 -19
v -7 2.375 -19
v -6 2.375 -19
v -7 0.375 -19
v -7 0.375 -19
v -8 2.375 -19
v -7 2.375 -19
v -8 0.375 -19
v -8 0.375 -19
v -9 2.375 -19
v -8 2.375 -19
v -9 0.375 -19
v -9 0.375 -19
v -10 2.375 -19
v -9 2.375 -19
v -10 0.375 -19
v -10 0.375 -19
v -11 2.375 -19
v -10 2.375 -19
v -11 0.375 -19
v -11 0.375 -19
v -12 2.375 -19
v -11 2.375 -19
v -12 0.375 -19
v -12 0.375 -19
v -13 2.375 -19
v -12 2.375 -19
v -13 0.375 -19
v -13 0.375 -19
v -12 2.375 -19
v -13 2.375 -19
v -12 0.375 -19
v -12 0.375 -19
v -11 2.375 -19
v -12 2.375 -19
v -11 0.375 -19
v -11 0.375 -19
v -10 2.375 -19
v -11 2.375 -19
v -10 0.375 -19
v -10 0.375 -19
v -9 2.375 -19
v -10 2.375 -19
v -9 0.375 -19
v -9 0.375 -19
v -8 2.375 -19
v -9 2.375 -19
v -8 0.375 -19
v -8 0.375 -19
v -7 2.375 -19
v -8 2.375 -19
v -7 0.375 -19
v -7 0.375 -19
v -6 2.375 -19
v -7 2.375 -19
v -6 0.375 -19
v -6 0.375 -19
v -5 2.375 -19
v -6 2.375 -19
v -5 0.375 -19
v -5 0.375 -19
v -4 2.375 -19
v -5 2.375 -19
v -4 0.375 -19
v -4 0.375 -19
v -3 2.375 -19
v -4 2.375 -19
v -3 0.375 -19
v -3 0.375 -19
v -2 2.375 -19
v -3 2.375 -19
v -2 0.375 -19
v -2 0.375 -19
v -1 2.375 -19
v -2 2.375 -19
v -1 0.375 -19
v -1 0.375 -19
v 0 2.375 -19
v -1 2.375 -19
v 0 0.375 -19
v 0 0.375 -19
v 1 2.375 -19
v 0 2.375 -19
v 1 0.375 -19
v 1 0.375 -19
v 2 2.375 -19
v 1 2.375 -19
v 2 0.375 -19
v 2 0.375 -19
v 3 2.375 -19
v 2 2.375 -19
v 3 0.375 -19
v 3 0.375 -19
v 4 2.375 -19
v 3 2.375 -19
v 4 0.375 -19
v 4 0.375 -19
v 5 2.375 -19
v 4 2.375 -19
v 5 0.375 -19
v 5 0.375 -19
v 6 2.375 -19
v 5 2.375 -19
v 6 0.375 -19
v 6 0.375 -19
v 7 2.375 -19
v 6 2.375 -19
v 7 0.375 -19
v 7 0.375 -19
v 8 2.375 -19
v 7 2.375 -19
v 8 0.375 -19
v 8 0.375 -19
v 9 2.375 -19
v 8 2.375 -19
v 9 0.375 -19
v 9 0.375 -19
v 10 2.375 -19
v 9 2.375 -19
v 10 0.375 -19
v 10 0.375 -19
v 11 2.375 -19
v 10 2.375 -19
v 11 0.375 -19
v 11 0.375 -19
v 12 2.375 -19
v 11 2.375 -19
v 12 0.375 -19
v 12 0.375 -19
v 13 2.375 -19
v 12 2.375 -19
v 13 0.375 -19
v 13 0.375 -19
v 14 2.375 -19
v 13 2.375 -19
v 14 0.375 -19
v 14 0.375 -19
v 15 2.375 -19
v 14 2.375 -19
v 15 0.375 -19
v 15 0.375 -19
v 16 2.375 -19
v 15 2.375 -19
v 16 0.375 -19
v 16 0.375 -19
v 17 2.375 -19
v 16 2.375 -19
v 17 0.375 -19
v 17 0.375 -19
v 18 2.375 -19
v 17 2.375 -19
v 18 0.375 -19
v 18 0.375 -19
v 19 2.375 -19
v 18 2.375 -19
v 19 0.375 -19
v -13 2.375 -19
v -12 3.375 -19
v -13 3.375 -19
v -12 2.375 -19
v -12 2.375 -19
v -11 3.375 -19
v -12 3.375 -19
v -11 2.375 -19
v -11 2.375 -19
v -10 3.375 -19
v -11 3.375 -19
v -10 2.375 -19
v -10 2.375 -19
v -9 3.375 -19
v -10 3.375 -19
v -9 2.375 -19
v -9 2.375 -19
v -8 3.375 -19
v -9 3.375 -19
v -8 2.375 -19
v -8 2.375 -19
v -7 3.375 -19
v -8 3.375 -19
v -7 2.375 -19
v -7 2.375 -19
v -6 3.375 -19
v -7 3.375 -19
v -6 2.375 -19
v -6 2.375 -19
v -5 3.375 -19
v -6 3.375 -19
v -5 2.375 -19
v -5 2.375 -19
v -4 3.375 -19
v -5 3.375 -19
v -4 2.375 -19
v -4 2.375 -19
v -3 3.375 -19
v -4 3.375 -19
v -3 2.375 -19
v -3 2.375 -19
v -2 3.375 -19
v -3 3.375 -19
v -2 2.375 -19
v -2 2.375 -19
v -1 3.375 -19
v -2 3.375 -19
v -1 2.375 -19
v -1 2.375 -19
v 0 3.375 -19
v -1 3.375 -19
v 0 2.375 -19
v 0 2.375 -19
v 1 3.375 -19
v 0 3.375 -19
v 1 2.375 -19
v 1 2.375 -19
v 2 3.375 -19
v 1 3.375 -19
v 2 2.375 -19
v 2 2.375 -19
v 3 3.375 -19
v 2 3.375 -19
v 3 2.375 -19
v 3 2.375 -19
v 4 3.375 -19
v 3 3.375 -19
v 4 2.375 -19
v 4 2.375 -19
v 5 3.375 -19
v 4 3.375 -19
v 5 2.375 -19
v 5 2.375 -19
v 6 3.375 -19
v 5 3.375 -19
v 6 2.375 -19
v 6 2.375 -19
v 7 3.375 -19
v 6 3.375 -19
v 7 2.375 -19
v 7 2.375 -19
v 8 3.375 -19
v 7 3.375 -19
v 8 2.375 -19
v 8 2.375 -19
v 9 3.375 -19
v 8 3.375 -19
v 9 2.375 -19
v 9 2.375 -19
v 10 3.375 -19
v 9 3.375 -19
v 10 2.375 -19
v 10 2.375 -19
v 11 3.375 -19
v 10 3.375 -19
v 11 2.375 -19
v 11 2.375 -19
v 12 3.375 -19
v 11 3.375 -19
v 12 2.375 -19
v 12 2.375 -19
v 13 3.375 -19
v 12 3.375 -19
v 13 2.375 -19
v 13 2.375 -19
v 14 3.375 -19
v 13 3.375 -19
v 14 2.375 -19
v 14 2.375 -19
v 15 3.375 -19
v 14 3.375 -19
v 15 2.375 -19
v 15 2.375 -19
v 16 3.375 -19
v 15 3.375 -19
v 16 2.375 -19
v 16 2.375 -19
v 17 3.375 -19
v 16 3.375 -19
v 17 2.375 -19
v 17 2.375 -19
v 18 3.375 -19
v 17 3.375 -19
v 18 2.375 -19
v 18 2.375 -19
v 19 3.375 -19
v 18 3.375 -19
v 19 2.375 -19
v 19 2.375 -19
v 18 3.375 -19
v 19 3.375 -19
v 18 2.375 -19
v 18 2.375 -19
v 17 3.375 -19
v 18 3.375 -19
v 17 2.375 -19
v 17 2.375 -19
v 16 3.375 -19
v 17 3.375 -19
v 16 2.375 -19
v 16 2.375 -19
v 15 3.375 -19
v 16 3.375 -19
v 15 2.375 -19
v 15 2.375 -19
v 14 3.375 -19
v 15 3.375 -19
v 14 2.375 -19
v 14 2.375 -19
v 13 3.375 -19
v 14 3.375 -19
v 13 2.375 -19
v 13 2.375 -19
v 12 3.375 -19
v 13 3.375 -19
v 12 2.375 -19
v 12 2.375 -19
v 11 3.375 -19
v 12 3.375 -19
v 11 2.375 -19
v 11 2.375 -19
v 10 3.375 -19
v 11 3.375 -19
v 10 2.375 -19
v 10 2.375 -19
v 9 3.375 -19
v 10 3.375 -19
v 9 2.375 -19
v 9 2.375 -19
v 8 3.375 -19
v 9 3.375 -19
v 8 2.375 -19
v 8 2.375 -19
v 7 3.375 -19
v 8 3.375 -19
v 7 2.375 -19
v 7 2.375 -19
v 6 3.375 -19
v 7 3.375 -19
v 6 2.375 -19
v 6 2.375 -19
v 5 3.375 -19
v 6 3.375 -19
v 5 2.375 -19
v 5 2.375 -19
v 4 3.375 -19
v 5 3.375 -19
v 4 2.375 -19
v 4 2.375 -19
v 3 3.375 -19
v 4 3.375 -19
v 3 2.375 -19
v 3 2.375 -19
v 2 3.375 -19
v 3 3.375 -19
v 2 2.375 -19
v 2 2.375 -19
v 1 3.375 -19
v 2 3.375 -19
v 1 2.375 -19
v 1 2.375 -19
v 0 3.375 -19
v 1 3.375 -19
v 0 2.375 -19
v 0 2.375 -19
v -1 3.375 -19
v 0 3.375 -19
v -1 2.375 -19
v -1 2.375 -19
v -2 3.375 -19
v -1 3.375 -19
v -2 2.375 -19
v -2 2.375 -19
v -3 3.375 -19
v -2 3.375 -19
v -3 2.375 -19
v -3 2.375 -19
v -4 3.375 -19
v -3 3.375 -19
v -4 2.375 -19
v -4 2.375 -19
v -5 3.375 -19
v -4 3.375 -19
v -5 2.375 -19
v -5 2.375 -19
v -6 3.375 -19
v -5 3.375 -19
v -6 2.375 -19
v -6 2.375 -19
v -7 3.375 -19
v -6 3.375 -19
v -7 2.375 -19
v -7 2.375 -19
v -8 3.375 -19
v -7 3.375 -19
v -8 2.375 -19
v -8 2.375 -19
v -9 3.375 -19
v -8 3.375 -19
v -9 2.375 -19
v -9 2.375 -19
v -10 3.375 -19
v -9 3.375 -19
v -10 2.375 -19
v -10 2.375 -19
v -11 3.375 -19
v -10 3.375 -19
v -11 2.375 -19
v -11 2.375 -19
v -12 3.375 -19
v -11 3.375 -19
v -12 2.375 -19
v -12 2.375 -19
v -13 3.375 -19
v -12 3.375 -19
v -13 2.375 -19
v -13 2.375 -19
v -13 3.375 -18
v -13 3.375 -19
v -13 2.375 -18
v -13 2.375 -18
v -13 3.375 -17
v -13 3.375 -18
v -13 2.375 -17
v -13 2.375 -17
v -13 3.375 -16
v -13 3.375 -17
v -13 2.375 -16
v -13 2.375 -16
v -13 3.375 -15
v -13 3.375 -16
v -13 2.375 -15
v -13 2.375 -15
v -13 3.375 -14
v -13 3.375 -15
v -13 2.375 -14
v -13 2.375 -14
v -13 3.375 -13
v -13 3.375 -14
v -13 2.375 -13
v -13 2.375 -13
v -13 3.375 -12
v -13 3.375 -13
v -13 2.375 -12
v -13 2.375 -12
v -13 3.375 -11
v -13 3.375 -12
v -13 2.375 -11
v -13 2.375 -11
v -13 3.375 -10
v -13 3.375 -11
v -13 2.375 -10
v -13 2.375 -10
v -13 3.375 -9
v -13 3.375 -10
v -13 2.375 -9
v -13 2.375 -9
v -13 3.375 -8
v -13 3.375 -9
v -13 2.375 -8
v -13 2.375 -8
v -13 3.375 -7
v -13 3.375 -8
v -13 2.375 -7
v -13 2.375 -7
v -13 3.375 -6
v -13 3.375 -7
v -13 2.375 -6
v -13 2.375 -6
v -13 3.375 -5
v -13 3.375 -6
v -13 2.375 -5
v -13 2.375 -5
v -13 3.375 -4
v -13 3.375 -5
v -13 2.375 -4
v -13 2.375 -4
v -13 3.375 -3
v -13 3.375 -4
v -13 2.375 -3
v -13 2.375 -3
v -13 3.375 -2
v -13 3.375 -3
v -13 2.375 -2
v -13 2.375 -2
v -13 3.375 -1
v -13 3.375 -2
v -13 2.375 -1
v -13 2.375 -1
v -13 3.375 0
v -13 3.375 -1
v -13 2.375 0
v -13 2.375 0
v -13 3.375 1
v -13 3.375 0
v -13 2.375 1
v -13 2.375 1
v -13 3.375 2
v -13 3.375 1
v -13 2.375 2
v -13 2.375 2
v -13 3.375 3
v -13 3.375 2
v -13 2.375 3
v -13 2.375 3
v -13 3.375 4
v -13 3.375 3
v -13 2.375 4
v -13 2.375 4
v -13 3.375 5
v -13 3.375 4
v -13 2.375 5
v -13 2.375 5
v -13 3.375 6
v -13 3.375 5
v -13 2.375 6
v -13 2.375 6
v -13 3.375 7
v -13 3.375 6
v -13 2.375 7
v -13 2.375 7
v -13 3.375 8
v -13 3.375 7
v -13 2.375 8
v -13 2.375 8
v -13 3.375 9
v -13 3.375 8
v -13 2.375 9
v -13 2.375 9
v -13 3.375 10
v -13 3.375 9
v -13 2.375 10
v -13 0.375 12
v -13 2.375 13
v -13 2.375 12
v -13 0.375 13
v -13 0.375 -18
v -13 2.375 -17
v -13 2.375 -18
v -13 0.375 -17
v -13 0.375 -17
v -13 2.375 -16
v -13 2.375 -17
v -13 0.375 -16
v -13 0.375 -16
v -13 2.375 -15
v -13 2.375 -16
v -13 0.375 -15
v -13 0.375 -15
v -13 2.375 -14
v -13 2.375 -15
v -13 0.375 -14
v -13 0.375 -14
v -13 2.375 -13
v -13 2.375 -14
v -13 0.375 -13
v -13 0.375 -13
v -13 2.375 -12
v -13 2.375 -13
v -13 0.375 -12
v -13 0.375 -12
v -13 2.375 -11
v -13 2.375 -12
v -13 0.375 -11
v -13 0.375 -11
v -13 2.375 -10
v -13 2.375 -11
v -13 0.375 -10
v -13 0.375 -10
v -13 2.375 -9
v -13 2.375 -10
v -13 0.375 -9
v -13 0.375 -9
v -13 2.375 -8
v -13 2.375 -9
v -13 0.375 -8
v -13 0.375 -8
v -13 2.375 -7
v -13 2.375 -8
v -13 0.375 -7
v -13 0.375 -7
v -13 2.375 -6
v -13 2.375 -7
v -13 0.375 -6
v -13 0.375 -6
v -13 2.375 -5
v -13 2.375 -6
v -13 0.375 -5
v -13 0.375 -5
v -13 2.375 -4
v -13 2.375 -5
v -13 0.375 -4
v -13 0.375 -4
v -13 2.375 -3
v -13 2.375 -4
v -13 0.375 -3
v -13 0.375 -3
v -13 2.375 -2
v -13 2.375 -3
v -13 0.375 -2
v -13 0.375 -2
v -13 2.375 -1
v -13 2.375 -2
v -13 0.375 -1
v -13 0.375 -1
v -13 2.375 0
v -13 2.375 -1
v -13 0.375 0
v -13 0.375 0
v -13 2.375 1
v -13 2.375 0
v -13 0.375 1
v -13 0.375 1
v -13 2.375 2
v -13 2.375 1
v -13 0.375 2
v -13 0.375 2
v -13 2.375 3
v -13 2.375 2
v -13 0.375 3
v -13 0.375 3
v -13 2.375 4
v -13 2.375 3
v -13 0.375 4
v -13 0.375 4
v -13 2.375 5
v -13 2.375 4
v -13 0.375 5
v -13 0.375 5
v -13 2.375 6
v -13 2.375 5
v -13 0.375 6
v -13 0.375 6
v -13 2.375 7
v -13 2.375 6
v -13 0.375 7
v -13 0.375 7
v -13 2.375 8
v -13 2.375 7
v -13 0.375 8
v -13 0.375 8
v -13 2.375 9
v -13 2.375 8
v -13 0.375 9
v -13 0.375 9
v -13 2.375 10
v -13 2.375 9
v -13 0.375 10
v -13 0.375 10
v -13 2.375 11
v -13 2.375 10
v -13 0.375 11
v -13 0.375 11
v -13 2.375 12
v -13 2.375 11
v -13 0.375 12
v -13 0.375 -19
v -13 2.375 -18
v -13 2.375 -19
v -13 0.375 -18
v -13 0.375 13
v -13 2.375 12
v -13 2.375 13
v -13 0.375 12
v -13 0.375 12
v -13 2.375 11
v -13 2.375 12
v -13 0.375 11
v -13 0.375 11
v -13 2.375 10
v -13 2.375 11
v -13 0.375 10
v -13 0.375 10
v -13 2.375 9
v -13 2.375 10
v -13 0.375 9
v -13 0.375 9
v -13 2.375 8
v -13 2.375 9
v -13 0.375 8
v -13 0.375 8
v -13 2.375 7
v -13 2.375 8
v -13 0.375 7
v -13 0.375 7
v -13 2.375 6
v -13 2.375 7
v -13 0.375 6
v -13 0.375 6
v -13 2.375 5
v -13 2.375 6
v -13 0.375 5
v -13 0.375 5
v -13 2.375 4
v -13 2.375 5
v -13 0.375 4
v -13 0.375 4
v -13 2.375 3
v -13 2.375 4
v -13 0.375 3
v -13 0.375 3
v -13 2.375 2
v -13 2.375 3
v -13 0.375 2
v -13 0.375 2
v -13 2.375 1
v -13 2.375 2
v -13 0.375 1
v -13 0.375 1
v -13 2.375 0
v -13 2.375 1
v -13 0.375 0
v -13 0.375 0
v -13 2.375 -1
v -13 2.375 0
v -13 0.375 -1
v -13 0.375 -1
v -13 2.375 -2
v -13 2.375 -1
v -13 0.375 -2
v -13 0.375 -2
v -13 2.375 -3
v -13 2.375 -2
v -13 0.375 -3
v -13 0.375 -3
v -13 2.375 -4
v -13 2.375 -3
v -13 0.375 -4
v -13 0.375 -4
v -13 2.375 -5
v -13 2.375 -4
v -13 0.375 -5
v -13 0.375 -5
v -13 2.375 -6
v -13 2.375 -5
v -13 0.375 -6
v -13 0.375 -6
v -13 2.375 -7
v -13 2.375 -6
v -13 0.375 -7
v -13 0.375 -7
v -13 2.375 -8
v -13 2.375 -7
v -13 0.375 -8
v -13 0.375 -8
v -13 2.375 -9
v -13 2.375 -8
v -13 0.375 -9
v -13 0.375 -9
v -13 2.375 -10
v -13 2.375 -9
v -13 0.375 -10
v -13 0.375 -10
v -13 2.375 -11
v -13 2.375 -10
v -13 0.375 -11
v -13 0.375 -11
v -13 2.375 -12
v -13 2.375 -11
v -13 0.375 -12
v -13 0.375 -12
v -13 2.375 -13
v -13 2.375 -12
v -13 0.375 -13
v -13 0.375 -13
v -13 2.375 -14
v -13 2.375 -13
v -13 0.375 -14
v -13 0.375 -14
v -13 2.375 -15
v -13 2.375 -14
v -13 0.375 -15
v -13 0.375 -15
v -13 2.375 -16
v -13 2.375 -15
v -13 0.375 -16
v -13 0.375 -16
v -13 2.375 -17
v -13 2.375 -16
v -13 0.375 -17
v -13 0.375 -17
v -13 2.375 -18
v -13 2.375 -17
v -13 0.375 -18
v -13 0.375 -18
v -13 2.375 -19
v -13 2.375 -18
v -13 0.375 -19
v -13 2.375 10
v -13 3.375 11
v -13 3.375 10
v -13 2.375 11
v -13 2.375 11
v -13 3.375 12
v -13 3.375 11
v -13 2.375 12
v -13 2.375 12
v -13 3.375 13
v -13 3.375 12
v -13 2.375 13
v -13 2.375 13
v -13 3.375 12
v -13 3.375 13
v -13 2.375 12
v -13 2.375 12
v -13 3.375 11
v -13 3.375 12
v -13 2.375 11
v -13 2.375 11
v -13 3.375 10
v -13 3.375 11
v -13 2.375 10
v -13 2.375 10
v -13 3.375 9
v -13 3.375 10
v -13 2.375 9
v -13 2.375 9
v -13 3.375 8
v -13 3.375 9
v -13 2.375 8
v -13 2.375 8
v -13 3.375 7
v -13 3.375 8
v -13 2.375 7
v -13 2.375 7
v -13 3.375 6
v -13 3.375 7
v -13 2.375 6
v -13 2.375 6
v -13 3.375 5
v -13 3.375 6
v -13 2.375 5
v -13 2.375 5
v -13 3.375 4
v -13 3.375 5
v -13 2.375 4
v -13 2.375 4
v -13 3.375 3
v -13 3.375 4
v -13 2.375 3
v -13 2.375 3
v -13 3.375 2
v -13 3.375 3
v -13 2.375 2
v -13 2.375 2
v -13 3.375 1
v -13 3.375 2
v -13 2.375 1
v -13 2.375 1
v -13 3.375 0
v -13 3.375 1
v -13 2.375 0
v -13 2.375 0
v -13 3.375 -1
v -13 3.375 0
v -13 2.375 -1
v -13 2.375 -1
v -13 3.375 -2
v -13 3.375 -1
v -13 2.375 -2
v -13 2.375 -2
v -13 3.375 -3
v -13 3.375 -2
v -13 2.375 -3
v -13 2.375 -3
v -13 3.375 -4
v -13 3.375 -3
v -13 2.375 -4
v -13 2.375 -4
v -13 3.375 -5
v -13 3.375 -4
v -13 2.375 -5
v -13 2.375 -5
v -13 3.375 -6
v -13 3.375 -5
v -13 2.375 -6
v -13 2.375 -6
v -13 3.375 -7
v -13 3.375 -6
v -13 2.375 -7
v -13 2.375 -7
v -13 3.375 -8
v -13 3.375 -7
v -13 2.375 -8
v -13 2.375 -8
v -13 3.375 -9
v -13 3.375 -8
v -13 2.375 -9
v -13 2.375 -9
v -13 3.375 -10
v -13 3.375 -9
v -13 2.375 -10
v -13 2.375 -10
v -13 3.375 -11
v -13 3.375 -10
v -13 2.375 -11
v -13 2.375 -11
v -13 3.375 -12
v -13 3.375 -11
v -13 2.375 -12
v -13 2.375 -12
v -13 3.375 -13
v -13 3.375 -12
v -13 2.375 -13
v -13 2.375 -13
v -13 3.375 -14
v -13 3.375 -13
v -13 2.375 -14
v -13 2.375 -14
v -13 3.375 -15
v -13 3.375 -14
v -13 2.375 -15
v -13 2.375 -15
v -13 3.375 -16
v -13 3.375 -15
v -13 2.375 -16
v -13 2.375 -16
v -13 3.375 -17
v -13 3.375 -16
v -13 2.375 -17
v -13 2.375 -17
v -13 3.375 -18
v -13 3.375 -17
v -13 2.375 -18
v -13 2.375 -18
v -13 3.375 -19
v -13 3.375 -18
v -13 2.375 -19
v 19 2.375 -19
v 19 3.375 -18
v 19 3.375 -19
v 19 2.375 -18
v 19 2.375 -18
v 19 3.375 -17
v 19 3.375 -18
v 19 2.375 -17
v 19 2.375 -17
v 19 3.375 -16
v 19 3.375 -17
v 19 2.375 -16
v 19 2.375 -16
v 19 3.375 -15
v 19 3.375 -16
v 19 2.375 -15
v 19 2.375 -15
v 19 3.375 -14
v 19 3.375 -15
v 19 2.375 -14
v 19 2.375 -14
v 19 3.375 -13
v 19 3.375 -14
v 19 2.375 -13
v 19 2.375 -13
v 19 3.375 -12
v 19 3.375 -13
v 19 2.375 -12
v 19 2.375 -12
v 19 3.375 -11
v 19 3.375 -12
v 19 2.375 -11
v 19 2.375 -11
v 19 3.375 -10
v 19 3.375 -11
v 19 2.375 -10
v 19 2.375 -10
v 19 3.375 -9
v 19 3.375 -10
v 19 2.375 -9
v 19 2.375 -9
v 19 3.375 -8
v 19 3.375 -9
v 19 2.375 -8
v 19 2.375 -8
v 19 3.375 -7
v 19 3.375 -8
v 19 2.375 -7
v 19 2.375 -7
v 19 3.375 -6
v 19 3.375 -7
v 19 2.375 -6
v 19 2.375 -6
v 19 3.375 -5
v 19 3.375 -6
v 19 2.375 -5
v 19 2.375 -5
v 19 3.375 -4
v 19 3.375 -5
v 19 2.375 -4
v 19 2.375 -4
v 19 3.375 -3
v 19 3.375 -4
v 19 2.375 -3
v 19 2.375 -3
v 19 3.375 -2
v 19 3.375 -3
v 19 2.375 -2
v 19 2.375 -2
v 19 3.375 -1
v 19 3.375 -2
v 19 2.375 -1
v 19 2.375 -1
v 19 3.375 0
v 19 3.375 -1
v 19 2.375 0
v 19 2.375 0
v 19 3.375 1
v 19 3.375 0
v 19 2.375 1
v 19 2.375 1
v 19 3.375 2
v 19 3.375 1
v 19 2.375 2
v 19 2.375 2
v 19 3.375 3
v 19 3.375 2
v 19 2.375 3
v 19 2.375 3
v 19 3.375 4
v 19 3.375 3
v 19 2.375 4
v 19 2.375 4
v 19 3.375 5
v 19 3.375 4
v 19 2.375 5
v 19 2.375 5
v 19 3.375 6
v 19 3.375 5
v 19 2.375 6
v 19 2.375 6
v 19 3.375 7
v 19 3.375 6
v 19 2.375 7
v 19 2.375 7
v 19 3.375 8
v 19 3.375 7
v 19 2.375 8
v 19 2.375 8
v 19 3.375 9
v 19 3.375 8
v 19 2.375 9
v 19 2.375 9
v 19 3.375 10
v 19 3.375 9
v 19 2.375 10
v 19 2.375 10
v 19 3.375 11
v 19 3.375 10
v 19 2.375 11
v 19 2.375 11
v 19 3.375 12
v 19 3.375 11
v 19 2.375 12
v 19 2.375 12
v 19 3.375 13
v 19 3.375 12
v 19 2.375 13
v 19 2.375 13
v 19 3.375 12
v 19 3.375 13
v 19 2.375 12
v 19 2.375 12
v 19 3.375 11
v 19 3.375 12
v 19 2.375 11
v 19 2.375 11
v 19 3.375 10
v 19 3.375 11
v 19 2.375 10
v 19 2.375 10
v 19 3.375 9
v 19 3.375 10
v 19 2.375 9
v 19 2.375 9
v 19 3.375 8
v 19 3.375 9
v 19 2.375 8
v 19 2.375 8
v 19 3.375 7
v 19 3.375 8
v 19 2.375 7
v 19 2.375 7
v 19 3.375 6
v 19 3.375 7
v 19 2.375 6
v 19 2.375 6
v 19 3.375 5
v 19 3.375 6
v 19 2.375 5
v 19 2.375 5
v 19 3.375 4
v 19 3.375 5
v 19 2.375 4
v 19 2.375 4
v 19 3.375 3
v 19 3.375 4
v 19 2.375 3
v 19 2.375 3
v 19 3.375 2
v 19 3.375 3
v 19 2.375 2
v 19 2.375 2
v 19 3.375 1
v 19 3.375 2
v 19 2.375 1
v 19 2.375 1
v 19 3.375 0
v 19 3.375 1
v 19 2.375 0
v 19 2.375 0
v 19 3.375 -1
v 19 3.375 0
v 19 2.375 -1
v 19 2.375 -1
v 19 3.375 -2
v 19 3.375 -1
v 19 2.375 -2
v 19 2.375 -2
v 19 3.375 -3
v 19 3.375 -2
v 19 2.375 -3
v 19 2.375 -3
v 19 3.375 -4
v 19 3.375 -3
v 19 2.375 -4
v 19 2.375 -4
v 19 3.375 -5
v 19 3.375 -4
v 19 2.375 -5
v 19 2.375 -5
v 19 3.375 -6
v 19 3.375 -5
v 19 2.375 -6
v 19 2.375 -6
v 19 3.375 -7
v 19 3.375 -6
v 19 2.375 -7
v 19 2.375 -7
v 19 3.375 -8
v 19 3.375 -7
v 19 2.375 -8
v 19 2.375 -8
v 19 3.375 -9
v 19 3.375 -8
v 19 2.375 -9
v 19 2.375 -9
v 19 3.375 -10
v 19 3.375 -9
v 19 2.375 -10
v 19 2.375 -10
v 19 3.375 -11
v 19 3.375 -10
v 19 2.375 -11
v 19 2.375 -11
v 19 3.375 -12
v 19 3.375 -11
v 19 2.375 -12
v 19 2.375 -12
v 19 3.375 -13
v 19 3.375 -12
v 19 2.375 -13
v 19 2.375 -13
v 19 3.375 -14
v 19 3.375 -13
v 19 2.375 -14
v 19 2.375 -14
v 19 3.375 -15
v 19 3.375 -14
v 19 2.375 -15
v 19 2.375 -15
v 19 3.375 -16
v 19 3.375 -15
v 19 2.375 -16
v 19 2.375 -16
v 19 3.375 -17
v 19 3.375 -16
v 19 2.375 -17
v 19 2.375 -17
v 19 3.375 -18
v 19 3.375 -17
v 19 2.375 -18
v 19 2.375 -18
v 19 3.375 -19
v 19 3.375 -18
v 19 2.375 -19
v 19 0.375 13
v 19 2.375 12
v 19 2.375 13
v 19 0.375 12
v 19 0.375 12
v 19 2.375 11
v 19 2.375 12
v 19 0.375 11
v 19 0.375 11
v 19 2.375 10
v 19 2.375 11
v 19 0.375 10
v 19 0.375 10
v 19 2.375 9
v 19 2.375 10
v 19 0.375 9
v 19 0.375 9
v 19 2.375 8
v 19 2.375 9
v 19 0.375 8
v 19 0.375 8
v 19 2.375 7
v 19 2.375 8
v 19 0.375 7
v 19 0.375 7
v 19 2.375 6
v 19 2.375 7
v 19 0.375 6
v 19 0.375 6
v 19 2.375 5
v 19 2.375 6
v 19 0.375 5
v 19 0.375 5
v 19 2.375 4
v 19 2.375 5
v 19 0.375 4
v 19 0.375 4
v 19 2.375 3
v 19 2.375 4
v 19 0.375 3
v 19 0.375 3
v 19 2.375 2
v 19 2.375 3
v 19 0.375 2
v 19 0.375 2
v 19 2.375 1
v 19 2.375 2
v 19 0.375 1
v 19 0.375 1
v 19 2.375 0
v 19 2.375 1
v 19 0.375 0
v 19 0.375 0
v 19 2.375 -1
v 19 2.375 0
v 19 0.375 -1
v 19 0.375 -1
v 19 2.375 -2
v 19 2.375 -1
v 19 0.375 -2
v 19 0.375 -2
v 19 2.375 -3
v 19 2.375 -2
v 19 0.375 -3
v 19 0.375 -3
v 19 2.375 -4
v 19 2.375 -3
v 19 0.375 -4
v 19 0.375 -4
v 19 2.375 -5
v 19 2.375 -4
v 19 0.375 -5
v 19 0.375 -5
v 19 2.375 -6
v 19 2.375 -5
v 19 0.375 -6
v 19 0.375 -6
v 19 2.375 -7
v 19 2.375 -6
v 19 0.375 -7
v 19 0.375 -7
v 19 2.375 -8
v 19 2.375 -7
v 19 0.375 -8
v 19 0.375 -8
v 19 2.375 -9
v 19 2.375 -8
v 19 0.375 -9
v 19 0.375 -9
v 19 2.375 -10
v 19 2.375 -9
v 19 0.375 -10
v 19 0.375 -10
v 19 2.375 -11
v 19 2.375 -10
v 19 0.375 -11
v 19 0.375 -11
v 19 2.375 -12
v 19 2.375 -11
v 19 0.375 -12
v 19 0.375 -12
v 19 2.375 -13
v 19 2.375 -12
v 19 0.375 -13
v 19 0.375 -13
v 19 2.375 -14
v 19 2.375 -13
v 19 0.375 -14
v 19 0.375 -14
v 19 2.375 -15
v 19 2.375 -14
v 19 0.375 -15
v 19 0.375 -15
v 19 2.375 -16
v 19 2.375 -15
v 19 0.375 -16
v 19 0.375 -16
v 19 2.375 -17
v 19 2.375 -16
v 19 0.375 -17
v 19 0.375 -17
v 19 2.375 -18
v 19 2.375 -17
v 19 0.375 -18
v 19 0.375 -18
v 19 2.375 -19
v 19 2.375 -18
v 19 0.375 -19
v 19 0.375 -19
v 19 2.375 -18
v 19 2.375 -19
v 19 0.375 -18
v 19 0.375 -18
v 19 2.375 -17
v 19 2.375 -18
v 19 0.375 -17
v 19 0.375 -17
v 19 2.375 -16
v 19 2.375 -17
v 19 0.375 -16
v 19 0.375 -16
v 19 2.375 -15
v 19 2.375 -16
v 19 0.375 -15
v 19 0.375 -15
v 19 2.375 -14
v 19 2.375 -15
v 19 0.375 -14
v 19 0.375 -14
v 19 2.375 -13
v 19 2.375 -14
v 19 0.375 -13
v 19 0.375 -13
v 19 2.375 -12
v 19 2.375 -13
v 19 0.375 -12
v 19 0.375 -12
v 19 2.375 -11
v 19 2.375 -12
v 19 0.375 -11
v 19 0.375 -11
v 19 2.375 -10
v 19 2.375 -11
v 19 0.375 -10
v 19 0.375 -10
v 19 2.375 -9
v 19 2.375 -10
v 19 0.375 -9
v 19 0.375 -9
v 19 2.375 -8
v 19 2.375 -9
v 19 0.375 -8
v 19 0.375 -8
v 19 2.375 -7
v 19 2.375 -8
v 19 0.375 -7
v 19 0.375 -7
v 19 2.375 -6
v 19 2.375 -7
v 19 0.375 -6
v 19 0.375 -6
v 19 2.375 -5
v 19 2.375 -6
v 19 0.375 -5
v 19 0.375 -5
v 19 2.375 -4
v 19 2.375 -5
v 19 0.375 -4
v 19 0.375 -4
v 19 2.375 -3
v 19 2.375 -4
v 19 0.375 -3
v 19 0.375 -3
v 19 2.375 -2
v 19 2.375 -3
v 19 0.375 -2
v 19 0.375 -2
v 19 2.375 -1
v 19 2.375 -2
v 19 0.375 -1
v 19 0.375 -1
v 19 2.375 0
v 19 2.375 -1
v 19 0.375 0
v 19 0.375 0
v 19 2.375 1
v 19 2.375 0
v 19 0.375 1
v 19 0.375 1
v 19 2.375 2
v 19 2.375 1
v 19 0.375 2
v 19 0.375 2
v 19 2.375 3
v 19 2.375 2
v 19 0.375 3
v 19 0.375 3
v 19 2.375 4
v 19 2.375 3
v 19 0.375 4
v 19 0.375 4
v 19 2.375 5
v 19 2.375 4
v 19 0.375 5
v 19 0.375 5
v 19 2.375 6
v 19 2.375 5
v 19 0.375 6
v 19 0.375 6
v 19 2.375 7
v 19 2.375 6
v 19 0.375 7
v 19 0.375 7
v 19 2.375 8
v 19 2.375 7
v 19 0.375 8
v 19 0.375 8
v 19 2.375 9
v 19 2.375 8
v 19 0.375 9
v 19 0.375 9
v 19 2.375 10
v 19 2.375 9
v 19 0.375 10
v 19 0.375 10
v 19 2.375 11
v 19 2.375 10
v 19 0.375 11
v 19 0.375 11
v 19 2.375 12
v 19 2.375 11
v 19 0.375 12
v 19 0.375 12
v 19 2.375 13
v 19 2.375 12
v 19 0.375 13
v -13 0.375 13
v -12 2.375 13
v -13 2.375 13
v -12 0.375 13
v -12 0.375 13
v -11 2.375 13
v -12 2.375 13
v -11 0.375 13
v -11 0.375 13
v -10 2.375 13
v -11 2.375 13
v -10 0.375 13
v -10 0.375 13
v -9 2.375 13
v -10 2.375 13
v -9 0.375 13
v -9 0.375 13
v -8 2.375 13
v -9 2.375 13
v -8 0.375 13
v -8 0.375 13
v -7 2.375 13
v -8 2.375 13
v -7 0.375 13
v -7 0.375 13
v -6 2.375 13
v -7 2.375 13
v -6 0.375 13
v -6 0.375 13
v -5 2.375 13
v -6 2.375 13
v -5 0.375 13
v -5 0.375 13
v -4 2.375 13
v -5 2.375 13
v -4 0.375 13
v -4 0.375 13
v -3 2.375 13
v -4 2.375 13
v -3 0.375 13
v -3 0.375 13
v -2 2.375 13
v -3 2.375 13
v -2 0.375 13
v -2 0.375 13
v -1 2.375 13
v -2 2.375 13
v -1 0.375 13
v -1 0.375 13
v 0 2.375 13
v -1 2.375 13
v 0 0.375 13
v 0 0.375 13
v 1 2.375 13
v 0 2.375 13
v 1 0.375 13
v 1 0.375 13
v 2 2.375 13
v 1 2.375 13
v 2 0.375 13
v 2 0.375 13
v 3 2.375 13
v 2 2.375 13
v 3 0.375 13
v 3 0.375 13
v 4 2.375 13
v 3 2.375 13
v 4 0.375 13
v 4 0.375 13
v 5 2.375 13
v 4 2.375 13
v 5 0.375 13
v 5 0.375 13
v 6 2.375 13
v 5 2.375 13
v 6 0.375 13
v 6 0.375 13
v 7 2.375 13
v 6 2.375 13
v 7 0.375 13
v 7 0.375 13
v 8 2.375 13
v 7 2.375 13
v 8 0.375 13
v 8 0.375 13
v 9 2.375 13
v 8 2.375 13
v 9 0.375 13
v 9 0.375 13
v 10 2.375 13
v 9 2.375 13
v 10 0.375 13
v 10 0.375 13
v 11 2.375 13
v 10 2.375 13
v 11 0.375 13
v 11 0.375 13
v 12 2.375 13
v 11 2.375 13
v 12 0.375 13
v 12 0.375 13
v 13 2.375 13
v 12 2.375 13
v 13 0.375 13
v 13 0.375 13
v 14 2.375 13
v 13 2.375 13
v 14 0.375 13
v 14 0.375 13
v 15 2.375 13
v 14 2.375 13
v 15 0.375 13
v 15 0.375 13
v 16 2.375 13
v 15 2.375 13
v 16 0.375 13
v 16 0.375 13
v 17 2.375 13
v 16 2.375 13
v 17 0.375 13
v 17 0.375 13
v 18 2.375 13
v 17 2.375 13
v 18 0.375 13
v 18 0.375 13
v 19 2.375 13
v 18 2.375 13
v 19 0.375 13
v 19 0.375 13
v 18 2.375 13
v 19 2.375 13
v 18 0.375 13
v 18 0.375 13
v 17 2.375 13
v 18 2.375 13
v 17 0.375 13
v 17 0.375 13
v 16 2.375 13
v 17 2.375 13
v 16 0.375 13
v 16 0.375 13
v 15 2.375 13
v 16 2.375 13
v 15 0.375 13
v 15 0.375 13
v 14 2.375 13
v 15 2.375 13
v 14 0.375 13
v 14 0.375 13
v 13 2.375 13
v 14 2.375 13
v 13 0.375 13
v 13 0.375 13
v 12 2.375 13
v 13 2.375 13
v 12 0.375 13
v 12 0.375 13
v 11 2.375 13
v 12 2.375 13
v 11 0.375 13
v 11 0.375 13
v 10 2.375 13
v 11 2.375 13
v 10 0.375 13
v 10 0.375 13
v 9 2.375 13
v 10 2.375 13
v 9 0.375 13
v 9 0.375 13
v 8 2.375 13
v 9 2.375 13
v 8 0.375 13
v 8 0.375 13
v 7 2.375 13
v 8 2.375 13
v 7 0.375 13
v 7 0.375 13
v 6 2.375 13
v 7 2.375 13
v 6 0.375 13
v 6 0.375 13
v 5 2.375 13
v 6 2.375 13
v 5 0.375 13
v 5 0.375 13
v 4 2.375 13
v 5 2.375 13
v 4 0.375 13
v 4 0.375 13
v 3 2.375 13
v 4 2.375 13
v 3 0.375 13
v 3 0.375 13
v 2 2.375 13
v 3 2.375 13
v 2 0.375 13
v 2 0.375 13
v 1 2.375 13
v 2 2.375 13
v 1 0.375 13
v 1 0.375 13
v 0 2.375 13
v 1 2.375 13
v 0 0.375 13
v 0 0.375 13
v -1 2.375 13
v 0 2.375 13
v -1 0.375 13
v -1 0.375 13
v -2 2.375 13
v -1 2.375 13
v -2 0.375 13
v -2 0.375 13
v -3 2.375 13
v -2 2.375 13
v -3 0.375 13
v -3 0.375 13
v -4 2.375 13
v -3 2.375 13
v -4 0.375 13
v -4 0.375 13
v -5 2.375 13
v -4 2.375 13
v -5 0.375 13
v -5 0.375 13
v -6 2.375 13
v -5 2.375 13
v -6 0.375 13
v -6 0.375 13
v -7 2.375 13
v -6 2.375 13
v -7 0.375 13
v -7 0.375 13
v -8 2.375 13
v -7 2.375 13
v -8 0.375 13
v -8 0.375 13
v -9 2.375 13
v -8 2.375 13
v -9 0.375 13
v -9 0.375 13
v -10 2.375 13
v -9 2.375 13
v -10 0.375 13
v -10 0.375 13
v -11 2.375 13
v -10 2.375 13
v -11 0.375 13
v -11 0.375 13
v -12 2.375 13
v -11 2.375 13
v -12 0.375 13
v -12 0.375 13
v -13 2.375 13
v -12 2.375 13
v -13 0.375 13
v 19 2.375 13
v 18 3.375 13
v 19 3.375 13
v 18 2.375 13
v 18 2.375 13
v 17 3.375 13
v 18 3.375 13
v 17 2.375 13
v 17 2.375 13
v 16 3.375 13
v 17 3.375 13
v 16 2.375 13
v 16 2.375 13
v 15 3.375 13
v 16 3.375 13
v 15 2.375 13
v 15 2.375 13
v 14 3.375 13
v 15 3.375 13
v 14 2.375 13
v 14 2.375 13
v 13 3.375 13
v 14 3.375 13
v 13 2.375 13
v 13 2.375 13
v 12 3.375 13
v 13 3.375 13
v 12 2.375 13
v 12 2.375 13
v 11 3.375 13
v 12 3.375 13
v 11 2.375 13
v 11 2.375 13
v 10 3.375 13
v 11 3.375 13
v 10 2.375 13
v 10 2.375 13
v 9 3.375 13
v 10 3.375 13
v 9 2.375 13
v 9 2.375 13
v 8 3.375 13
v 9 3.375 13
v 8 2.375 13
v 8 2.375 13
v 7 3.375 13
v 8 3.375 13
v 7 2.375 13
v 7 2.375 13
v 6 3.375 13
v 7 3.375 13
v 6 2.375 13
v 6 2.375 13
v 5 3.375 13
v 6 3.375 13
v 5 2.375 13
v 5 2.375 13
v 4 3.375 13
v 5 3.375 13
v 4 2.375 13
v -3 -1.9375 -1
v -2 -1.9375 -2
v -3 -1.9375 -2
v -2 -1.9375 -1
v -4 -1.9375 -1
v -3 -1.9375 -2
v -4 -1.9375 -2
v -3 -1.9375 -1
v -4 -1.9375 0
v -3 -1.9375 -1
v -4 -1.9375 -1
v -3 -1.9375 0
v -5 -1.9375 0
v -4 -1.9375 -1
v -5 -1.9375 -1
v -4 -1.9375 0
v -6 -1.9375 0
v -5 -1.9375 -1
v -6 -1.9375 -1
v -5 -1.9375 0
v -7 -1.9375 0
v -6 -1.9375 -1
v -7 -1.9375 -1
v -6 -1.9375 0
v -7 -1.9375 1
v -6 -1.9375 0
v -7 -1.9375 0
v -6 -1.9375 1
v -8 -1.9375 1
v -7 -1.9375 0
v -8 -1.9375 0
v -7 -1.9375 1
v -9 -1.9375 1
v -8 -1.9375 0
v -9 -1.9375 0
v -8 -1.9375 1
v -9 -1.9375 2
v -8 -1.9375 1
v -9 -1.9375 1
v -8 -1.9375 2
v -9 -1.9375 3
v -8 -1.9375 2
v -9 -1.9375 2
v -8 -1.9375 3
v -8 -1.9375 2
v -7 -1.9375 1
v -8 -1.9375 1
v -7 -1.9375 2
v -6 -1.9375 1
v -5 -1.9375 0
v -6 -1.9375 0
v -5 -1.9375 1
v -6 -1.9375 2
v -5 -1.9375 1
v -6 -1.9375 1
v -5 -1.9375 2
v -5 -1.9375 2
v -4 -1.9375 1
v -5 -1.9375 1
v -4 -1.9375 2
v -8 -1.9375 0
v -7 -1.9375 -1
v -8 -1.9375 -1
v -7 -1.9375 0
v -9 -1.9375 0
v -8 -1.9375 -1
v -9 0.375 -1
v -8 -1.9375 0
v -8 -1.9375 3
v -7 -1.9375 2
v -8 -1.9375 2
v -7 -1.9375 3
v -7 -1.9375 4
v -6 -1.9375 3
v -7 -1.9375 3
v -6 -1.9375 4
v -6 -1.9375 5
v -5 -1.9375 4
v -6 -1.9375 4
v -5 -1.9375 5
v -6 -1.9375 6
v -5 -1.9375 5
v -6 -1.9375 5
v -5 -1.9375 6
v -6 -1.9375 7
v -5 -1.9375 6
v -6 -1.9375 6
v -5 -1.9375 7
v -7 -1.9375 7
v -6 -1.9375 6
v -7 -1.9375 6
v -6 -1.9375 7
v -7 -1.9375 6
v -6 -1.9375 5
v -7 -1.9375 5
v -6 -1.9375 6
v -8 -1.9375 6
v -7 -1.9375 5
v -8 -1.9375 5
v -7 -1.9375 6
v 7 0.375 -11
v 8 0.375 -12
v 7 0.375 -12
v 8 1.375 -11
v 10 0.375 -6
v 11 1.375 -7
v 10 1.375 -7
v 11 0.375 -6
v 7 0.375 -7
v 8 1.375 -8
v 7 0.375 -8
v 8 1.375 -7
v 7 0.375 -6
v 8 1.375 -7
v 7 0.375 -7
v 8 0.375 -6
v 7 0.375 -8
v 8 1.375 -9
v 7 0.375 -9
v 8 1.375 -8
v 7 0.375 -9
v 8 1.375 -10
v 7 0.375 -10
v 8 1.375 -9
v 12 1.375 -11
v 13 0.375 -12
v 12 0.375 -12
v 13 1.375 -11
v 13 1.375 -11
v 14 0.375 -12
v 13 0.375 -12
v 14 0.375 -11
v 13 0.375 -10
v 14 0.375 -11
v 13 1.375 -11
v 14 0.375 -10
v 12 1.375 -10
v 13 1.375 -11
v 12 1.375 -11
v 13 0.375 -10
v 8 0.375 -6
v 9 1.375 -7
v 8 1.375 -7
v 9 0.375 -6
v 12 1.375 -6
v 13 0.375 -7
v 12 1.375 -7
v 13 0.375 -6
v 9 0.375 -6
v 10 1.375 -7
v 9 1.375 -7
v 10 0.375 -6
v 11 0.375 -6
v 12 1.375 -7
v 11 1.375 -7
v 12 1.375 -6
v 12 1.375 -8
v 13 0.375 -9
v 12 1.375 -9
v 13 0.375 -8
v 7 0.375 -10
v 8 1.375 -11
v 7 0.375 -11
v 8 1.375 -10
v 12 1.375 -7
v 13 0.375 -8
v 12 1.375 -8
v 13 0.375 -7
v 12 1.375 -9
v 13 0.375 -10
v 12 1.375 -10
v 13 0.375 -9
v 11 0.375 -5
v 12 1.375 -6
v 11 0.375 -6
v 12 0.375 -5
v -8 1.375 -9
v -7 1.375 -10
v -8 1.375 -10
v -7 0.375 -9
v -9 0.375 -10
v -8 1.375 -11
v -9 0.375 -11
v -8 1.375 -10
v -9 0.375 -9
v -8 1.375 -10
v -9 0.375 -10
v -8 1.375 -9
v -7 1.375 -12
v -6 0.375 -13
v -7 1.375 -13
v -6 0.375 -12
v -4 -1.9375 -2
v -3 0.375 -3
v -4 0.375 -3
v -3 -1.9375 -2
v -5 -1.9375 -1
v -4 -1.9375 -2
v -5 0.375 -2
v -4 -1.9375 -1
v -9 0.375 -15
v -8 0.375 -16
v -9 0.375 -16
v -8 1.375 -15
v -1 -1.9375 -1
v 0 0.375 -2
v -1 -1.9375 -2
v 0 0.375 -1
v -1 -1.9375 -2
v 0 0.375 -3
v -1 -1.9375 -3
v 0 0.375 -2
v -7 1.375 -13
v -6 0.375 -14
v -7 1.375 -14
v -6 0.375 -13
v -1 -1.9375 -3
v 0 0.375 -4
v -1 -1.9375 -4
v 0 0.375 -3
v -7 1.375 -11
v -6 0.375 -12
v -7 1.375 -12
v -6 0.375 -11
v -1 -1.9375 -4
v 0 0.375 -5
v -1 0.375 -5
v 0 0.375 -4
v -7 0.375 -9
v -6 0.375 -10
v -7 1.375 -10
v -6 0.375 -9
v -7 1.375 -10
v -6 0.375 -11
v -7 1.375 -11
v -6 0.375 -10
v -5 0.375 -2
v -4 0.375 -3
v -5 0.375 -3
v -4 -1.9375 -2
v -9 0.375 -8
v -8 1.375 -9
v -9 0.375 -9
v -8 0.375 -8
v -8 0.375 -8
v -7 0.375 -9
v -8 1.375 -9
v -7 0.375 -8
v 12 0.375 -5
v 13 0.375 -6
v 12 1.375 -6
v 13 0.375 -5
v -3 0.375 -3
v -2 -1.9375 -4
v -3 0.375 -4
v -2 -1.9375 -3
v 11 1.375 -11
v 12 0.375 -12
v 11 0.375 -12
v 12 1.375 -11
v -10 0.375 6
v -9 -1.9375 5
v -10 0.375 5
v -9 -1.9375 6
v -2 -1.9375 -4
v -1 0.375 -5
v -2 0.375 -5
v -1 -1.9375 -4
v -9 0.375 -1
v -8 0.375 -2
v -9 0.375 -2
v -8 -1.9375 -1
v -8 -1.9375 -1
v -7 0.375 -2
v -8 0.375 -2
v -7 -1.9375 -1
v -7 -1.9375 -1
v -6 0.375 -2
v -7 0.375 -2
v -6 -1.9375 -1
v -6 -1.9375 -1
v -5 0.375 -2
v -6 0.375 -2
v -5 -1.9375 -1
v -10 0.375 5
v -9 -1.9375 4
v -10 0.375 4
v -9 -1.9375 5
v -3 -1.9375 -2
v -2 -1.9375 -3
v -3 0.375 -3
v -2 -1.9375 -2
v -10 0.375 0
v -9 0.375 -1
v -10 0.375 -1
v -9 -1.9375 0
v -9 0.375 -11
v -8 1.375 -12
v -9 0.375 -12
v -8 1.375 -11
v -3 -1.9375 0
v -2 -1.9375 -1
v -3 -1.9375 -1
v -2 0.375 0
v -1.9375 0.3125 0.1875
v -1 -1.9375 -1
v -1.9375 -2 -0.8125
v -1 0.375 0
v -1 0.375 0
v 0 0.375 -1
v -1 -1.9375 -1
v 0 0.375 0
v -10 0.375 1
v -9 -1.9375 0
v -10 0.375 0
v -9 -1.9375 1
v -9 0.375 -12
v -8 1.375 -13
v -9 0.375 -13
v -8 1.375 -12
v -3 -1.9375 1
v -2 0.375 0
v -3 -1.9375 0
v -2 0.375 1
v -10 0.375 2
v -9 -1.9375 1
v -10 0.375 1
v -9 -1.9375 2
v -9 0.375 -13
v -8 1.375 -14
v -9 0.375 -14
v -8 1.375 -13
v -3 -1.9375 2
v -2 0.375 1
v -3 -1.9375 1
v -2 0.375 2
v -10 0.375 3
v -9 -1.9375 2
v -10 0.375 2
v -9 -1.9375 3
v -9 0.375 -14
v -8 1.375 -15
v -9 0.375 -15
v -8 1.375 -14
v -3 -1.9375 3
v -2 0.375 2
v -3 -1.9375 2
v -2 0.375 3
v -10 0.375 4
v -9 -1.9375 3
v -10 0.375 3
v -9 -1.9375 4
v -8 1.375 -14
v -7 0.375 -15
v -8 1.375 -15
v -7 1.375 -14
v -3 -1.9375 4
v -2 0.375 3
v -3 -1.9375 3
v -2 0.375 4
v 8 1.375 -11
v 9 0.375 -12
v 8 0.375 -12
v 9 1.375 -11
v -8 1.375 -15
v -7 0.375 -16
v -8 0.375 -16
v -7 0.375 -15
v -3 -1.9375 5
v -2 0.375 4
v -3 -1.9375 4
v -2 0.375 5
v 9 1.375 -11
v 10 0.375 -12
v 9 0.375 -12
v 10 1.375 -11
v -10 0.375 8
v -9 -1.9375 7
v -10 0.375 7
v -9 -1.9375 8
v -4 0.375 8
v -3 -1.9375 7
v -4 -1.9375 7
v -3 0.375 8
v -3 -1.9375 6
v -2 0.375 5
v -3 -1.9375 5
v -2 0.375 6
v 10 1.375 -11
v 11 0.375 -12
v 10 0.375 -12
v 11 1.375 -11
v -10 0.375 7
v -9 -1.9375 6
v -10 0.375 6
v -9 -1.9375 7
v -3 -1.9375 7
v -2 0.375 6
v -3 -1.9375 6
v -2 0.375 7
v -8 -1.9375 8
v -7 -1.9375 7
v -8 -1.9375 7
v -7 0.375 8
v -7 0.375 8
v -6 -1.9375 7
v -7 -1.9375 7
v -6 0.375 8
v 6 1.6875 6
v 7 0.375 5
v 6 1.6875 5
v 7 0.375 6
v 6 1.6875 5
v 7 0.375 4
v 6 1.6875 4
v 7 0.375 5
v -2 0.375 -14
v -1 1.3125 -15
v -2 1.3125 -15
v -1 0.375 -14
v -1 1.3125 -16
v 0 1.3125 -17
v -1 1.3125 -17
v 0 1.3125 -16
v 0 1.3125 -16
v 1 1.3125 -17
v 0 1.3125 -17
v 1 1.3125 -16
v 1 1.3125 -17
v 2 0.375 -18
v 1 0.375 -18
v 2 0.375 -17
v 2 0.375 -17
v 3 0.375 -18
v 2 0.375 -18
v 3 0.375 -17
v 3 0.375 -17
v 4 0.375 -18
v 3 0.375 -18
v 4 0.375 -17
v 1 1.375 -7
v 2 1.375 -8
v 1 1.375 -8
v 2 1.375 -7
v 1 0.375 -7
v 2 1.375 -7
v 1 1.375 -7
v 2 0.375 -7
v 2 0.375 -7
v 2 1.375 -8
v 2 1.375 -7
v 2 0.375 -8
v 2 0.375 -8
v 1 1.375 -8
v 2 1.375 -8
v 1 0.375 -8
v 1 0.375 -8
v 1 1.375 -7
v 1 1.375 -8
v 1 0.375 -7
v 7 0.375 -2
v 8 1.375 -2
v 7 1.375 -2
v 8 0.375 -2
v 8 0.375 -2
v 8 1.375 -3
v 8 1.375 -2
v 8 0.375 -3
v 8 0.375 -3
v 7 1.375 -3
v 8 1.375 -3
v 7 0.375 -3
v 7 0.375 -3
v 7 1.375 -2
v 7 1.375 -3
v 7 0.375 -2
v 7 1.375 -2
v 8 2.375 -2
v 7 2.375 -2
v 8 1.375 -2
v 8 1.375 -2
v 8 2.375 -3
v 8 2.375 -2
v 8 1.375 -3
v 8 1.375 -3
v 7 2.375 -3
v 8 2.375 -3
v 7 1.375 -3
v 7 1.375 -3
v 7 2.375 -2
v 7 2.375 -3
v 7 1.375 -2
v 6 0.375 -15
v 7 1.375 -15
v 6 1.375 -15
v 7 0.375 -15
v 7 0.375 -15
v 7 1.375 -16
v 7 1.375 -15
v 7 0.375 -16
v 7 0.375 -16
v 6 1.375 -16
v 7 1.375 -16
v 6 0.375 -16
v 6 0.375 -16
v 6 1.375 -15
v 6 1.375 -16
v 6 0.375 -15
v 6 1.375 -15
v 7 2.375 -15
v 6 2.375 -15
v 7 1.375 -15
v 7 1.375 -15
v 7 2.375 -16
v 7 2.375 -15
v 7 1.375 -16
v 7 1.375 -16
v 6 2.375 -16
v 7 2.375 -16
v 6 1.375 -16
v 6 1.375 -16
v 6 2.375 -15
v 6 2.375 -16
v 6 1.375 -15
v -3 0.375 -9
v -2 1.375 -9
v -3 1.375 -9
v -2 0.375 -9
v -2 0.375 -9
v -2 1.375 -10
v -2 1.375 -9
v -2 0.375 -10
v -2 0.375 -10
v -3 1.375 -10
v -2 1.375 -10
v -3 0.375 -10
v -3 0.375 -10
v -3 1.375 -9
v -3 1.375 -10
v -3 0.375 -9
v -3 1.375 -9
v -2 2.375 -9
v -3 2.375 -9
v -2 1.375 -9
v -2 1.375 -9
v -2 2.375 -10
v -2 2.375 -9
v -2 1.375 -10
v -2 1.375 -10
v -3 2.375 -10
v -2 2.375 -10
v -3 1.375 -10
v -3 1.375 -10
v -3 2.375 -9
v -3 2.375 -10
v -3 1.375 -9
v -11 0.375 -4
v -10 1.375 -4
v -11 1.375 -4
v -10 0.375 -4
v -10 0.375 -4
v -10 1.375 -5
v -10 1.375 -4
v -10 0.375 -5
v -10 0.375 -5
v -11 1.375 -5
v -10 1.375 -5
v -11 0.375 -5
v -11 0.375 -5
v -11 1.375 -4
v -11 1.375 -5
v -11 0.375 -4
v -11 1.375 -4
v -10 2.375 -4
v -11 2.375 -4
v -10 1.375 -4
v -10 1.375 -4
v -10 2.375 -5
v -10 2.375 -4
v -10 1.375 -5
v -10 1.375 -5
v -11 2.375 -5
v -10 2.375 -5
v -11 1.375 -5
v -11 1.375 -5
v -11 2.375 -4
v -11 2.375 -5
v -11 1.375 -4
v 0 0.375 10
v 1 1.375 10
v 0 1.375 10
v 1 0.375 10
v 1 0.375 10
v 1 1.375 9
v 1 1.375 10
v 1 0.375 9
v 1 0.375 9
v 0 1.375 9
v 1 1.375 9
v 0 0.375 9
v 0 0.375 9
v 0 1.375 10
v 0 1.375 9
v 0 0.375 10
v 0 1.375 10
v 1 2.375 10
v 0 2.375 10
v 1 1.375 10
v 1 1.375 10
v 1 2.375 9
v 1 2.375 10
v 1 1.375 9
v 1 1.375 9
v 0 2.375 9
v 1 2.375 9
v 0 1.375 9
v 0 1.375 9
v 0 2.375 10
v 0 2.375 9
v 0 1.375 10
v 15 0.375 -1
v 16 1.375 -1
v 15 1.375 -1
v 16 0.375 -1
v 16 0.375 -1
v 16 1.375 -2
v 16 1.375 -1
v 16 0.375 -2
v 16 0.375 -2
v 15 1.375 -2
v 16 1.375 -2
v 15 0.375 -2
v 15 0.375 -2
v 15 1.375 -1
v 15 1.375 -2
v 15 0.375 -1
v 15 1.375 -1
v 16 2.375 -1
v 15 2.375 -1
v 16 1.375 -1
v 16 1.375 -1
v 16 2.375 -2
v 16 2.375 -1
v 16 1.375 -2
v 16 1.375 -2
v 15 2.375 -2
v 16 2.375 -2
v 15 1.375 -2
v 15 1.375 -2
v 15 2.375 -1
v 15 2.375 -2
v 15 1.375 -1
v 15 0.375 -15
v 16 1.375 -15
v 15 1.375 -15
v 16 0.375 -15
v 16 0.375 -15
v 16 1.375 -16
v 16 1.375 -15
v 16 0.375 -16
v 16 0.375 -16
v 15 1.375 -16
v 16 1.375 -16
v 15 0.375 -16
v 15 0.375 -16
v 15 1.375 -15
v 15 1.375 -16
v 15 0.375 -15
v 15 1.375 -15
v 16 2.375 -15
v 15 2.375 -15
v 16 1.375 -15
v 16 1.375 -15
v 16 2.375 -16
v 16 2.375 -15
v 16 1.375 -16
v 16 1.375 -16
v 15 2.375 -16
v 16 2.375 -16
v 15 1.375 -16
v -2 0.375 11
v -1 0.375 10
v -2 0.375 10
v -1 0.375 11
vt 0 0.75
vt 0.0625 0.8125
vt 0 0.8125
vt 0.0625 0.75
vt 0 0.9375
vt 0.0625 1
vt 0 1
vt 0.0625 0.9375
vt 0.0625 0.875
vt 0 0.875
vt 0.125 1
vt 0.125 0.9375
vt 0.5 0.0625
vt 0.5625 0.125
vt 0.5 0.125
vt 0.5625 0.0625
vt 0.8125 0.875
vt 0.875 0.9375
vt 0.8125 0.9375
vt 0.875 0.875
vt 0.625 0.875
vt 0.6875 0.9375
vt 0.625 0.9375
vt 0.6875 0.875
vt 0.4375 0.0625
vt 0.4375 0.125
vt 0.5625 0.875
vt 0.5625 0.9375
vt 0.5 0.8125
vt 0.5 0.875
vt 0.5625 0.8125
vt 0.75 0.9375
vt 0.75 0.875
vt 0.5 0.9375
vt 0.125 0.875
vt 0.125 0.8125
vt 0.5 0.75
vt 0.5625 0.75
vt 0.625 0.8125
vt 0.625 0.75
vt 0.625 1
vt 0.5625 1
vt 0.5 1
vt 0.125 0.75
vt 0.25 0.125
vt 0.1875 0.1875
vt 0.1875 0.125
vt 0.25 0.1875
vt 0.5 0.1875
vt 0.4375 0.25
vt 0.4375 0.1875
vt 0.5 0.25
vt 0.1875 0.8125
vt 0.1875 0.875
vt 0.6875 0.1875
vt 0.75 0.25
vt 0.6875 0.25
vt 0.75 0.1875
vt 0.3125 0.25
vt 0.25 0.25
vt 0.3125 0.1875
vt 0.5625 0.25
vt 0.625 0.3125
vt 0.5625 0.3125
vt 0.625 0.25
vt 0.5 0.3125
vt 0.4375 0.3125
vt 0.375 0.25
vt 0.375 0.3125
vt 0.5625 0.1875
vt 0.375 0.1875
vt 0.625 0.1875
vt 0.3125 0.125
vt 1 1
vt 0 0
vt 1 0
vt 0.1875 0.25
vt 0.5625 0.625
vt 0.625 0.6875
vt 0.5625 0.6875
vt 0.625 0.625
vt 0.4375 0.5
vt 0.5 0.625
vt 0.4375 0.625
vt 0.5 0.5
vt 0.5 0
vt 0.34375 0.4375
vt 0.28125 0.53125
vt 0.28125 0.4375
vt 0.34375 0.53125
vn 0 1 0
vn 0 0 -1
vn -0.56453245 0.60216794 -0.56453245
vn 0 0.7295372 -0.68394113
vn -0.68394113 0.7295372 0
vn 0.68394113 0.7295372 0
vn 0 0.7295372 0.68394113
vn 0.56453245 0.60216794 0.56453245
vn 0.79543172 0.60604322 0
vn 0 0.39691115 -0.91785704
vn -0.62251263 0.47429533 -0.62251263
vn 0 0.60604322 -0.79543172
vn -0.79543172 0.60604322 0
vn -0.67620103 0.29241125 -0.67620103
vn 0.91785704 0.39691115 0
vn -0.7649112 0.64413575 0
vn -0.60755301 0.51162358 -0.60755301
vn 0 0.64413575 -0.7649112
vn 0.7649112 0.64413575 0
vn 0 0.60604322 0.79543172
vn 0.62251263 0.47429533 0.62251263
vn 0.67620103 0.29241125 0.67620103
vn 0 0.64413575 0.7649112
vn 0.60755301 0.51162358 0.60755301
vn 0 0.70710678 -0.70710678
vn 0.70710678 0.70710678 0
vn -1 0 0
vn 0 0 1
vn 1 0 0
vn -0.57735027 0.57735027 -0.57735027
vn 0 0.70710678 0.70710678
vn -0.70710678 0.70710678 0
vn 0.57735027 0.57735027 0.57735027
vn 0 0.39691115 0.91785704
vn -0.91785704 0.39691115 0
vn -0.20554737 0.38843597 -0.89825819
g Object 23829
usemtl Gemini_Generated_Image_2qm3mg2qm3mg2qm3
f 1/1/1 4/4/1 3/2/1 2/3/1
f 5/5/1 8/8/1 6/6/1 7/7/1
f 9/3/1 12/2/1 10/9/1 11/10/1
f 13/8/1 16/12/1 14/11/1 15/6/1
f 17/13/1 20/16/1 18/14/1 19/15/1
f 21/17/1 24/20/1 22/18/1 23/19/1
f 25/21/1 28/24/1 26/22/1 27/23/1
f 29/21/1 32/24/1 30/22/1 31/23/1
f 33/8/1 36/12/1 34/11/1 35/6/1
f 37/1/1 40/4/1 38/2/1 39/3/1
f 41/25/1 44/13/1 42/15/1 43/26/1
f 45/27/1 48/21/1 46/23/1 47/28/1
f 49/5/1 52/8/1 50/6/1 51/7/1
f 53/29/1 56/31/1 54/27/1 55/30/1
f 57/24/1 60/33/1 58/32/1 59/22/1
f 61/21/1 64/24/1 62/22/1 63/23/1
f 65/30/1 68/27/1 66/28/1 67/34/1
f 69/21/1 72/24/1 70/22/1 71/23/1
f 73/2/1 76/36/1 74/35/1 75/9/1
f 77/37/1 80/38/1 78/31/1 79/29/1
f 81/3/1 84/2/1 82/9/1 83/10/1
f 85/38/1 88/40/1 86/39/1 87/31/1
f 89/28/1 92/23/1 90/41/1 91/42/1
f 93/27/1 96/21/1 94/23/1 95/28/1
f 97/34/1 100/28/1 98/42/1 99/43/1
f 101/29/1 104/31/1 102/27/1 103/30/1
f 105/10/1 108/9/1 106/8/1 107/5/1
f 109/37/1 112/38/1 110/31/1 111/29/1
f 113/3/1 116/2/1 114/9/1 115/10/1
f 117/25/1 120/13/1 118/15/1 119/26/1
f 121/3/1 124/2/1 122/9/1 123/10/1
f 125/31/1 128/39/1 126/21/1 127/27/1
f 129/1/1 132/4/1 130/2/1 131/3/1
f 133/24/1 136/33/1 134/32/1 135/22/1
f 137/3/1 140/2/1 138/9/1 139/10/1
f 141/38/1 144/40/1 142/39/1 143/31/1
f 145/29/1 148/31/1 146/27/1 147/30/1
f 149/31/1 152/39/1 150/21/1 151/27/1
f 153/9/1 156/35/1 154/12/1 155/8/1
f 157/27/1 160/21/1 158/23/1 159/28/1
f 161/17/1 164/20/1 162/18/1 163/19/1
f 165/4/1 168/44/1 166/36/1 167/2/1
f 169/33/1 172/17/1 170/19/1 171/32/1
f 173/31/1 176/39/1 174/21/1 175/27/1
f 177/31/1 180/39/1 178/21/1 179/27/1
f 181/10/1 184/9/1 182/8/1 183/5/1
f 185/2/1 188/36/1 186/35/1 187/9/1
f 189/2/1 192/36/1 190/35/1 191/9/1
f 193/38/1 196/40/1 194/39/1 195/31/1
f 197/17/1 200/20/1 198/18/1 199/19/1
f 201/9/1 204/35/1 202/12/1 203/8/1
f 205/34/1 208/28/1 206/42/1 207/43/1
f 209/21/1 212/24/1 210/22/1 211/23/1
f 213/34/1 216/28/1 214/42/1 215/43/1
f 217/1/1 220/4/1 218/2/1 219/3/1
f 221/24/1 224/33/1 222/32/1 223/22/1
f 225/33/1 228/17/1 226/19/1 227/32/1
f 229/13/1 232/16/1 230/14/1 231/15/1
f 233/17/1 236/20/1 234/18/1 235/19/1
f 237/3/1 240/2/1 238/9/1 239/10/1
f 241/30/1 244/27/1 242/28/1 243/34/1
f 245/3/1 248/2/1 246/9/1 247/10/1
f 249/8/1 252/12/1 250/11/1 251/6/1
f 253/34/1 256/28/1 254/42/1 255/43/1
f 257/38/1 260/40/1 258/39/1 259/31/1
f 261/3/1 264/2/1 262/9/1 263/10/1
f 265/33/1 268/17/1 266/19/1 267/32/1
f 269/33/1 272/17/1 270/19/1 271/32/1
f 273/1/1 276/4/1 274/2/1 275/3/1
f 277/30/1 280/27/1 278/28/1 279/34/1
f 281/25/1 284/13/1 282/15/1 283/26/1
f 285/34/1 288/28/1 286/42/1 287/43/1
f 289/27/1 292/21/1 290/23/1 291/28/1
f 293/33/1 296/17/1 294/19/1 295/32/1
f 297/13/1 300/16/1 298/14/1 299/15/1
f 301/21/1 304/24/1 302/22/1 303/23/1
f 305/13/1 308/16/1 306/14/1 307/15/1
f 309/45/1 312/48/1 310/46/1 311/47/1
f 313/37/1 316/38/1 314/31/1 315/29/1
f 317/5/1 320/8/1 318/6/1 319/7/1
f 321/17/1 324/20/1 322/18/1 323/19/1
f 325/9/1 328/35/1 326/12/1 327/8/1
f 329/9/1 332/35/1 330/12/1 331/8/1
f 333/21/1 336/24/1 334/22/1 335/23/1
f 337/4/1 340/44/1 338/36/1 339/2/1
f 341/27/1 344/21/1 342/23/1 343/28/1
f 345/49/1 348/52/1 346/50/1 347/51/1
f 349/33/1 352/17/1 350/19/1 351/32/1
f 353/9/1 356/35/1 354/12/1 355/8/1
f 357/4/1 360/44/1 358/36/1 359/2/1
f 361/28/1 364/23/1 362/41/1 363/42/1
f 365/25/1 368/13/1 366/15/1 367/26/1
f 369/4/1 372/44/1 370/36/1 371/2/1
f 373/28/1 376/23/1 374/41/1 375/42/1
f 377/37/1 380/38/1 378/31/1 379/29/1
f 381/34/1 384/28/1 382/42/1 383/43/1
f 385/9/1 388/35/1 386/12/1 387/8/1
f 389/30/1 392/27/1 390/28/1 391/34/1
f 393/8/1 396/12/1 394/11/1 395/6/1
f 397/5/1 400/8/1 398/6/1 399/7/1
f 401/5/1 404/8/1 402/6/1 403/7/1
f 405/34/1 408/28/1 406/42/1 407/43/1
f 409/1/1 412/4/1 410/2/1 411/3/1
f 413/17/1 416/20/1 414/18/1 415/19/1
f 417/8/1 420/12/1 418/11/1 419/6/1
f 421/1/1 424/4/1 422/2/1 423/3/1
f 425/33/1 428/17/1 426/19/1 427/32/1
f 429/33/1 432/17/1 430/19/1 431/32/1
f 433/10/1 436/9/1 434/8/1 435/5/1
f 437/5/1 440/8/1 438/6/1 439/7/1
f 441/2/1 444/36/1 442/35/1 443/9/1
f 445/3/1 448/2/1 446/9/1 447/10/1
f 449/4/1 452/44/1 450/36/1 451/2/1
f 453/38/1 456/40/1 454/39/1 455/31/1
f 457/38/1 460/40/1 458/39/1 459/31/1
f 461/27/1 464/21/1 462/23/1 463/28/1
f 465/1/1 468/4/1 466/2/1 467/3/1
f 469/37/1 472/38/1 470/31/1 471/29/1
f 473/29/1 476/31/1 474/27/1 475/30/1
f 477/29/1 480/31/1 478/27/1 479/30/1
f 481/38/1 484/40/1 482/39/1 483/31/1
f 485/1/1 488/4/1 486/2/1 487/3/1
f 489/34/1 492/28/1 490/42/1 491/43/1
f 493/21/1 496/24/1 494/22/1 495/23/1
f 497/28/1 500/23/1 498/41/1 499/42/1
f 501/28/1 504/23/1 502/41/1 503/42/1
f 505/1/1 508/4/1 506/2/1 507/3/1
f 509/30/1 512/27/1 510/28/1 511/34/1
f 513/38/1 516/40/1 514/39/1 515/31/1
f 517/1/1 520/4/1 518/2/1 519/3/1
f 521/27/1 524/21/1 522/23/1 523/28/1
f 525/38/1 528/40/1 526/39/1 527/31/1
f 529/28/1 532/23/1 530/41/1 531/42/1
f 533/1/1 536/4/1 534/2/1 535/3/1
f 537/25/1 540/13/1 538/15/1 539/26/1
f 541/8/1 544/12/1 542/11/1 543/6/1
f 545/3/1 548/2/1 546/9/1 547/10/1
f 549/38/1 552/40/1 550/39/1 551/31/1
f 553/34/1 556/28/1 554/42/1 555/43/1
f 557/4/1 560/44/1 558/36/1 559/2/1
f 561/38/1 564/40/1 562/39/1 563/31/1
f 565/33/1 568/17/1 566/19/1 567/32/1
f 569/25/1 572/13/1 570/15/1 571/26/1
f 573/24/1 576/33/1 574/32/1 575/22/1
f 577/30/1 580/27/1 578/28/1 579/34/1
f 581/31/1 584/39/1 582/21/1 583/27/1
f 585/37/1 588/38/1 586/31/1 587/29/1
f 589/35/1 592/36/1 590/53/1 591/54/1
f 593/35/1 596/36/1 594/53/1 595/54/1
f 597/55/2 600/58/2 598/56/2 599/57/2
f 601/4/1 604/44/1 602/36/1 603/2/1
f 605/17/1 608/20/1 606/18/1 607/19/1
f 609/31/1 612/39/1 610/21/1 611/27/1
f 613/33/1 616/17/1 614/19/1 615/32/1
f 617/25/1 620/13/1 618/15/1 619/26/1
f 621/3/1 624/2/1 622/9/1 623/10/1
f 625/37/1 628/38/1 626/31/1 627/29/1
f 629/28/1 632/23/1 630/41/1 631/42/1
f 633/35/1 636/36/1 634/53/1 635/54/1
f 637/8/1 640/12/1 638/11/1 639/6/1
f 641/27/1 644/21/1 642/23/1 643/28/1
f 645/48/2 648/61/2 646/59/2 647/60/2
f 649/8/1 652/12/1 650/11/1 651/6/1
f 653/24/1 656/33/1 654/32/1 655/22/1
f 657/28/1 660/23/1 658/41/1 659/42/1
f 661/2/1 664/36/1 662/35/1 663/9/1
f 665/10/1 668/9/1 666/8/1 667/5/1
f 669/25/1 672/13/1 670/15/1 671/26/1
f 673/25/1 676/13/1 674/15/1 675/26/1
f 677/10/1 680/9/1 678/8/1 679/5/1
f 681/9/1 684/35/1 682/12/1 683/8/1
f 685/35/1 688/36/1 686/53/1 687/54/1
f 689/8/1 692/12/1 690/11/1 691/6/1
f 693/35/1 696/36/1 694/53/1 695/54/1
f 697/62/2 700/65/2 698/63/2 699/64/2
f 701/31/1 704/39/1 702/21/1 703/27/1
f 705/34/1 708/28/1 706/42/1 707/43/1
f 709/37/1 712/38/1 710/31/1 711/29/1
f 713/17/1 716/20/1 714/18/1 715/19/1
f 717/27/1 720/21/1 718/23/1 719/28/1
f 721/29/1 724/31/1 722/27/1 723/30/1
f 725/2/1 728/36/1 726/35/1 727/9/1
f 729/33/1 732/17/1 730/19/1 731/32/1
f 733/21/1 736/24/1 734/22/1 735/23/1
f 737/25/1 740/13/1 738/15/1 739/26/1
f 741/17/1 744/20/1 742/18/1 743/19/1
f 745/35/1 748/36/1 746/53/1 747/54/1
f 749/8/1 752/12/1 750/11/1 751/6/1
f 753/50/2 756/52/2 754/66/2 755/67/2
f 757/38/1 760/40/1 758/39/1 759/31/1
f 761/3/1 764/2/1 762/9/1 763/10/1
f 765/8/1 768/12/1 766/11/1 767/6/1
f 769/29/1 772/31/1 770/27/1 771/30/1
f 773/25/1 776/13/1 774/15/1 775/26/1
f 777/21/1 780/24/1 778/22/1 779/23/1
f 781/30/1 784/27/1 782/28/1 783/34/1
f 785/4/1 788/44/1 786/36/1 787/2/1
f 789/35/1 792/36/1 790/53/1 791/54/1
f 793/9/1 796/35/1 794/12/1 795/8/1
f 797/4/1 800/44/1 798/36/1 799/2/1
f 801/68/2 804/50/2 802/67/2 803/69/2
f 805/30/1 808/27/1 806/28/1 807/34/1
f 809/8/1 812/12/1 810/11/1 811/6/1
f 813/38/1 816/40/1 814/39/1 815/31/1
f 817/2/1 820/36/1 818/35/1 819/9/1
f 821/29/1 824/31/1 822/27/1 823/30/1
f 825/27/1 828/21/1 826/23/1 827/28/1
f 829/3/1 832/2/1 830/9/1 831/10/1
f 833/8/1 836/12/1 834/11/1 835/6/1
f 837/34/1 840/28/1 838/42/1 839/43/1
f 841/34/1 844/28/1 842/42/1 843/43/1
f 845/27/1 848/21/1 846/23/1 847/28/1
f 849/1/1 852/4/1 850/2/1 851/3/1
f 853/5/1 856/8/1 854/6/1 855/7/1
f 857/25/1 860/13/1 858/15/1 859/26/1
f 861/29/1 864/31/1 862/27/1 863/30/1
f 865/30/1 868/27/1 866/28/1 867/34/1
f 869/25/1 872/13/1 870/15/1 871/26/1
f 873/34/1 876/28/1 874/42/1 875/43/1
f 877/31/1 880/39/1 878/21/1 879/27/1
f 881/3/1 884/2/1 882/9/1 883/10/1
f 885/24/1 888/33/1 886/32/1 887/22/1
f 889/24/1 892/33/1 890/32/1 891/22/1
f 893/29/1 896/31/1 894/27/1 895/30/1
f 897/1/1 900/4/1 898/2/1 899/3/1
f 901/4/1 904/44/1 902/36/1 903/2/1
f 905/10/1 908/9/1 906/8/1 907/5/1
f 909/31/1 912/39/1 910/21/1 911/27/1
f 913/9/1 916/35/1 914/12/1 915/8/1
f 917/38/1 920/40/1 918/39/1 919/31/1
f 921/28/1 924/23/1 922/41/1 923/42/1
f 925/31/1 928/39/1 926/21/1 927/27/1
f 929/28/1 932/23/1 930/41/1 931/42/1
f 933/30/1 936/27/1 934/28/1 935/34/1
f 937/21/1 940/24/1 938/22/1 939/23/1
f 941/5/1 944/8/1 942/6/1 943/7/1
f 945/27/1 948/21/1 946/23/1 947/28/1
f 949/34/1 952/28/1 950/42/1 951/43/1
f 953/21/1 956/24/1 954/22/1 955/23/1
f 957/37/1 960/38/1 958/31/1 959/29/1
f 961/30/1 964/27/1 962/28/1 963/34/1
f 965/27/1 968/21/1 966/23/1 967/28/1
f 969/10/1 972/9/1 970/8/1 971/5/1
f 973/38/1 976/40/1 974/39/1 975/31/1
f 977/3/1 980/2/1 978/9/1 979/10/1
f 981/2/1 984/36/1 982/35/1 983/9/1
f 985/5/1 988/8/1 986/6/1 987/7/1
f 989/38/1 992/40/1 990/39/1 991/31/1
f 993/3/1 996/2/1 994/9/1 995/10/1
f 997/33/1 1000/17/1 998/19/1 999/32/1
f 1001/34/1 1004/28/1 1002/42/1 1003/43/1
f 1005/2/1 1008/36/1 1006/35/1 1007/9/1
f 1009/30/1 1012/27/1 1010/28/1 1011/34/1
f 1013/9/1 1016/35/1 1014/12/1 1015/8/1
f 1017/38/1 1020/40/1 1018/39/1 1019/31/1
f 1021/25/1 1024/13/1 1022/15/1 1023/26/1
f 1025/13/1 1028/16/1 1026/14/1 1027/15/1
f 1029/70/1 1032/62/3 1030/52/1 1031/49/1
f 1033/52/4 1036/50/4 1034/51/4 1035/49/4
f 1037/50/4 1040/68/4 1038/71/4 1039/51/4
f 1041/62/4 1044/52/4 1042/49/4 1043/70/4
f 1045/62/4 1048/52/4 1046/49/4 1047/70/4
f 1049/5/1 1052/8/1 1050/6/1 1051/7/1
f 1053/25/1 1056/13/1 1054/15/1 1055/26/1
f 1057/28/1 1060/23/1 1058/41/1 1059/42/1
f 1061/24/1 1064/33/1 1062/32/1 1063/22/1
f 1065/24/1 1068/33/1 1066/32/1 1067/22/1
f 1069/21/1 1072/24/1 1070/22/1 1071/23/1
f 1073/27/1 1076/21/1 1074/23/1 1075/28/1
f 1077/27/1 1080/21/1 1078/23/1 1079/28/1
f 1081/3/1 1084/2/1 1082/9/1 1083/10/1
f 1085/51/5 1088/50/5 1086/68/5 1087/71/5
f 1089/4/1 1092/44/1 1090/36/1 1091/2/1
f 1093/28/1 1096/23/1 1094/41/1 1095/42/1
f 1097/68/1 1100/71/1 1098/51/1 1099/50/1
f 1101/38/1 1104/40/1 1102/39/1 1103/31/1
f 1105/52/6 1108/49/6 1106/70/6 1107/62/6
f 1109/25/1 1112/13/1 1110/15/1 1111/26/1
f 1113/34/1 1116/28/1 1114/42/1 1115/43/1
f 1117/25/1 1120/13/1 1118/15/1 1119/26/1
f 1121/29/1 1124/31/1 1122/27/1 1123/30/1
f 1125/17/1 1128/20/1 1126/18/1 1127/19/1
f 1129/29/1 1132/31/1 1130/27/1 1131/30/1
f 1133/30/1 1136/27/1 1134/28/1 1135/34/1
f 1137/45/5 1140/48/5 1138/46/5 1139/47/5
f 1141/24/1 1144/33/1 1142/32/1 1143/22/1
f 1145/17/1 1148/20/1 1146/18/1 1147/19/1
f 1149/9/1 1152/35/1 1150/12/1 1151/8/1
f 1153/33/1 1156/17/1 1154/19/1 1155/32/1
f 1157/68/6 1160/71/6 1158/51/6 1159/50/6
f 1161/9/1 1164/35/1 1162/12/1 1163/8/1
f 1165/13/1 1168/16/1 1166/14/1 1167/15/1
f 1169/34/1 1172/28/1 1170/42/1 1171/43/1
f 1173/30/1 1176/27/1 1174/28/1 1175/34/1
f 1177/34/1 1180/28/1 1178/42/1 1179/43/1
f 1181/30/1 1184/27/1 1182/28/1 1183/34/1
f 1185/29/1 1188/37/1 1186/38/1 1187/31/1
f 1189/13/1 1192/16/1 1190/14/1 1191/15/1
f 1193/4/1 1196/44/1 1194/36/1 1195/2/1
f 1197/47/7 1200/45/7 1198/48/7 1199/46/7
f 1201/7/1 1204/5/1 1202/8/1 1203/6/1
f 1205/47/7 1208/45/7 1206/48/7 1207/46/7
f 1209/70/7 1212/72/7 1210/65/7 1211/62/7
f 1213/51/8 1216/49/1 1214/52/8 1215/50/8
f 1217/43/1 1220/34/1 1218/28/1 1219/42/1
f 1221/13/1 1224/16/1 1222/14/1 1223/15/1
f 1225/21/1 1228/24/1 1226/22/1 1227/23/1
f 1229/37/1 1232/38/1 1230/31/1 1231/29/1
f 1233/17/1 1236/20/1 1234/18/1 1235/19/1
f 1237/33/1 1240/17/1 1238/19/1 1239/32/1
f 1241/21/1 1244/24/1 1242/22/1 1243/23/1
f 1245/9/1 1248/35/1 1246/12/1 1247/8/1
f 1249/2/1 1252/36/1 1250/35/1 1251/9/1
f 1253/27/1 1256/21/1 1254/23/1 1255/28/1
f 1257/1/1 1260/4/1 1258/2/1 1259/3/1
f 1261/17/1 1264/20/1 1262/18/1 1263/19/1
f 1265/17/1 1268/20/1 1266/18/1 1267/19/1
f 1269/27/1 1272/21/1 1270/23/1 1271/28/1
f 1273/9/1 1276/35/1 1274/12/1 1275/8/1
f 1277/31/1 1280/38/1 1278/40/1 1279/39/1
f 1281/24/1 1284/33/1 1282/32/1 1283/22/1
f 1285/27/1 1288/21/1 1286/23/1 1287/28/1
f 1289/10/1 1292/9/1 1290/8/1 1291/5/1
f 1293/28/1 1296/23/1 1294/41/1 1295/42/1
f 1297/30/1 1300/29/1 1298/31/1 1299/27/1
f 1301/9/1 1304/35/1 1302/12/1 1303/8/1
f 1305/17/1 1308/20/1 1306/18/1 1307/19/1
f 1309/38/1 1312/40/1 1310/39/1 1311/31/1
f 1313/24/1 1316/33/1 1314/32/1 1315/22/1
f 1317/29/1 1320/31/1 1318/27/1 1319/30/1
f 1321/1/1 1324/4/1 1322/2/1 1323/3/1
f 1325/4/1 1328/44/1 1326/36/1 1327/2/1
f 1329/33/1 1332/17/1 1330/19/1 1331/32/1
f 1333/38/1 1336/40/1 1334/39/1 1335/31/1
f 1337/28/1 1340/23/1 1338/41/1 1339/42/1
f 1341/25/1 1344/13/1 1342/15/1 1343/26/1
f 1345/5/1 1348/8/1 1346/6/1 1347/7/1
f 1349/9/1 1352/35/1 1350/12/1 1351/8/1
f 1353/2/1 1356/36/1 1354/35/1 1355/9/1
f 1357/3/1 1360/2/1 1358/9/1 1359/10/1
f 1361/37/1 1364/38/1 1362/31/1 1363/29/1
f 1365/5/1 1368/8/1 1366/6/1 1367/7/1
f 1369/9/1 1372/35/1 1370/12/1 1371/8/1
f 1373/17/1 1376/20/1 1374/18/1 1375/19/1
f 1377/24/1 1380/33/1 1378/32/1 1379/22/1
f 1381/10/1 1384/9/1 1382/8/1 1383/5/1
f 1385/34/1 1388/28/1 1386/42/1 1387/43/1
f 1389/29/1 1392/31/1 1390/27/1 1391/30/1
f 1393/21/1 1396/24/1 1394/22/1 1395/23/1
f 1397/10/1 1400/9/1 1398/8/1 1399/5/1
f 1401/5/1 1404/8/1 1402/6/1 1403/7/1
f 1405/21/1 1408/24/1 1406/22/1 1407/23/1
f 1409/35/1 1412/36/1 1410/53/1 1411/54/1
f 1413/3/1 1416/2/1 1414/9/1 1415/10/1
f 1417/5/1 1420/8/1 1418/6/1 1419/7/1
f 1421/8/1 1424/12/1 1422/11/1 1423/6/1
f 1425/1/1 1428/4/1 1426/2/1 1427/3/1
f 1429/1/1 1432/4/1 1430/2/1 1431/3/1
f 1433/33/1 1436/17/1 1434/19/1 1435/32/1
f 1437/33/1 1440/17/1 1438/19/1 1439/32/1
f 1441/3/1 1444/2/1 1442/9/1 1443/10/1
f 1445/29/1 1448/31/1 1446/27/1 1447/30/1
f 1449/34/1 1452/28/1 1450/42/1 1451/43/1
f 1453/37/1 1456/38/1 1454/31/1 1455/29/1
f 1457/21/1 1460/24/1 1458/22/1 1459/23/1
f 1461/30/1 1464/27/1 1462/28/1 1463/34/1
f 1465/38/1 1468/40/1 1466/39/1 1467/31/1
f 1469/3/1 1472/2/1 1470/9/1 1471/10/1
f 1473/5/1 1476/8/1 1474/6/1 1475/7/1
f 1477/70/1 1480/62/1 1478/52/1 1479/49/1
f 1481/13/1 1484/16/1 1482/14/1 1483/15/1
f 1485/24/1 1488/33/1 1486/32/1 1487/22/1
f 1489/8/1 1492/12/1 1490/11/1 1491/6/1
f 1493/33/1 1496/17/1 1494/19/1 1495/32/1
f 1497/34/1 1500/28/1 1498/42/1 1499/43/1
f 1501/4/1 1504/44/1 1502/36/1 1503/2/1
f 1505/10/1 1508/9/1 1506/8/1 1507/5/1
f 1509/4/1 1512/44/1 1510/36/1 1511/2/1
f 1513/17/1 1516/20/1 1514/18/1 1515/19/1
f 1517/10/1 1520/9/1 1518/8/1 1519/5/1
f 1521/3/1 1524/2/1 1522/9/1 1523/10/1
f 1525/27/1 1528/21/1 1526/23/1 1527/28/1
f 1529/38/1 1532/40/1 1530/39/1 1531/31/1
f 1533/1/1 1536/4/1 1534/2/1 1535/3/1
f 1537/9/1 1540/35/1 1538/12/1 1539/8/1
f 1541/30/1 1544/27/1 1542/28/1 1543/34/1
f 1545/21/1 1548/24/1 1546/22/1 1547/23/1
f 1549/3/1 1552/2/1 1550/9/1 1551/10/1
f 1553/24/1 1556/33/1 1554/32/1 1555/22/1
f 1557/29/1 1560/31/1 1558/27/1 1559/30/1
f 1561/24/1 1564/33/1 1562/32/1 1563/22/1
f 1565/13/1 1568/16/1 1566/14/1 1567/15/1
f 1569/37/1 1572/38/1 1570/31/1 1571/29/1
f 1573/29/1 1576/31/1 1574/27/1 1575/30/1
f 1577/3/1 1580/2/1 1578/9/1 1579/10/1
f 1581/3/1 1584/2/1 1582/9/1 1583/10/1
f 1585/10/1 1588/9/1 1586/8/1 1587/5/1
f 1589/37/1 1592/38/1 1590/31/1 1591/29/1
f 1593/27/1 1596/21/1 1594/23/1 1595/28/1
f 1597/3/1 1600/2/1 1598/9/1 1599/10/1
f 1601/34/1 1604/28/1 1602/42/1 1603/43/1
f 1605/1/1 1608/4/1 1606/2/1 1607/3/1
f 1609/38/1 1612/40/1 1610/39/1 1611/31/1
f 1613/51/5 1616/50/7 1614/68/5 1615/71/5
f 1617/30/1 1620/27/1 1618/28/1 1619/34/1
f 1621/10/1 1624/9/1 1622/8/1 1623/5/1
f 1625/17/1 1628/20/1 1626/18/1 1627/19/1
f 1629/30/1 1632/27/1 1630/28/1 1631/34/1
f 1633/28/1 1636/23/1 1634/41/1 1635/42/1
f 1637/25/1 1640/13/1 1638/15/1 1639/26/1
f 1641/10/1 1644/9/1 1642/8/1 1643/5/1
f 1645/31/1 1648/39/1 1646/21/1 1647/27/1
f 1649/13/1 1652/16/1 1650/14/1 1651/15/1
f 1653/31/1 1656/39/1 1654/21/1 1655/27/1
f 1657/33/1 1660/17/1 1658/19/1 1659/32/1
f 1661/38/1 1664/40/1 1662/39/1 1663/31/1
f 1665/24/1 1668/33/1 1666/32/1 1667/22/1
f 1669/30/1 1672/27/1 1670/28/1 1671/34/1
f 1673/17/1 1676/20/1 1674/18/1 1675/19/1
f 1677/5/1 1680/8/1 1678/6/1 1679/7/1
f 1681/21/1 1684/24/1 1682/22/1 1683/23/1
f 1685/37/1 1688/38/1 1686/31/1 1687/29/1
f 1689/3/1 1692/2/1 1690/9/1 1691/10/1
f 1693/5/1 1696/8/1 1694/6/1 1695/7/1
f 1697/31/1 1700/39/1 1698/21/1 1699/27/1
f 1701/33/1 1704/17/1 1702/19/1 1703/32/1
f 1705/10/1 1708/9/1 1706/8/1 1707/5/1
f 1709/4/1 1712/44/1 1710/36/1 1711/2/1
f 1713/3/1 1716/2/1 1714/9/1 1715/10/1
f 1717/34/1 1720/28/1 1718/42/1 1719/43/1
f 1721/33/1 1724/17/1 1722/19/1 1723/32/1
f 1725/1/1 1728/4/1 1726/2/1 1727/3/1
f 1729/25/1 1732/13/1 1730/15/1 1731/26/1
f 1733/17/1 1736/20/1 1734/18/1 1735/19/1
f 1737/24/1 1740/33/1 1738/32/1 1739/22/1
f 1741/13/1 1744/16/1 1742/14/1 1743/15/1
f 1745/3/1 1748/2/1 1746/9/1 1747/10/1
f 1749/34/1 1752/28/1 1750/42/1 1751/43/1
f 1753/17/1 1756/20/1 1754/18/1 1755/19/1
f 1757/49/1 1760/52/1 1758/50/1 1759/51/1
f 1761/37/1 1764/38/1 1762/31/1 1763/29/1
f 1765/25/1 1768/13/1 1766/15/1 1767/26/1
f 1769/30/1 1772/27/1 1770/28/1 1771/34/1
f 1773/27/1 1776/21/1 1774/23/1 1775/28/1
f 1777/5/1 1780/8/1 1778/6/1 1779/7/1
f 1781/25/1 1784/13/1 1782/15/1 1783/26/1
f 1785/27/1 1788/21/1 1786/23/1 1787/28/1
f 1789/21/1 1792/24/1 1790/22/1 1791/23/1
f 1793/33/1 1796/17/1 1794/19/1 1795/32/1
f 1797/33/1 1800/17/1 1798/19/1 1799/32/1
f 1801/31/1 1804/39/1 1802/21/1 1803/27/1
f 1805/1/1 1808/4/1 1806/2/1 1807/3/1
f 1809/34/1 1812/28/1 1810/42/1 1811/43/1
f 1813/8/1 1816/12/1 1814/11/1 1815/6/1
f 1817/38/1 1820/40/1 1818/39/1 1819/31/1
f 1821/3/1 1824/2/1 1822/9/1 1823/10/1
f 1825/31/1 1828/39/1 1826/21/1 1827/27/1
f 1829/2/1 1832/36/1 1830/35/1 1831/9/1
f 1833/13/1 1836/16/1 1834/14/1 1835/15/1
f 1837/33/1 1840/17/1 1838/19/1 1839/32/1
f 1841/9/1 1844/35/1 1842/12/1 1843/8/1
f 1845/4/1 1848/44/1 1846/36/1 1847/2/1
f 1849/21/1 1852/24/1 1850/22/1 1851/23/1
f 1853/34/1 1856/28/1 1854/42/1 1855/43/1
f 1857/2/1 1860/36/1 1858/35/1 1859/9/1
f 1861/8/1 1864/12/1 1862/11/1 1863/6/1
f 1865/2/1 1868/36/1 1866/35/1 1867/9/1
f 1869/4/1 1872/44/1 1870/36/1 1871/2/1
f 1873/33/1 1876/17/1 1874/19/1 1875/32/1
f 1877/45/1 1880/48/1 1878/46/1 1879/47/1
f 1881/25/1 1884/13/1 1882/15/1 1883/26/1
f 1885/37/1 1888/38/1 1886/31/1 1887/29/1
f 1889/34/1 1892/28/1 1890/42/1 1891/43/1
f 1893/17/1 1896/20/1 1894/18/1 1895/19/1
f 1897/3/1 1900/2/1 1898/9/1 1899/10/1
f 1901/17/1 1904/20/1 1902/18/1 1903/19/1
f 1905/21/1 1908/24/1 1906/22/1 1907/23/1
f 1909/46/9 1912/47/9 1910/45/9 1911/48/9
f 1913/24/1 1916/33/1 1914/32/1 1915/22/1
f 1917/17/1 1920/20/1 1918/18/1 1919/19/1
f 1921/27/1 1924/21/1 1922/23/1 1923/28/1
f 1925/27/1 1928/21/1 1926/23/1 1927/28/1
f 1929/38/1 1932/40/1 1930/39/1 1931/31/1
f 1933/27/1 1936/21/1 1934/23/1 1935/28/1
f 1937/38/1 1940/40/1 1938/39/1 1939/31/1
f 1941/31/1 1944/39/1 1942/21/1 1943/27/1
f 1945/24/1 1948/33/1 1946/32/1 1947/22/1
f 1949/21/1 1952/24/1 1950/22/1 1951/23/1
f 1953/1/1 1956/4/1 1954/2/1 1955/3/1
f 1957/5/1 1960/8/1 1958/6/1 1959/7/1
f 1961/9/1 1964/35/1 1962/12/1 1963/8/1
f 1965/1/1 1968/4/1 1966/2/1 1967/3/1
f 1969/48/9 1972/45/9 1970/73/9 1971/61/9
f 1973/72/1 1976/65/1 1974/62/1 1975/70/1
f 1977/30/1 1980/27/1 1978/28/1 1979/34/1
f 1981/3/1 1984/2/1 1982/9/1 1983/10/1
f 1985/17/1 1988/20/1 1986/18/1 1987/19/1
f 1989/1/1 1992/4/1 1990/2/1 1991/3/1
f 1993/9/1 1996/35/1 1994/12/1 1995/8/1
f 1997/37/1 2000/38/1 1998/31/1 1999/29/1
f 2001/28/1 2004/23/1 2002/41/1 2003/42/1
usemtl 1
f 2005/74/10 2008/7/10 2006/75/10 2007/76/10
usemtl Gemini_Generated_Image_2qm3mg2qm3mg2qm3
f 2009/21/1 2012/24/1 2010/22/1 2011/23/1
f 2013/21/1 2016/24/1 2014/22/1 2015/23/1
f 2017/25/1 2020/13/1 2018/15/1 2019/26/1
f 2021/25/1 2024/13/1 2022/15/1 2023/26/1
f 2025/17/1 2028/20/1 2026/18/1 2027/19/1
f 2029/52/9 2032/49/9 2030/70/9 2031/62/9
f 2033/25/1 2036/13/1 2034/15/1 2035/26/1
f 2037/34/1 2040/28/1 2038/42/1 2039/43/1
f 2041/24/1 2044/33/1 2042/32/1 2043/22/1
f 2045/1/1 2048/4/1 2046/2/1 2047/3/1
f 2049/21/1 2052/24/1 2050/22/1 2051/23/1
f 2053/46/1 2056/47/11 2054/45/1 2055/48/1
f 2057/52/12 2060/49/12 2058/70/12 2059/62/12
f 2061/50/12 2064/51/12 2062/49/12 2063/52/12
f 2065/48/12 2068/45/9 2066/73/12 2067/61/12
usemtl 1
f 2069/74/10 2072/7/10 2070/75/10 2071/76/10
usemtl Gemini_Generated_Image_2qm3mg2qm3mg2qm3
f 2073/30/1 2076/27/1 2074/28/1 2075/34/1
f 2077/10/1 2080/9/1 2078/8/1 2079/5/1
f 2081/24/1 2084/33/1 2082/32/1 2083/22/1
f 2085/8/1 2088/12/1 2086/11/1 2087/6/1
f 2089/31/1 2092/39/1 2090/21/1 2091/27/1
f 2093/34/1 2096/28/1 2094/42/1 2095/43/1
f 2097/17/1 2100/20/1 2098/18/1 2099/19/1
f 2101/33/1 2104/17/1 2102/19/1 2103/32/1
f 2105/8/1 2108/12/1 2106/11/1 2107/6/1
f 2109/2/1 2112/36/1 2110/35/1 2111/9/1
f 2113/31/1 2116/39/1 2114/21/1 2115/27/1
f 2117/48/13 2120/45/13 2118/73/13 2119/61/13
f 2121/29/1 2124/31/1 2122/27/1 2123/30/1
f 2125/13/1 2128/16/1 2126/14/1 2127/15/1
usemtl 1
f 2129/74/14 2132/7/1 2130/75/14 2131/76/14
usemtl Gemini_Generated_Image_2qm3mg2qm3mg2qm3
f 2133/4/1 2136/44/1 2134/36/1 2135/2/1
f 2137/13/1 2140/16/1 2138/14/1 2139/15/1
f 2141/31/1 2144/39/1 2142/21/1 2143/27/1
f 2145/30/1 2148/27/1 2146/28/1 2147/34/1
f 2149/25/1 2152/13/1 2150/15/1 2151/26/1
f 2153/31/1 2156/39/1 2154/21/1 2155/27/1
f 2157/5/1 2160/8/1 2158/6/1 2159/7/1
f 2161/27/1 2164/21/1 2162/23/1 2163/28/1
f 2165/9/1 2168/35/1 2166/12/1 2167/8/1
f 2169/25/1 2172/13/1 2170/15/1 2171/26/1
f 2173/5/1 2176/8/1 2174/6/1 2175/7/1
f 2177/24/1 2180/33/1 2178/32/1 2179/22/1
f 2181/50/13 2184/51/13 2182/49/13 2183/52/13
f 2185/34/1 2188/28/1 2186/42/1 2187/43/1
f 2189/31/1 2192/39/1 2190/21/1 2191/27/1
usemtl 1
f 2193/74/15 2196/7/10 2194/75/15 2195/76/15
usemtl Gemini_Generated_Image_2qm3mg2qm3mg2qm3
f 2197/2/1 2200/36/1 2198/35/1 2199/9/1
f 2201/31/1 2204/39/1 2202/21/1 2203/27/1
f 2205/13/1 2208/16/1 2206/14/1 2207/15/1
f 2209/25/1 2212/13/1 2210/15/1 2211/26/1
f 2213/37/1 2216/38/1 2214/31/1 2215/29/1
f 2217/3/1 2220/2/1 2218/9/1 2219/10/1
f 2221/9/1 2224/35/1 2222/12/1 2223/8/1
f 2225/8/1 2228/12/1 2226/11/1 2227/6/1
f 2229/25/1 2232/13/1 2230/15/1 2231/26/1
f 2233/21/1 2236/24/1 2234/22/1 2235/23/1
f 2237/28/1 2240/23/1 2238/41/1 2239/42/1
f 2241/5/1 2244/8/1 2242/6/1 2243/7/1
f 2245/48/13 2248/45/13 2246/73/13 2247/61/13
f 2249/30/1 2252/27/1 2250/28/1 2251/34/1
f 2253/13/1 2256/16/1 2254/14/1 2255/15/1
f 2257/45/16 2260/48/16 2258/46/16 2259/47/16
f 2261/17/1 2264/20/1 2262/18/1 2263/19/1
f 2265/9/1 2268/35/1 2266/12/1 2267/8/1
f 2269/31/1 2272/39/1 2270/21/1 2271/27/1
f 2273/34/1 2276/28/1 2274/42/1 2275/43/1
f 2277/8/1 2280/12/1 2278/11/1 2279/6/1
f 2281/30/1 2284/27/1 2282/28/1 2283/34/1
f 2285/25/1 2288/13/1 2286/15/1 2287/26/1
f 2289/4/1 2292/44/1 2290/36/1 2291/2/1
f 2293/24/1 2296/33/1 2294/32/1 2295/22/1
f 2297/28/1 2300/23/1 2298/41/1 2299/42/1
f 2301/5/1 2304/8/1 2302/6/1 2303/7/1
f 2305/25/1 2308/13/1 2306/15/1 2307/26/1
f 2309/62/13 2312/70/13 2310/72/13 2311/65/13
f 2313/37/1 2316/38/1 2314/31/1 2315/29/1
f 2317/24/1 2320/33/1 2318/32/1 2319/22/1
f 2321/70/16 2324/62/16 2322/52/16 2323/49/16
f 2325/38/1 2328/40/1 2326/39/1 2327/31/1
f 2329/31/1 2332/39/1 2330/21/1 2331/27/1
f 2333/17/1 2336/20/1 2334/18/1 2335/19/1
f 2337/2/1 2340/36/1 2338/35/1 2339/9/1
f 2341/33/1 2344/17/1 2342/19/1 2343/32/1
f 2345/38/1 2348/40/1 2346/39/1 2347/31/1
f 2349/2/1 2352/36/1 2350/35/1 2351/9/1
f 2353/3/1 2356/2/1 2354/9/1 2355/10/1
f 2357/34/1 2360/28/1 2358/42/1 2359/43/1
f 2361/38/1 2364/40/1 2362/39/1 2363/31/1
f 2365/29/1 2368/31/1 2366/27/1 2367/30/1
f 2369/24/1 2372/33/1 2370/32/1 2371/22/1
f 2373/62/13 2376/70/13 2374/72/13 2375/65/13
f 2377/8/1 2380/12/1 2378/11/1 2379/6/1
f 2381/8/1 2384/12/1 2382/11/1 2383/6/1
f 2385/10/1 2388/9/1 2386/8/1 2387/5/1
f 2389/37/1 2392/38/1 2390/31/1 2391/29/1
f 2393/33/1 2396/17/1 2394/19/1 2395/32/1
f 2397/1/1 2400/4/1 2398/2/1 2399/3/1
f 2401/1/1 2404/4/1 2402/2/1 2403/3/1
f 2405/46/1 2408/47/17 2406/45/1 2407/48/1
f 2409/49/18 2412/70/18 2410/62/18 2411/52/18
f 2413/71/18 2416/51/18 2414/50/18 2415/68/18
f 2417/70/18 2420/72/18 2418/65/18 2419/62/18
f 2421/45/18 2424/73/19 2422/61/18 2423/48/18
f 2425/10/1 2428/3/1 2426/2/1 2427/9/1
f 2429/25/1 2432/13/1 2430/15/1 2431/26/1
f 2433/21/1 2436/24/1 2434/22/1 2435/23/1
f 2437/50/13 2440/51/20 2438/49/13 2439/52/13
f 2441/62/20 2444/70/20 2442/72/20 2443/65/20
f 2445/68/20 2448/71/20 2446/51/20 2447/50/20
f 2449/46/21 2452/47/1 2450/45/21 2451/48/21
f 2453/31/1 2456/39/1 2454/21/1 2455/27/1
f 2457/13/1 2460/16/1 2458/14/1 2459/15/1
f 2461/21/1 2464/24/1 2462/22/1 2463/23/1
f 2465/10/1 2468/9/1 2466/8/1 2467/5/1
usemtl 1
f 2469/75/1 2472/76/22 2470/74/1 2471/7/1
usemtl Gemini_Generated_Image_2qm3mg2qm3mg2qm3
f 2473/38/1 2476/40/1 2474/39/1 2475/31/1
f 2477/2/1 2480/36/1 2478/35/1 2479/9/1
f 2481/29/1 2484/31/1 2482/27/1 2483/30/1
f 2485/46/19 2488/47/19 2486/45/19 2487/48/19
f 2489/17/1 2492/20/1 2490/18/1 2491/19/1
f 2493/10/1 2496/9/1 2494/8/1 2495/5/1
f 2497/30/1 2500/27/1 2498/28/1 2499/34/1
f 2501/37/1 2504/38/1 2502/31/1 2503/29/1
f 2505/30/1 2508/27/1 2506/28/1 2507/34/1
f 2509/3/1 2512/2/1 2510/9/1 2511/10/1
f 2513/1/1 2516/4/1 2514/2/1 2515/3/1
f 2517/10/1 2520/9/1 2518/8/1 2519/5/1
f 2521/38/1 2524/40/1 2522/39/1 2523/31/1
f 2525/30/1 2528/27/1 2526/28/1 2527/34/1
usemtl 1
f 2529/74/14 2532/7/1 2530/75/14 2531/76/14
usemtl Gemini_Generated_Image_2qm3mg2qm3mg2qm3
f 2533/1/1 2536/4/1 2534/2/1 2535/3/1
f 2537/28/1 2540/23/1 2538/41/1 2539/42/1
f 2541/9/1 2544/35/1 2542/12/1 2543/8/1
f 2545/37/1 2548/38/1 2546/31/1 2547/29/1
f 2549/62/19 2552/70/19 2550/72/19 2551/65/19
f 2553/13/1 2556/16/1 2554/14/1 2555/15/1
f 2557/8/1 2560/12/1 2558/11/1 2559/6/1
f 2561/34/1 2564/28/1 2562/42/1 2563/43/1
f 2565/3/1 2568/2/1 2566/9/1 2567/10/1
f 2569/24/1 2572/33/1 2570/32/1 2571/22/1
f 2573/17/1 2576/20/1 2574/18/1 2575/19/1
f 2577/8/1 2580/12/1 2578/11/1 2579/6/1
f 2581/5/1 2584/8/1 2582/6/1 2583/7/1
f 2585/31/1 2588/39/1 2586/21/1 2587/27/1
f 2589/1/1 2592/4/1 2590/2/1 2591/3/1
usemtl 1
f 2593/74/10 2596/7/10 2594/75/10 2595/76/10
usemtl Gemini_Generated_Image_2qm3mg2qm3mg2qm3
f 2597/49/16 2600/52/16 2598/50/16 2599/51/16
f 2601/2/1 2604/36/1 2602/35/1 2603/9/1
f 2605/8/1 2608/12/1 2606/11/1 2607/6/1
f 2609/24/1 2612/33/1 2610/32/1 2611/22/1
f 2613/46/19 2616/47/19 2614/45/19 2615/48/19
f 2617/2/1 2620/36/1 2618/35/1 2619/9/1
f 2621/4/1 2624/44/1 2622/36/1 2623/2/1
f 2625/27/1 2628/21/1 2626/23/1 2627/28/1
f 2629/2/1 2632/36/1 2630/35/1 2631/9/1
f 2633/21/1 2636/24/1 2634/22/1 2635/23/1
f 2637/5/1 2640/8/1 2638/6/1 2639/7/1
f 2641/27/1 2644/21/1 2642/23/1 2643/28/1
f 2645/10/1 2648/9/1 2646/8/1 2647/5/1
f 2649/4/1 2652/44/1 2650/36/1 2651/2/1
f 2653/28/1 2656/23/1 2654/41/1 2655/42/1
f 2657/34/1 2660/28/1 2658/42/1 2659/43/1
f 2661/51/16 2664/50/23 2662/68/16 2663/71/16
f 2665/45/23 2668/73/23 2666/61/23 2667/48/23
f 2669/70/23 2672/72/23 2670/65/23 2671/62/23
f 2673/51/23 2676/49/23 2674/52/23 2675/50/23
f 2677/47/24 2680/45/1 2678/48/24 2679/46/24
f 2681/29/1 2684/31/1 2682/27/1 2683/30/1
f 2685/1/1 2688/4/1 2686/2/1 2687/3/1
f 2689/8/1 2692/12/1 2690/11/1 2691/6/1
f 2693/29/1 2696/31/1 2694/27/1 2695/30/1
f 2697/33/1 2700/17/1 2698/19/1 2699/32/1
f 2701/17/1 2704/20/1 2702/18/1 2703/19/1
f 2705/17/1 2708/20/1 2706/18/1 2707/19/1
f 2709/30/1 2712/27/1 2710/28/1 2711/34/1
f 2713/37/1 2716/38/1 2714/31/1 2715/29/1
f 2717/3/1 2720/2/1 2718/9/1 2719/10/1
f 2721/31/1 2724/39/1 2722/21/1 2723/27/1
f 2725/4/1 2728/44/1 2726/36/1 2727/2/1
f 2729/3/1 2732/2/1 2730/9/1 2731/10/1
f 2733/21/1 2736/24/1 2734/22/1 2735/23/1
f 2737/37/1 2740/38/1 2738/31/1 2739/29/1
f 2741/28/1 2744/23/1 2742/41/1 2743/42/1
f 2745/13/1 2748/16/1 2746/14/1 2747/15/1
f 2749/3/1 2752/2/1 2750/9/1 2751/10/1
f 2753/4/1 2756/44/1 2754/36/1 2755/2/1
f 2757/10/1 2760/9/1 2758/8/1 2759/5/1
f 2761/17/1 2764/20/1 2762/18/1 2763/19/1
f 2765/21/1 2768/24/1 2766/22/1 2767/23/1
f 2769/21/1 2772/24/1 2770/22/1 2771/23/1
f 2773/3/1 2776/2/1 2774/9/1 2775/10/1
f 2777/34/1 2780/28/1 2778/42/1 2779/43/1
f 2781/9/1 2784/35/1 2782/12/1 2783/8/1
f 2785/1/1 2788/4/1 2786/2/1 2787/3/1
f 2789/2/1 2792/36/1 2790/35/1 2791/9/1
f 2793/17/1 2796/20/1 2794/18/1 2795/19/1
f 2797/31/1 2800/39/1 2798/21/1 2799/27/1
f 2801/30/1 2804/27/1 2802/28/1 2803/34/1
f 2805/30/1 2808/27/1 2806/28/1 2807/34/1
f 2809/34/1 2812/28/1 2810/42/1 2811/43/1
f 2813/2/1 2816/36/1 2814/35/1 2815/9/1
f 2817/21/1 2820/24/1 2818/22/1 2819/23/1
f 2821/25/1 2824/13/1 2822/15/1 2823/26/1
f 2825/25/1 2828/13/1 2826/15/1 2827/26/1
f 2829/5/1 2832/8/1 2830/6/1 2831/7/1
f 2833/1/1 2836/4/1 2834/2/1 2835/3/1
f 2837/37/1 2840/38/1 2838/31/1 2839/29/1
f 2841/21/1 2844/24/1 2842/22/1 2843/23/1
f 2845/2/1 2848/36/1 2846/35/1 2847/9/1
f 2849/30/1 2852/27/1 2850/28/1 2851/34/1
f 2853/30/1 2856/27/1 2854/28/1 2855/34/1
f 2857/21/1 2860/24/1 2858/22/1 2859/23/1
f 2861/8/1 2864/12/1 2862/11/1 2863/6/1
f 2865/8/1 2868/12/1 2866/11/1 2867/6/1
f 2869/2/1 2872/36/1 2870/35/1 2871/9/1
f 2873/38/1 2876/40/1 2874/39/1 2875/31/1
f 2877/33/1 2880/17/1 2878/19/1 2879/32/1
f 2881/9/1 2884/35/1 2882/12/1 2883/8/1
f 2885/17/1 2888/20/1 2886/18/1 2887/19/1
f 2889/25/1 2892/13/1 2890/15/1 2891/26/1
f 2893/30/1 2896/27/1 2894/28/1 2895/34/1
f 2897/13/1 2900/16/1 2898/14/1 2899/15/1
f 2901/9/1 2904/35/1 2902/12/1 2903/8/1
f 2905/8/1 2908/12/1 2906/11/1 2907/6/1
f 2909/28/1 2912/23/1 2910/41/1 2911/42/1
f 2913/30/1 2916/27/1 2914/28/1 2915/34/1
f 2917/24/1 2920/33/1 2918/32/1 2919/22/1
f 2921/9/1 2924/35/1 2922/12/1 2923/8/1
f 2925/31/1 2928/39/1 2926/21/1 2927/27/1
f 2929/33/1 2932/17/1 2930/19/1 2931/32/1
f 2933/27/1 2936/21/1 2934/23/1 2935/28/1
f 2937/28/1 2940/23/1 2938/41/1 2939/42/1
f 2941/29/1 2944/31/1 2942/27/1 2943/30/1
f 2945/3/1 2948/2/1 2946/9/1 2947/10/1
f 2949/13/1 2952/16/1 2950/14/1 2951/15/1
f 2953/5/1 2956/8/1 2954/6/1 2955/7/1
f 2957/46/2 2960/48/2 2958/60/2 2959/77/2
f 2961/50/2 2964/52/2 2962/66/2 2963/67/2
f 2965/10/1 2968/9/1 2966/8/1 2967/5/1
f 2969/29/1 2972/31/1 2970/27/1 2971/30/1
f 2973/38/1 2976/40/1 2974/39/1 2975/31/1
f 2977/3/1 2980/2/1 2978/9/1 2979/10/1
f 2981/37/1 2984/38/1 2982/31/1 2983/29/1
f 2985/21/1 2988/24/1 2986/22/1 2987/23/1
f 2989/1/1 2992/4/1 2990/2/1 2991/3/1
f 2993/35/1 2996/36/1 2994/53/1 2995/54/1
f 2997/35/1 3000/36/1 2998/53/1 2999/54/1
f 3001/34/1 3004/28/1 3002/42/1 3003/43/1
f 3005/62/2 3008/65/2 3006/63/2 3007/64/2
f 3009/29/1 3012/31/1 3010/27/1 3011/30/1
f 3013/2/1 3016/36/1 3014/35/1 3015/9/1
f 3017/1/1 3020/4/1 3018/2/1 3019/3/1
f 3021/17/1 3024/20/1 3022/18/1 3023/19/1
f 3025/9/1 3028/35/1 3026/12/1 3027/8/1
f 3029/10/1 3032/9/1 3030/8/1 3031/5/1
f 3033/37/1 3036/38/1 3034/31/1 3035/29/1
f 3037/34/1 3040/28/1 3038/42/1 3039/43/1
f 3041/29/1 3044/31/1 3042/27/1 3043/30/1
f 3045/8/1 3048/12/1 3046/11/1 3047/6/1
f 3049/52/2 3052/62/2 3050/64/2 3051/66/2
f 3053/3/1 3056/2/1 3054/9/1 3055/10/1
f 3057/37/1 3060/38/1 3058/31/1 3059/29/1
f 3061/29/1 3064/31/1 3062/27/1 3063/30/1
f 3065/31/1 3068/39/1 3066/21/1 3067/27/1
f 3069/34/1 3072/28/1 3070/42/1 3071/43/1
f 3073/3/1 3076/2/1 3074/9/1 3075/10/1
f 3077/30/1 3080/27/1 3078/28/1 3079/34/1
f 3081/25/1 3084/13/1 3082/15/1 3083/26/1
f 3085/1/1 3088/4/1 3086/2/1 3087/3/1
f 3089/5/1 3092/8/1 3090/6/1 3091/7/1
f 3093/35/1 3096/36/1 3094/53/1 3095/54/1
f 3097/35/1 3100/36/1 3098/53/1 3099/54/1
f 3101/62/2 3104/65/2 3102/63/2 3103/64/2
f 3105/8/1 3108/12/1 3106/11/1 3107/6/1
f 3109/10/1 3112/9/1 3110/8/1 3111/5/1
f 3113/5/1 3116/8/1 3114/6/1 3115/7/1
f 3117/25/1 3120/13/1 3118/15/1 3119/26/1
f 3121/3/1 3124/2/1 3122/9/1 3123/10/1
f 3125/24/1 3128/33/1 3126/32/1 3127/22/1
f 3129/28/1 3132/23/1 3130/41/1 3131/42/1
f 3133/13/1 3136/16/1 3134/14/1 3135/15/1
f 3137/35/1 3140/36/1 3138/53/1 3139/54/1
f 3141/10/1 3144/9/1 3142/8/1 3143/5/1
f 3145/4/1 3148/44/1 3146/36/1 3147/2/1
f 3149/5/1 3152/8/1 3150/6/1 3151/7/1
f 3153/62/2 3156/65/2 3154/63/2 3155/64/2
f 3157/37/1 3160/38/1 3158/31/1 3159/29/1
f 3161/5/1 3164/8/1 3162/6/1 3163/7/1
f 3165/28/1 3168/23/1 3166/41/1 3167/42/1
f 3169/31/1 3172/39/1 3170/21/1 3171/27/1
f 3173/21/1 3176/24/1 3174/22/1 3175/23/1
f 3177/13/1 3180/16/1 3178/14/1 3179/15/1
f 3181/24/1 3184/33/1 3182/32/1 3183/22/1
f 3185/4/1 3188/44/1 3186/36/1 3187/2/1
f 3189/1/1 3192/4/1 3190/2/1 3191/3/1
f 3193/3/1 3196/2/1 3194/9/1 3195/10/1
f 3197/1/1 3200/4/1 3198/2/1 3199/3/1
f 3201/35/1 3204/36/1 3202/53/1 3203/54/1
f 3205/52/2 3208/62/2 3206/64/2 3207/66/2
f 3209/34/1 3212/28/1 3210/42/1 3211/43/1
f 3213/4/1 3216/44/1 3214/36/1 3215/2/1
f 3217/24/1 3220/33/1 3218/32/1 3219/22/1
f 3221/37/1 3224/38/1 3222/31/1 3223/29/1
f 3225/42/1 3228/28/1 3226/23/1 3227/41/1
f 3229/10/1 3232/9/1 3230/8/1 3231/5/1
f 3233/28/1 3236/23/1 3234/41/1 3235/42/1
f 3237/25/1 3240/13/1 3238/15/1 3239/26/1
f 3241/28/1 3244/23/1 3242/41/1 3243/42/1
f 3245/27/1 3248/21/1 3246/23/1 3247/28/1
f 3249/24/1 3252/33/1 3250/32/1 3251/22/1
f 3253/17/1 3256/20/1 3254/18/1 3255/19/1
f 3257/52/2 3260/62/2 3258/64/2 3259/66/2
f 3261/21/1 3264/24/1 3262/22/1 3263/23/1
f 3265/8/1 3268/12/1 3266/11/1 3267/6/1
f 3269/4/1 3272/44/1 3270/36/1 3271/2/1
f 3273/5/1 3276/8/1 3274/6/1 3275/7/1
f 3277/34/1 3280/30/1 3278/27/1 3279/28/1
f 3281/29/1 3284/31/1 3282/27/1 3283/30/1
f 3285/33/1 3288/17/1 3286/19/1 3287/32/1
f 3289/2/1 3292/36/1 3290/35/1 3291/9/1
f 3293/35/1 3296/36/1 3294/53/1 3295/54/1
f 3297/31/1 3300/39/1 3298/21/1 3299/27/1
f 3301/33/1 3304/17/1 3302/19/1 3303/32/1
f 3305/46/2 3308/48/2 3306/60/2 3307/77/2
f 3309/27/1 3312/21/1 3310/23/1 3311/28/1
f 3313/38/1 3316/40/1 3314/39/1 3315/31/1
f 3317/38/1 3320/40/1 3318/39/1 3319/31/1
f 3321/2/1 3324/36/1 3322/35/1 3323/9/1
f 3325/8/1 3328/9/1 3326/35/1 3327/12/1
f 3329/33/1 3332/17/1 3330/19/1 3331/32/1
f 3333/34/1 3336/28/1 3334/42/1 3335/43/1
f 3337/24/1 3340/33/1 3338/32/1 3339/22/1
f 3341/19/25 3344/17/26 3342/20/25 3343/18/25
f 3345/24/1 3348/33/1 3346/32/1 3347/22/1
f 3349/13/1 3352/16/1 3350/14/1 3351/15/1
f 3353/31/1 3356/39/1 3354/21/1 3355/27/1
f 3357/68/2 3360/50/2 3358/67/2 3359/69/2
f 3361/8/1 3364/12/1 3362/11/1 3363/6/1
f 3365/5/1 3368/8/1 3366/6/1 3367/7/1
f 3369/10/1 3372/9/1 3370/8/1 3371/5/1
f 3373/29/1 3376/31/1 3374/27/1 3375/30/1
f 3377/6/1 3380/8/1 3378/12/1 3379/11/1
f 3381/4/1 3384/44/1 3382/36/1 3383/2/1
f 3385/3/1 3388/2/1 3386/9/1 3387/10/1
f 3389/33/1 3392/17/1 3390/19/1 3391/32/1
f 3393/35/1 3396/36/1 3394/53/1 3395/54/1
f 3397/50/2 3400/52/2 3398/66/2 3399/67/2
f 3401/33/1 3404/17/1 3402/19/1 3403/32/1
f 3405/29/1 3408/31/1 3406/27/1 3407/30/1
f 3409/33/1 3412/17/1 3410/19/1 3411/32/1
f 3413/34/1 3416/28/1 3414/42/1 3415/43/1
f 3417/27/1 3420/21/1 3418/23/1 3419/28/1
f 3421/28/1 3424/23/1 3422/41/1 3423/42/1
f 3425/29/1 3428/31/1 3426/27/1 3427/30/1
f 3429/34/1 3432/28/1 3430/42/1 3431/43/1
f 3433/13/1 3436/16/1 3434/14/1 3435/15/1
f 3437/27/1 3440/21/1 3438/23/1 3439/28/1
f 3441/30/1 3444/27/1 3442/28/1 3443/34/1
f 3445/46/2 3448/48/2 3446/60/2 3447/77/2
f 3449/33/1 3452/17/1 3450/19/1 3451/32/1
f 3453/37/1 3456/38/1 3454/31/1 3455/29/1
f 3457/31/1 3460/39/1 3458/21/1 3459/27/1
f 3461/30/1 3464/27/1 3462/28/1 3463/34/1
f 3465/1/1 3468/4/1 3466/2/1 3467/3/1
f 3469/28/1 3472/23/1 3470/41/1 3471/42/1
f 3473/10/1 3476/9/1 3474/8/1 3475/5/1
f 3477/3/1 3480/2/1 3478/9/1 3479/10/1
f 3481/9/1 3484/35/1 3482/12/1 3483/8/1
f 3485/34/1 3488/28/1 3486/42/1 3487/43/1
f 3489/10/1 3492/9/1 3490/8/1 3491/5/1
f 3493/2/1 3496/36/1 3494/35/1 3495/9/1
f 3497/30/1 3500/27/1 3498/28/1 3499/34/1
f 3501/1/1 3504/4/1 3502/2/1 3503/3/1
f 3505/10/1 3508/9/1 3506/8/1 3507/5/1
f 3509/37/1 3512/38/1 3510/31/1 3511/29/1
f 3513/17/1 3516/20/1 3514/18/1 3515/19/1
f 3517/8/1 3520/12/1 3518/11/1 3519/6/1
f 3521/9/1 3524/35/1 3522/12/1 3523/8/1
f 3525/51/1 3528/50/1 3526/68/1 3527/71/1
f 3529/24/1 3532/33/1 3530/32/1 3531/22/1
f 3533/8/1 3536/12/1 3534/11/1 3535/6/1
f 3537/13/1 3540/16/1 3538/14/1 3539/15/1
f 3541/5/1 3544/8/1 3542/6/1 3543/7/1
f 3545/38/1 3548/40/1 3546/39/1 3547/31/1
f 3549/5/1 3552/8/1 3550/6/1 3551/7/1
f 3553/33/1 3556/17/1 3554/19/1 3555/32/1
f 3557/31/1 3560/39/1 3558/21/1 3559/27/1
f 3561/28/1 3564/23/1 3562/41/1 3563/42/1
f 3565/2/1 3568/36/1 3566/35/1 3567/9/1
f 3569/34/1 3572/28/1 3570/42/1 3571/43/1
f 3573/2/1 3576/36/1 3574/35/1 3575/9/1
f 3577/28/1 3580/23/1 3578/41/1 3579/42/1
f 3581/49/27 3584/52/27 3582/50/27 3583/51/27
f 3585/38/1 3588/40/1 3586/39/1 3587/31/1
f 3589/13/1 3592/16/1 3590/14/1 3591/15/1
f 3593/5/1 3596/8/1 3594/6/1 3595/7/1
f 3597/25/1 3600/13/1 3598/15/1 3599/26/1
f 3601/5/1 3604/8/1 3602/6/1 3603/7/1
f 3605/9/1 3608/35/1 3606/12/1 3607/8/1
f 3609/4/1 3612/44/1 3610/36/1 3611/2/1
f 3613/24/1 3616/33/1 3614/32/1 3615/22/1
f 3617/29/1 3620/31/1 3618/27/1 3619/30/1
f 3621/17/1 3624/20/1 3622/18/1 3623/19/1
f 3625/25/1 3628/13/1 3626/15/1 3627/26/1
f 3629/33/1 3632/17/1 3630/19/1 3631/32/1
f 3633/34/1 3636/28/1 3634/42/1 3635/43/1
f 3637/33/1 3640/17/1 3638/19/1 3639/32/1
f 3641/33/1 3644/17/1 3642/19/1 3643/32/1
f 3645/34/1 3648/28/1 3646/42/1 3647/43/1
f 3649/13/1 3652/16/1 3650/14/1 3651/15/1
f 3653/37/1 3656/38/1 3654/31/1 3655/29/1
f 3657/13/1 3660/16/1 3658/14/1 3659/15/1
f 3661/30/1 3664/27/1 3662/28/1 3663/34/1
f 3665/10/1 3668/9/1 3666/8/1 3667/5/1
f 3669/31/1 3672/39/1 3670/21/1 3671/27/1
f 3673/25/1 3676/13/1 3674/15/1 3675/26/1
f 3677/21/1 3680/24/1 3678/22/1 3679/23/1
f 3681/8/1 3684/12/1 3682/11/1 3683/6/1
f 3685/24/1 3688/33/1 3686/32/1 3687/22/1
f 3689/3/1 3692/2/1 3690/9/1 3691/10/1
f 3693/34/1 3696/28/1 3694/42/1 3695/43/1
f 3697/25/1 3700/13/1 3698/15/1 3699/26/1
f 3701/3/1 3704/2/1 3702/9/1 3703/10/1
f 3705/30/1 3708/27/1 3706/28/1 3707/34/1
f 3709/37/1 3712/38/1 3710/31/1 3711/29/1
f 3713/3/1 3716/2/1 3714/9/1 3715/10/1
f 3717/1/1 3720/4/1 3718/2/1 3719/3/1
f 3721/8/1 3724/12/1 3722/11/1 3723/6/1
f 3725/31/1 3728/39/1 3726/21/1 3727/27/1
f 3729/45/2 3732/73/2 3730/61/2 3731/48/2
f 3733/45/2 3736/73/2 3734/61/2 3735/48/2
f 3737/49/2 3740/70/2 3738/62/2 3739/52/2
f 3741/47/2 3744/45/2 3742/48/2 3743/46/2
f 3745/45/2 3748/73/2 3746/61/2 3747/48/2
f 3749/51/2 3752/49/2 3750/52/2 3751/50/2
f 3753/51/2 3756/49/2 3754/52/2 3755/50/2
f 3757/45/2 3760/73/2 3758/61/2 3759/48/2
f 3761/71/2 3764/51/2 3762/50/2 3763/68/2
f 3765/49/2 3768/70/2 3766/62/2 3767/52/2
f 3769/45/2 3772/73/2 3770/61/2 3771/48/2
f 3773/71/2 3776/51/2 3774/50/2 3775/68/2
f 3777/70/2 3780/72/2 3778/65/2 3779/62/2
f 3781/70/2 3784/72/2 3782/65/2 3783/62/2
f 3785/47/2 3788/45/2 3786/48/2 3787/46/2
f 3789/71/2 3792/51/2 3790/50/2 3791/68/2
f 3793/47/2 3796/45/2 3794/48/2 3795/46/2
f 3797/45/2 3800/73/2 3798/61/2 3799/48/2
f 3801/51/2 3804/49/2 3802/52/2 3803/50/2
f 3805/47/2 3808/45/2 3806/48/2 3807/46/2
f 3809/45/2 3812/73/2 3810/61/2 3811/48/2
f 3813/71/2 3816/51/2 3814/50/2 3815/68/2
f 3817/47/2 3820/45/2 3818/48/2 3819/46/2
f 3821/70/2 3824/72/2 3822/65/2 3823/62/2
f 3825/45/2 3828/73/2 3826/61/2 3827/48/2
f 3829/70/2 3832/72/2 3830/65/2 3831/62/2
f 3833/51/2 3836/49/2 3834/52/2 3835/50/2
f 3837/71/2 3840/51/2 3838/50/2 3839/68/2
f 3841/45/2 3844/73/2 3842/61/2 3843/48/2
f 3845/70/2 3848/72/2 3846/65/2 3847/62/2
f 3849/51/2 3852/49/2 3850/52/2 3851/50/2
f 3853/45/2 3856/73/2 3854/61/2 3855/48/2
f 3857/51/28 3860/49/28 3858/52/28 3859/50/28
f 3861/49/28 3864/70/28 3862/62/28 3863/52/28
f 3865/47/28 3868/45/28 3866/48/28 3867/46/28
f 3869/49/28 3872/70/28 3870/62/28 3871/52/28
f 3873/70/28 3876/72/28 3874/65/28 3875/62/28
f 3877/71/28 3880/51/28 3878/50/28 3879/68/28
f 3881/49/28 3884/70/28 3882/62/28 3883/52/28
f 3885/51/28 3888/49/28 3886/52/28 3887/50/28
f 3889/49/28 3892/70/28 3890/62/28 3891/52/28
f 3893/71/28 3896/51/28 3894/50/28 3895/68/28
f 3897/47/28 3900/45/28 3898/48/28 3899/46/28
f 3901/45/28 3904/73/28 3902/61/28 3903/48/28
f 3905/49/28 3908/70/28 3906/62/28 3907/52/28
f 3909/71/28 3912/51/28 3910/50/28 3911/68/28
f 3913/49/28 3916/70/28 3914/62/28 3915/52/28
f 3917/49/28 3920/70/28 3918/62/28 3919/52/28
f 3921/45/28 3924/73/28 3922/61/28 3923/48/28
f 3925/71/28 3928/51/28 3926/50/28 3927/68/28
f 3929/71/28 3932/51/28 3930/50/28 3931/68/28
f 3933/45/28 3936/73/28 3934/61/28 3935/48/28
f 3937/51/28 3940/49/28 3938/52/28 3939/50/28
f 3941/71/28 3944/51/28 3942/50/28 3943/68/28
f 3945/70/28 3948/72/28 3946/65/28 3947/62/28
f 3949/49/28 3952/70/28 3950/62/28 3951/52/28
f 3953/51/28 3956/49/28 3954/52/28 3955/50/28
f 3957/49/28 3960/70/28 3958/62/28 3959/52/28
f 3961/47/28 3964/45/28 3962/48/28 3963/46/28
f 3965/70/28 3968/72/28 3966/65/28 3967/62/28
f 3969/51/28 3972/49/28 3970/52/28 3971/50/28
f 3973/51/28 3976/49/28 3974/52/28 3975/50/28
f 3977/71/28 3980/51/28 3978/50/28 3979/68/28
f 3981/51/28 3984/49/28 3982/52/28 3983/50/28
f 3985/78/28 3988/81/28 3986/79/28 3987/80/28
f 3989/52/28 3992/62/28 3990/64/28 3991/66/28
f 3993/62/28 3996/65/28 3994/63/28 3995/64/28
f 3997/46/28 4000/48/28 3998/60/28 3999/77/28
f 4001/50/28 4004/52/28 4002/66/28 4003/67/28
f 4005/50/28 4008/52/28 4006/66/28 4007/67/28
f 4009/68/28 4012/50/28 4010/67/28 4011/69/28
f 4013/52/28 4016/62/28 4014/64/28 4015/66/28
f 4017/52/28 4020/62/28 4018/64/28 4019/66/28
f 4021/48/28 4024/61/28 4022/59/28 4023/60/28
f 4025/62/28 4028/65/28 4026/63/28 4027/64/28
f 4029/46/28 4032/48/28 4030/60/28 4031/77/28
f 4033/48/28 4036/61/28 4034/59/28 4035/60/28
f 4037/55/28 4040/58/28 4038/56/28 4039/57/28
f 4041/48/28 4044/61/28 4042/59/28 4043/60/28
f 4045/68/28 4048/50/28 4046/67/28 4047/69/28
f 4049/68/28 4052/50/28 4050/67/28 4051/69/28
f 4053/48/28 4056/61/28 4054/59/28 4055/60/28
f 4057/50/28 4060/52/28 4058/66/28 4059/67/28
f 4061/48/28 4064/61/28 4062/59/28 4063/60/28
f 4065/48/28 4068/61/28 4066/59/28 4067/60/28
f 4069/46/28 4072/48/28 4070/60/28 4071/77/28
f 4073/50/28 4076/52/28 4074/66/28 4075/67/28
f 4077/52/28 4080/62/28 4078/64/28 4079/66/28
f 4081/46/28 4084/48/28 4082/60/28 4083/77/28
f 4085/50/28 4088/52/28 4086/66/28 4087/67/28
f 4089/62/28 4092/65/28 4090/63/28 4091/64/28
f 4093/46/28 4096/48/28 4094/60/28 4095/77/28
f 4097/68/28 4100/50/28 4098/67/28 4099/69/28
f 4101/68/28 4104/50/28 4102/67/28 4103/69/28
f 4105/62/28 4108/65/28 4106/63/28 4107/64/28
f 4109/52/28 4112/62/28 4110/64/28 4111/66/28
f 4113/52/2 4116/62/2 4114/64/2 4115/66/2
f 4117/52/2 4120/62/2 4118/64/2 4119/66/2
f 4121/68/2 4124/50/2 4122/67/2 4123/69/2
f 4125/48/2 4128/61/2 4126/59/2 4127/60/2
f 4129/48/2 4132/61/2 4130/59/2 4131/60/2
f 4133/46/2 4136/48/2 4134/60/2 4135/77/2
f 4137/55/2 4140/58/2 4138/56/2 4139/57/2
f 4141/46/2 4144/48/2 4142/60/2 4143/77/2
f 4145/68/2 4148/50/2 4146/67/2 4147/69/2
f 4149/68/2 4152/50/2 4150/67/2 4151/69/2
f 4153/52/2 4156/62/2 4154/64/2 4155/66/2
f 4157/68/2 4160/50/2 4158/67/2 4159/69/2
f 4161/48/2 4164/61/2 4162/59/2 4163/60/2
f 4165/50/2 4168/52/2 4166/66/2 4167/67/2
f 4169/55/2 4172/58/2 4170/56/2 4171/57/2
f 4173/68/2 4176/50/2 4174/67/2 4175/69/2
f 4177/50/2 4180/52/2 4178/66/2 4179/67/2
f 4181/48/2 4184/61/2 4182/59/2 4183/60/2
f 4185/62/2 4188/65/2 4186/63/2 4187/64/2
f 4189/68/2 4192/50/2 4190/67/2 4191/69/2
f 4193/46/2 4196/48/2 4194/60/2 4195/77/2
f 4197/68/2 4200/50/2 4198/67/2 4199/69/2
f 4201/48/2 4204/61/2 4202/59/2 4203/60/2
f 4205/62/2 4208/65/2 4206/63/2 4207/64/2
f 4209/50/2 4212/52/2 4210/66/2 4211/67/2
f 4213/46/2 4216/48/2 4214/60/2 4215/77/2
f 4217/55/2 4220/58/2 4218/56/2 4219/57/2
f 4221/46/2 4224/48/2 4222/60/2 4223/77/2
f 4225/46/2 4228/48/2 4226/60/2 4227/77/2
f 4229/48/2 4232/61/2 4230/59/2 4231/60/2
f 4233/62/2 4236/65/2 4234/63/2 4235/64/2
f 4237/48/2 4240/61/2 4238/59/2 4239/60/2
f 4241/46/27 4244/48/27 4242/60/27 4243/77/27
f 4245/68/27 4248/50/27 4246/67/27 4247/69/27
f 4249/52/27 4252/62/27 4250/64/27 4251/66/27
f 4253/55/27 4256/58/27 4254/56/27 4255/57/27
f 4257/68/27 4260/50/27 4258/67/27 4259/69/27
f 4261/52/27 4264/62/27 4262/64/27 4263/66/27
f 4265/62/27 4268/65/27 4266/63/27 4267/64/27
f 4269/52/27 4272/62/27 4270/64/27 4271/66/27
f 4273/68/27 4276/50/27 4274/67/27 4275/69/27
f 4277/62/27 4280/65/27 4278/63/27 4279/64/27
f 4281/62/27 4284/65/27 4282/63/27 4283/64/27
f 4285/48/27 4288/61/27 4286/59/27 4287/60/27
f 4289/68/27 4292/50/27 4290/67/27 4291/69/27
f 4293/50/27 4296/52/27 4294/66/27 4295/67/27
f 4297/46/27 4300/48/27 4298/60/27 4299/77/27
f 4301/55/27 4304/58/27 4302/56/27 4303/57/27
f 4305/46/27 4308/48/27 4306/60/27 4307/77/27
f 4309/62/27 4312/65/27 4310/63/27 4311/64/27
f 4313/52/27 4316/62/27 4314/64/27 4315/66/27
f 4317/46/27 4320/48/27 4318/60/27 4319/77/27
f 4321/52/27 4324/62/27 4322/64/27 4323/66/27
f 4325/46/27 4328/48/27 4326/60/27 4327/77/27
f 4329/62/27 4332/65/27 4330/63/27 4331/64/27
f 4333/62/27 4336/65/27 4334/63/27 4335/64/27
f 4337/52/27 4340/62/27 4338/64/27 4339/66/27
f 4341/50/27 4344/52/27 4342/66/27 4343/67/27
f 4345/48/27 4348/61/27 4346/59/27 4347/60/27
f 4349/68/27 4352/50/27 4350/67/27 4351/69/27
f 4353/52/27 4356/62/27 4354/64/27 4355/66/27
f 4357/51/27 4360/49/27 4358/52/27 4359/50/27
f 4361/70/27 4364/72/27 4362/65/27 4363/62/27
f 4365/51/27 4368/49/27 4366/52/27 4367/50/27
f 4369/49/27 4372/70/27 4370/62/27 4371/52/27
f 4373/47/27 4376/45/27 4374/48/27 4375/46/27
f 4377/49/27 4380/70/27 4378/62/27 4379/52/27
f 4381/70/27 4384/72/27 4382/65/27 4383/62/27
f 4385/47/27 4388/45/27 4386/48/27 4387/46/27
f 4389/47/27 4392/45/27 4390/48/27 4391/46/27
f 4393/49/27 4396/70/27 4394/62/27 4395/52/27
f 4397/71/27 4400/51/27 4398/50/27 4399/68/27
f 4401/51/27 4404/49/27 4402/52/27 4403/50/27
f 4405/49/27 4408/70/27 4406/62/27 4407/52/27
f 4409/47/27 4412/45/27 4410/48/27 4411/46/27
f 4413/51/27 4416/49/27 4414/52/27 4415/50/27
f 4417/49/27 4420/70/27 4418/62/27 4419/52/27
f 4421/45/27 4424/73/27 4422/61/27 4423/48/27
f 4425/47/27 4428/45/27 4426/48/27 4427/46/27
f 4429/49/27 4432/70/27 4430/62/27 4431/52/27
f 4433/49/27 4436/70/27 4434/62/27 4435/52/27
f 4437/71/27 4440/51/27 4438/50/27 4439/68/27
f 4441/45/27 4444/73/27 4442/61/27 4443/48/27
f 4445/47/27 4448/45/27 4446/48/27 4447/46/27
f 4449/45/27 4452/73/27 4450/61/27 4451/48/27
f 4453/71/27 4456/51/27 4454/50/27 4455/68/27
f 4457/49/27 4460/70/27 4458/62/27 4459/52/27
f 4461/45/27 4464/73/27 4462/61/27 4463/48/27
f 4465/71/27 4468/51/27 4466/50/27 4467/68/27
f 4469/45/27 4472/73/27 4470/61/27 4471/48/27
f 4473/70/27 4476/72/27 4474/65/27 4475/62/27
f 4477/71/27 4480/51/27 4478/50/27 4479/68/27
f 4481/49/27 4484/70/27 4482/62/27 4483/52/27
f 4485/47/29 4488/45/29 4486/48/29 4487/46/29
f 4489/49/29 4492/70/29 4490/62/29 4491/52/29
f 4493/70/29 4496/72/29 4494/65/29 4495/62/29
f 4497/70/29 4500/72/29 4498/65/29 4499/62/29
f 4501/51/29 4504/49/29 4502/52/29 4503/50/29
f 4505/47/29 4508/45/29 4506/48/29 4507/46/29
f 4509/71/29 4512/51/29 4510/50/29 4511/68/29
f 4513/49/29 4516/70/29 4514/62/29 4515/52/29
f 4517/70/29 4520/72/29 4518/65/29 4519/62/29
f 4521/47/29 4524/45/29 4522/48/29 4523/46/29
f 4525/51/29 4528/49/29 4526/52/29 4527/50/29
f 4529/49/29 4532/70/29 4530/62/29 4531/52/29
f 4533/70/29 4536/72/29 4534/65/29 4535/62/29
f 4537/70/29 4540/72/29 4538/65/29 4539/62/29
f 4541/51/29 4544/49/29 4542/52/29 4543/50/29
f 4545/70/29 4548/72/29 4546/65/29 4547/62/29
f 4549/45/29 4552/73/29 4550/61/29 4551/48/29
f 4553/49/29 4556/70/29 4554/62/29 4555/52/29
f 4557/71/29 4560/51/29 4558/50/29 4559/68/29
f 4561/45/29 4564/73/29 4562/61/29 4563/48/29
f 4565/51/29 4568/49/29 4566/52/29 4567/50/29
f 4569/70/29 4572/72/29 4570/65/29 4571/62/29
f 4573/45/29 4576/73/29 4574/61/29 4575/48/29
f 4577/47/29 4580/45/29 4578/48/29 4579/46/29
f 4581/71/29 4584/51/29 4582/50/29 4583/68/29
f 4585/47/29 4588/45/29 4586/48/29 4587/46/29
f 4589/70/29 4592/72/29 4590/65/29 4591/62/29
f 4593/45/29 4596/73/29 4594/61/29 4595/48/29
f 4597/45/29 4600/73/29 4598/61/29 4599/48/29
f 4601/47/29 4604/45/29 4602/48/29 4603/46/29
f 4605/45/29 4608/73/29 4606/61/29 4607/48/29
f 4609/45/29 4612/73/29 4610/61/29 4611/48/29
f 4613/50/27 4616/52/27 4614/66/27 4615/67/27
f 4617/62/27 4620/65/27 4618/63/27 4619/64/27
f 4621/46/27 4624/48/27 4622/60/27 4623/77/27
f 4625/48/29 4628/61/29 4626/59/29 4627/60/29
f 4629/62/29 4632/65/29 4630/63/29 4631/64/29
f 4633/46/29 4636/48/29 4634/60/29 4635/77/29
f 4637/62/29 4640/65/29 4638/63/29 4639/64/29
f 4641/68/29 4644/50/29 4642/67/29 4643/69/29
f 4645/55/29 4648/58/29 4646/56/29 4647/57/29
f 4649/48/29 4652/61/29 4650/59/29 4651/60/29
f 4653/50/29 4656/52/29 4654/66/29 4655/67/29
f 4657/52/29 4660/62/29 4658/64/29 4659/66/29
f 4661/48/29 4664/61/29 4662/59/29 4663/60/29
f 4665/50/29 4668/52/29 4666/66/29 4667/67/29
f 4669/68/29 4672/50/29 4670/67/29 4671/69/29
f 4673/55/29 4676/58/29 4674/56/29 4675/57/29
f 4677/48/29 4680/61/29 4678/59/29 4679/60/29
f 4681/48/29 4684/61/29 4682/59/29 4683/60/29
f 4685/48/29 4688/61/29 4686/59/29 4687/60/29
f 4689/68/29 4692/50/29 4690/67/29 4691/69/29
f 4693/55/29 4696/58/29 4694/56/29 4695/57/29
f 4697/68/29 4700/50/29 4698/67/29 4699/69/29
f 4701/46/29 4704/48/29 4702/60/29 4703/77/29
f 4705/52/29 4708/62/29 4706/64/29 4707/66/29
f 4709/48/29 4712/61/29 4710/59/29 4711/60/29
f 4713/50/29 4716/52/29 4714/66/29 4715/67/29
f 4717/68/29 4720/50/29 4718/67/29 4719/69/29
f 4721/52/29 4724/62/29 4722/64/29 4723/66/29
f 4725/68/29 4728/50/29 4726/67/29 4727/69/29
f 4729/48/29 4732/61/29 4730/59/29 4731/60/29
f 4733/55/29 4736/58/29 4734/56/29 4735/57/29
f 4737/48/29 4740/61/29 4738/59/29 4739/60/29
f 4741/50/29 4744/52/29 4742/66/29 4743/67/29
f 4745/68/29 4748/50/29 4746/67/29 4747/69/29
f 4749/62/29 4752/65/29 4750/63/29 4751/64/29
f 4753/55/27 4756/58/27 4754/56/27 4755/57/27
f 4757/48/27 4760/61/27 4758/59/27 4759/60/27
f 4761/55/27 4764/58/27 4762/56/27 4763/57/27
f 4765/62/27 4768/65/27 4766/63/27 4767/64/27
f 4769/52/27 4772/62/27 4770/64/27 4771/66/27
f 4773/62/27 4776/65/27 4774/63/27 4775/64/27
f 4777/55/27 4780/58/27 4778/56/27 4779/57/27
f 4781/62/27 4784/65/27 4782/63/27 4783/64/27
f 4785/50/27 4788/52/27 4786/66/27 4787/67/27
f 4789/52/27 4792/62/27 4790/64/27 4791/66/27
f 4793/50/27 4796/52/27 4794/66/27 4795/67/27
f 4797/48/27 4800/61/27 4798/59/27 4799/60/27
f 4801/68/27 4804/50/27 4802/67/27 4803/69/27
f 4805/68/27 4808/50/27 4806/67/27 4807/69/27
f 4809/48/27 4812/61/27 4810/59/27 4811/60/27
f 4813/50/27 4816/52/27 4814/66/27 4815/67/27
f 4817/52/27 4820/62/27 4818/64/27 4819/66/27
f 4821/52/27 4824/62/27 4822/64/27 4823/66/27
f 4825/62/27 4828/65/27 4826/63/27 4827/64/27
f 4829/55/27 4832/58/27 4830/56/27 4831/57/27
f 4833/62/27 4836/65/27 4834/63/27 4835/64/27
f 4837/52/27 4840/62/27 4838/64/27 4839/66/27
f 4841/48/27 4844/61/27 4842/59/27 4843/60/27
f 4845/46/27 4848/48/27 4846/60/27 4847/77/27
f 4849/68/27 4852/50/27 4850/67/27 4851/69/27
f 4853/62/27 4856/65/27 4854/63/27 4855/64/27
f 4857/50/27 4860/52/27 4858/66/27 4859/67/27
f 4861/62/27 4864/65/27 4862/63/27 4863/64/27
f 4865/46/27 4868/48/27 4866/60/27 4867/77/27
f 4869/52/27 4872/62/27 4870/64/27 4871/66/27
f 4873/62/27 4876/65/27 4874/63/27 4875/64/27
f 4877/50/27 4880/52/27 4878/66/27 4879/67/27
f 4881/50/29 4884/52/29 4882/66/29 4883/67/29
f 4885/55/29 4888/58/29 4886/56/29 4887/57/29
f 4889/62/29 4892/65/29 4890/63/29 4891/64/29
f 4893/50/29 4896/52/29 4894/66/29 4895/67/29
f 4897/50/29 4900/52/29 4898/66/29 4899/67/29
f 4901/48/29 4904/61/29 4902/59/29 4903/60/29
f 4905/46/29 4908/48/29 4906/60/29 4907/77/29
f 4909/62/29 4912/65/29 4910/63/29 4911/64/29
f 4913/46/29 4916/48/29 4914/60/29 4915/77/29
f 4917/46/29 4920/48/29 4918/60/29 4919/77/29
f 4921/46/29 4924/48/29 4922/60/29 4923/77/29
f 4925/46/29 4928/48/29 4926/60/29 4927/77/29
f 4929/50/29 4932/52/29 4930/66/29 4931/67/29
f 4933/55/29 4936/58/29 4934/56/29 4935/57/29
f 4937/46/29 4940/48/29 4938/60/29 4939/77/29
f 4941/50/29 4944/52/29 4942/66/29 4943/67/29
f 4945/52/29 4948/62/29 4946/64/29 4947/66/29
f 4949/50/29 4952/52/29 4950/66/29 4951/67/29
f 4953/46/29 4956/48/29 4954/60/29 4955/77/29
f 4957/50/29 4960/52/29 4958/66/29 4959/67/29
f 4961/55/29 4964/58/29 4962/56/29 4963/57/29
f 4965/68/29 4968/50/29 4966/67/29 4967/69/29
f 4969/50/29 4972/52/29 4970/66/29 4971/67/29
f 4973/55/29 4976/58/29 4974/56/29 4975/57/29
f 4977/50/29 4980/52/29 4978/66/29 4979/67/29
f 4981/62/29 4984/65/29 4982/63/29 4983/64/29
f 4985/52/29 4988/62/29 4986/64/29 4987/66/29
f 4989/68/29 4992/50/29 4990/67/29 4991/69/29
f 4993/55/29 4996/58/29 4994/56/29 4995/57/29
f 4997/46/29 5000/48/29 4998/60/29 4999/77/29
f 5001/46/29 5004/48/29 5002/60/29 5003/77/29
f 5005/52/29 5008/62/29 5006/64/29 5007/66/29
f 5009/82/29 5012/85/29 5010/83/29 5011/84/29
f 5013/70/29 5016/72/29 5014/65/29 5015/62/29
f 5017/47/29 5020/45/29 5018/48/29 5019/46/29
f 5021/45/29 5024/73/29 5022/61/29 5023/48/29
f 5025/71/29 5028/51/29 5026/50/29 5027/68/29
f 5029/71/29 5032/51/29 5030/50/29 5031/68/29
f 5033/70/29 5036/72/29 5034/65/29 5035/62/29
f 5037/51/29 5040/49/29 5038/52/29 5039/50/29
f 5041/47/29 5044/45/29 5042/48/29 5043/46/29
f 5045/45/29 5048/73/29 5046/61/29 5047/48/29
f 5049/71/29 5052/51/29 5050/50/29 5051/68/29
f 5053/45/29 5056/73/29 5054/61/29 5055/48/29
f 5057/70/29 5060/72/29 5058/65/29 5059/62/29
f 5061/71/29 5064/51/29 5062/50/29 5063/68/29
f 5065/45/29 5068/73/29 5066/61/29 5067/48/29
f 5069/49/29 5072/70/29 5070/62/29 5071/52/29
f 5073/51/29 5076/49/29 5074/52/29 5075/50/29
f 5077/49/29 5080/70/29 5078/62/29 5079/52/29
f 5081/70/29 5084/72/29 5082/65/29 5083/62/29
f 5085/71/29 5088/51/29 5086/50/29 5087/68/29
f 5089/71/29 5092/51/29 5090/50/29 5091/68/29
f 5093/71/29 5096/51/29 5094/50/29 5095/68/29
f 5097/51/29 5100/49/29 5098/52/29 5099/50/29
f 5101/49/29 5104/70/29 5102/62/29 5103/52/29
f 5105/70/29 5108/72/29 5106/65/29 5107/62/29
f 5109/45/29 5112/73/29 5110/61/29 5111/48/29
f 5113/49/29 5116/70/29 5114/62/29 5115/52/29
f 5117/70/29 5120/72/29 5118/65/29 5119/62/29
f 5121/70/29 5124/72/29 5122/65/29 5123/62/29
f 5125/70/29 5128/72/29 5126/65/29 5127/62/29
f 5129/70/29 5132/72/29 5130/65/29 5131/62/29
f 5133/70/29 5136/72/29 5134/65/29 5135/62/29
f 5137/51/27 5140/49/27 5138/52/27 5139/50/27
f 5141/49/27 5144/70/27 5142/62/27 5143/52/27
f 5145/70/27 5148/72/27 5146/65/27 5147/62/27
f 5149/71/27 5152/51/27 5150/50/27 5151/68/27
f 5153/70/27 5156/72/27 5154/65/27 5155/62/27
f 5157/45/27 5160/73/27 5158/61/27 5159/48/27
f 5161/70/27 5164/72/27 5162/65/27 5163/62/27
f 5165/51/27 5168/49/27 5166/52/27 5167/50/27
f 5169/70/27 5172/72/27 5170/65/27 5171/62/27
f 5173/45/27 5176/73/27 5174/61/27 5175/48/27
f 5177/45/27 5180/73/27 5178/61/27 5179/48/27
f 5181/70/27 5184/72/27 5182/65/27 5183/62/27
f 5185/70/27 5188/72/27 5186/65/27 5187/62/27
f 5189/70/27 5192/72/27 5190/65/27 5191/62/27
f 5193/70/27 5196/72/27 5194/65/27 5195/62/27
f 5197/70/27 5200/72/27 5198/65/27 5199/62/27
f 5201/70/27 5204/72/27 5202/65/27 5203/62/27
f 5205/45/27 5208/73/27 5206/61/27 5207/48/27
f 5209/51/27 5212/49/27 5210/52/27 5211/50/27
f 5213/70/27 5216/72/27 5214/65/27 5215/62/27
f 5217/71/27 5220/51/27 5218/50/27 5219/68/27
f 5221/70/27 5224/72/27 5222/65/27 5223/62/27
f 5225/45/27 5228/73/27 5226/61/27 5227/48/27
f 5229/71/27 5232/51/27 5230/50/27 5231/68/27
f 5233/71/27 5236/51/27 5234/50/27 5235/68/27
f 5237/70/27 5240/72/27 5238/65/27 5239/62/27
f 5241/45/27 5244/73/27 5242/61/27 5243/48/27
f 5245/49/27 5248/70/27 5246/62/27 5247/52/27
f 5249/45/27 5252/73/27 5250/61/27 5251/48/27
f 5253/49/27 5256/70/27 5254/62/27 5255/52/27
f 5257/45/27 5260/73/27 5258/61/27 5259/48/27
f 5261/45/27 5264/73/27 5262/61/27 5263/48/27
f 5265/70/28 5268/72/28 5266/65/28 5267/62/28
f 5269/71/28 5272/51/28 5270/50/28 5271/68/28
f 5273/51/28 5276/49/28 5274/52/28 5275/50/28
f 5277/49/28 5280/70/28 5278/62/28 5279/52/28
f 5281/51/28 5284/49/28 5282/52/28 5283/50/28
f 5285/49/28 5288/70/28 5286/62/28 5287/52/28
f 5289/45/28 5292/73/28 5290/61/28 5291/48/28
f 5293/70/28 5296/72/28 5294/65/28 5295/62/28
f 5297/70/28 5300/72/28 5298/65/28 5299/62/28
f 5301/71/28 5304/51/28 5302/50/28 5303/68/28
f 5305/47/28 5308/45/28 5306/48/28 5307/46/28
f 5309/71/28 5312/51/28 5310/50/28 5311/68/28
f 5313/51/28 5316/49/28 5314/52/28 5315/50/28
f 5317/47/28 5320/45/28 5318/48/28 5319/46/28
f 5321/47/28 5324/45/28 5322/48/28 5323/46/28
f 5325/70/28 5328/72/28 5326/65/28 5327/62/28
f 5329/71/28 5332/51/28 5330/50/28 5331/68/28
f 5333/47/28 5336/45/28 5334/48/28 5335/46/28
f 5337/51/28 5340/49/28 5338/52/28 5339/50/28
f 5341/70/28 5344/72/28 5342/65/28 5343/62/28
f 5345/45/28 5348/73/28 5346/61/28 5347/48/28
f 5349/47/28 5352/45/28 5350/48/28 5351/46/28
f 5353/70/28 5356/72/28 5354/65/28 5355/62/28
f 5357/51/28 5360/49/28 5358/52/28 5359/50/28
f 5361/49/28 5364/70/28 5362/62/28 5363/52/28
f 5365/47/28 5368/45/28 5366/48/28 5367/46/28
f 5369/45/28 5372/73/28 5370/61/28 5371/48/28
f 5373/47/28 5376/45/28 5374/48/28 5375/46/28
f 5377/51/28 5380/49/28 5378/52/28 5379/50/28
f 5381/47/28 5384/45/28 5382/48/28 5383/46/28
f 5385/51/28 5388/49/28 5386/52/28 5387/50/28
f 5389/70/28 5392/72/28 5390/65/28 5391/62/28
f 5393/49/2 5396/70/2 5394/62/2 5395/52/2
f 5397/45/2 5400/73/2 5398/61/2 5399/48/2
f 5401/47/2 5404/45/2 5402/48/2 5403/46/2
f 5405/51/2 5408/49/2 5406/52/2 5407/50/2
f 5409/45/2 5412/73/2 5410/61/2 5411/48/2
f 5413/45/2 5416/73/2 5414/61/2 5415/48/2
f 5417/71/2 5420/51/2 5418/50/2 5419/68/2
f 5421/47/2 5424/45/2 5422/48/2 5423/46/2
f 5425/45/2 5428/73/2 5426/61/2 5427/48/2
f 5429/71/2 5432/51/2 5430/50/2 5431/68/2
f 5433/70/2 5436/72/2 5434/65/2 5435/62/2
f 5437/70/2 5440/72/2 5438/65/2 5439/62/2
f 5441/51/2 5444/49/2 5442/52/2 5443/50/2
f 5445/49/2 5448/70/2 5446/62/2 5447/52/2
f 5449/70/2 5452/72/2 5450/65/2 5451/62/2
f 5453/51/2 5456/49/2 5454/52/2 5455/50/2
f 5457/49/2 5460/70/2 5458/62/2 5459/52/2
f 5461/45/2 5464/73/2 5462/61/2 5463/48/2
f 5465/45/2 5468/73/2 5466/61/2 5467/48/2
f 5469/45/2 5472/73/2 5470/61/2 5471/48/2
f 5473/71/2 5476/51/2 5474/50/2 5475/68/2
f 5477/47/2 5480/45/2 5478/48/2 5479/46/2
f 5481/49/2 5484/70/2 5482/62/2 5483/52/2
f 5485/70/2 5488/72/2 5486/65/2 5487/62/2
f 5489/45/2 5492/73/2 5490/61/2 5491/48/2
f 5493/47/2 5496/45/2 5494/48/2 5495/46/2
f 5497/49/2 5500/70/2 5498/62/2 5499/52/2
f 5501/49/2 5504/70/2 5502/62/2 5503/52/2
f 5505/45/2 5508/73/2 5506/61/2 5507/48/2
f 5509/70/2 5512/72/2 5510/65/2 5511/62/2
f 5513/49/2 5516/70/2 5514/62/2 5515/52/2
f 5517/51/2 5520/49/2 5518/52/2 5519/50/2
f 5521/50/2 5524/52/2 5522/66/2 5523/67/2
f 5525/46/2 5528/48/2 5526/60/2 5527/77/2
f 5529/55/2 5532/58/2 5530/56/2 5531/57/2
f 5533/55/2 5536/58/2 5534/56/2 5535/57/2
f 5537/48/2 5540/61/2 5538/59/2 5539/60/2
f 5541/48/2 5544/61/2 5542/59/2 5543/60/2
f 5545/46/2 5548/48/2 5546/60/2 5547/77/2
f 5549/68/2 5552/50/2 5550/67/2 5551/69/2
f 5553/46/2 5556/48/2 5554/60/2 5555/77/2
f 5557/48/2 5560/61/2 5558/59/2 5559/60/2
f 5561/46/2 5564/48/2 5562/60/2 5563/77/2
f 5565/55/2 5568/58/2 5566/56/2 5567/57/2
f 5569/52/2 5572/62/2 5570/64/2 5571/66/2
f 5573/62/2 5576/65/2 5574/63/2 5575/64/2
f 5577/46/2 5580/48/2 5578/60/2 5579/77/2
f 5581/35/1 5584/36/1 5582/53/1 5583/54/1
f 5585/35/1 5588/36/1 5586/53/1 5587/54/1
f 5589/35/1 5592/36/1 5590/53/1 5591/54/1
f 5593/35/1 5596/36/1 5594/53/1 5595/54/1
f 5597/35/1 5600/36/1 5598/53/1 5599/54/1
f 5601/35/1 5604/36/1 5602/53/1 5603/54/1
f 5605/35/1 5608/36/1 5606/53/1 5607/54/1
f 5609/35/1 5612/36/1 5610/53/1 5611/54/1
f 5613/35/1 5616/36/1 5614/53/1 5615/54/1
f 5617/35/1 5620/36/1 5618/53/1 5619/54/1
f 5621/35/1 5624/36/1 5622/53/1 5623/54/1
f 5625/35/1 5628/36/1 5626/53/1 5627/54/1
f 5629/35/1 5632/36/1 5630/53/1 5631/54/1
f 5633/35/1 5636/36/1 5634/53/1 5635/54/1
f 5637/35/1 5640/36/1 5638/53/1 5639/54/1
f 5641/35/1 5644/36/1 5642/53/1 5643/54/1
f 5645/35/22 5648/36/1 5646/53/22 5647/54/22
f 5649/35/1 5652/36/1 5650/53/1 5651/54/1
f 5653/35/1 5656/36/1 5654/53/1 5655/54/1
f 5657/35/1 5660/36/1 5658/53/1 5659/54/1
f 5661/35/1 5664/36/1 5662/53/1 5663/54/1
f 5665/35/1 5668/36/1 5666/53/1 5667/54/1
f 5669/35/1 5672/36/1 5670/53/1 5671/54/1
f 5673/35/1 5676/36/1 5674/53/1 5675/54/1
f 5677/35/1 5680/36/1 5678/53/1 5679/54/1
usemtl 1
f 5681/76/1 5684/74/30 5682/7/1 5683/75/1
f 5685/75/31 5688/76/31 5686/74/31 5687/7/31
f 5689/76/32 5692/74/32 5690/7/32 5691/75/32
f 5693/76/32 5696/74/31 5694/7/32 5695/75/32
f 5697/76/32 5700/74/32 5698/7/32 5699/75/32
f 5701/76/32 5704/74/32 5702/7/32 5703/75/32
f 5705/74/25 5708/7/25 5706/75/25 5707/76/25
f 5709/7/25 5712/75/26 5710/76/25 5711/74/25
f 5713/7/33 5716/75/1 5714/76/33 5715/74/33
f 5717/7/1 5720/75/33 5718/76/1 5719/74/1
f 5721/75/31 5724/76/31 5722/74/31 5723/7/31
f 5725/7/26 5728/75/26 5726/76/26 5727/74/26
f 5729/75/31 5732/76/31 5730/74/31 5731/7/31
f 5733/75/31 5736/76/32 5734/74/31 5735/7/31
f 5737/7/26 5740/75/26 5738/76/26 5739/74/26
f 5741/76/32 5744/74/32 5742/7/32 5743/75/32
f 5745/7/26 5748/75/26 5746/76/26 5747/74/26
f 5749/7/26 5752/75/26 5750/76/26 5751/74/26
f 5753/75/32 5756/76/31 5754/74/32 5755/7/32
f 5757/7/1 5760/75/33 5758/86/1 5759/43/1
f 5761/7/32 5764/75/32 5762/86/32 5763/43/32
f 5765/7/32 5768/75/32 5766/86/32 5767/43/32
f 5769/7/26 5772/75/26 5770/76/26 5771/74/26
f 5773/75/34 5776/76/34 5774/74/34 5775/7/34
f 5777/75/22 5780/76/1 5778/74/22 5779/7/22
f 5781/7/1 5784/75/30 5782/86/1 5783/43/1
f 5785/76/35 5788/74/35 5786/7/35 5787/75/35
f 5789/76/35 5792/74/35 5790/7/35 5791/75/35
f 5793/7/26 5796/75/26 5794/76/26 5795/74/26
f 5797/76/35 5800/74/35 5798/7/35 5799/75/35
f 5801/7/26 5804/75/26 5802/76/26 5803/74/26
f 5805/76/34 5808/74/35 5806/7/34 5807/75/34
f 5809/7/33 5812/75/1 5810/76/33 5811/74/33
f 5813/7/26 5816/75/26 5814/76/26 5815/74/26
f 5817/75/1 5820/76/22 5818/74/1 5819/7/1
f 5821/7/32 5824/75/31 5822/86/32 5823/43/32
f 5825/7/33 5828/75/1 5826/86/33 5827/43/33
f 5829/7/33 5832/75/1 5830/76/33 5831/74/33
f 5833/7/15 5836/75/15 5834/76/15 5835/74/15
f 5837/74/25 5840/7/25 5838/75/25 5839/76/25
f 5841/7/15 5844/75/15 5842/76/15 5843/74/15
f 5845/75/34 5848/76/34 5846/74/34 5847/7/34
f 5849/75/1 5852/76/22 5850/74/1 5851/7/1
f 5853/75/34 5856/76/34 5854/74/34 5855/7/34
f 5857/75/34 5860/76/34 5858/74/34 5859/7/34
f 5861/75/34 5864/76/34 5862/74/34 5863/7/34
f 5865/7/15 5868/75/15 5866/76/15 5867/74/15
f 5869/75/22 5872/76/1 5870/74/22 5871/7/22
f 5873/7/1 5876/75/22 5874/76/1 5875/74/1
f 5877/7/32 5880/75/32 5878/86/32 5879/43/32
f 5881/76/1 5884/74/14 5882/7/1 5883/75/1
f 5885/76/36 5888/74/36 5886/7/36 5887/75/36
f 5889/76/14 5892/74/1 5890/7/14 5891/75/14
f 5893/7/15 5896/75/15 5894/76/15 5895/74/15
f 5897/7/32 5900/75/32 5898/86/32 5899/43/32
f 5901/76/35 5904/74/35 5902/7/35 5903/75/35
f 5905/7/15 5908/75/15 5906/76/15 5907/74/15
f 5909/7/32 5912/75/32 5910/86/32 5911/43/32
f 5913/76/35 5916/74/35 5914/7/35 5915/75/35
f 5917/7/15 5920/75/15 5918/76/15 5919/74/15
f 5921/7/32 5924/75/32 5922/86/32 5923/43/32
f 5925/76/35 5928/74/35 5926/7/35 5927/75/35
f 5929/7/15 5932/75/15 5930/76/15 5931/74/15
f 5933/7/26 5936/75/25 5934/76/26 5935/74/26
f 5937/76/35 5940/74/35 5938/7/35 5939/75/35
f 5941/74/25 5944/7/25 5942/75/25 5943/76/25
f 5945/7/25 5948/75/26 5946/76/25 5947/74/25
f 5949/76/35 5952/74/35 5950/7/35 5951/75/35
f 5953/74/25 5956/7/25 5954/75/25 5955/76/25
f 5957/7/15 5960/75/15 5958/76/15 5959/74/15
f 5961/74/10 5964/7/10 5962/75/10 5963/76/10
f 5965/76/35 5968/74/35 5966/7/35 5967/75/35
f 5969/74/25 5972/7/25 5970/75/25 5971/76/25
f 5973/7/15 5976/75/15 5974/76/15 5975/74/15
f 5977/76/35 5980/74/35 5978/7/35 5979/75/35
f 5981/74/1 5984/7/14 5982/75/1 5983/76/1
f 5985/74/10 5988/7/10 5986/75/10 5987/76/10
usemtl Gemini_Generated_Image_2qm3mg2qm3mg2qm3
f 5989/68/9 5992/71/9 5990/51/9 5991/50/9
f 5993/68/9 5996/71/9 5994/51/9 5995/50/9
f 5997/71/7 6000/51/7 5998/50/7 5999/68/7
f 6001/8/1 6004/12/1 6002/11/1 6003/6/1
f 6005/27/1 6008/21/1 6006/23/1 6007/28/1
f 6009/62/4 6012/52/6 6010/49/4 6011/70/4
f 6013/29/1 6016/31/1 6014/27/1 6015/30/1
f 6017/29/1 6020/31/1 6018/27/1 6019/30/1
f 6021/87/1 6024/90/1 6022/88/1 6023/89/1
f 6025/87/28 6028/90/28 6026/88/28 6027/89/28
f 6029/87/29 6032/90/29 6030/88/29 6031/89/29
f 6033/87/2 6036/90/2 6034/88/2 6035/89/2
f 6037/87/27 6040/90/27 6038/88/27 6039/89/27
f 6041/70/28 6044/62/28 6042/52/28 6043/49/28
f 6045/70/29 6048/62/29 6046/52/29 6047/49/29
f 6049/70/2 6052/62/2 6050/52/2 6051/49/2
f 6053/70/27 6056/62/27 6054/52/27 6055/49/27
f 6057/45/28 6060/48/28 6058/46/28 6059/47/28
f 6061/45/29 6064/48/29 6062/46/29 6063/47/29
f 6065/45/2 6068/48/2 6066/46/2 6067/47/2
f 6069/45/27 6072/48/27 6070/46/27 6071/47/27
f 6073/51/28 6076/50/28 6074/68/28 6075/71/28
f 6077/51/29 6080/50/29 6078/68/29 6079/71/29
f 6081/51/2 6084/50/2 6082/68/2 6083/71/2
f 6085/51/27 6088/50/27 6086/68/27 6087/71/27
f 6089/45/28 6092/48/28 6090/46/28 6091/47/28
f 6093/45/29 6096/48/29 6094/46/29 6095/47/29
f 6097/45/2 6100/48/2 6098/46/2 6099/47/2
f 6101/45/27 6104/48/27 6102/46/27 6103/47/27
f 6105/51/28 6108/50/28 6106/68/28 6107/71/28
f 6109/51/29 6112/50/29 6110/68/29 6111/71/29
f 6113/51/2 6116/50/2 6114/68/2 6115/71/2
f 6117/51/27 6120/50/27 6118/68/27 6119/71/27
f 6121/70/28 6124/62/28 6122/52/28 6123/49/28
f 6125/70/29 6128/62/29 6126/52/29 6127/49/29
f 6129/70/2 6132/62/2 6130/52/2 6131/49/2
f 6133/70/27 6136/62/27 6134/52/27 6135/49/27
f 6137/49/28 6140/52/28 6138/50/28 6139/51/28
f 6141/49/29 6144/52/29 6142/50/29 6143/51/29
f 6145/49/2 6148/52/2 6146/50/2 6147/51/2
f 6149/49/27 6152/52/27 6150/50/27 6151/51/27
f 6153/49/28 6156/52/28 6154/50/28 6155/51/28
f 6157/49/29 6160/52/29 6158/50/29 6159/51/29
f 6161/49/2 6164/52/2 6162/50/2 6163/51/2
f 6165/49/27 6168/52/27 6166/50/27 6167/51/27
f 6169/45/28 6172/48/28 6170/46/28 6171/47/28
f 6173/45/29 6176/48/29 6174/46/29 6175/47/29
f 6177/45/2 6180/48/2 6178/46/2 6179/47/2
f 6181/45/27 6184/48/27 6182/46/27 6183/47/27
f 6185/51/28 6188/50/28 6186/68/28 6187/71/28
f 6189/51/29 6192/50/29 6190/68/29 6191/71/29
f 6193/51/2 6196/50/2 6194/68/2 6195/71/2
f 6197/51/27 6200/50/27 6198/68/27 6199/71/27
f 6201/70/28 6204/62/28 6202/52/28 6203/49/28
f 6205/70/29 6208/62/29 6206/52/29 6207/49/29
f 6209/70/2 6212/62/2 6210/52/2 6211/49/2
f 6213/70/27 6216/62/27 6214/52/27 6215/49/27
f 6217/72/28 6220/65/28 6218/62/28 6219/70/28
f 6221/72/29 6224/65/29 6222/62/29 6223/70/29
f 6225/72/2 6228/65/2 6226/62/2 6227/70/2
f 6229/72/27 6232/65/27 6230/62/27 6231/70/27
f 6233/51/28 6236/50/28 6234/68/28 6235/71/28
f 6237/51/29 6240/50/29 6238/68/29 6239/71/29
f 6241/51/2 6244/50/2 6242/68/2 6243/71/2
f 6245/51/27 6248/50/27 6246/68/27 6247/71/27
f 6249/49/28 6252/52/28 6250/50/28 6251/51/28
f 6253/49/29 6256/52/29 6254/50/29 6255/51/29
f 6257/49/2 6260/52/2 6258/50/2 6259/51/2
f 6261/10/1 6264/9/1 6262/8/1 6263/5/1
